timestamp_utc,monotonic_s,boost_enabled,load1,load5,load15,cpu_tctl_millic,max_temp_millic,above_scaling_max_count,max_observed_khz,cpu0_khz,cpu1_khz,cpu2_khz,cpu3_khz,cpu4_khz,cpu5_khz,cpu6_khz,cpu7_khz,cpu8_khz,cpu9_khz,cpu10_khz,cpu11_khz
2026-07-19T13:39:48.849967+00:00,2810172.789672,1,0.166016,0.709473,1.010742,44250,49850,4,5015689,2006119,2006230,2006196,2006245,5015689,5015615,2006576,2005567,2005542,2006024,5014670,5015668
2026-07-19T13:39:49.853202+00:00,2810173.792915,1,0.166016,0.709473,1.010742,60125,60000,1,5015680,2004313,2006122,2006125,2006108,5015680,2004875,2005317,2005592,2006272,1600000,1600000,2003133
2026-07-19T13:39:50.850408+00:00,2810174.790120,1,0.166016,0.709473,1.010742,65500,65500,2,5015678,1600000,3456326,2278579,3090419,5015678,2864172,2005244,2866240,4946199,3592580,1600000,2865605
2026-07-19T13:39:51.852688+00:00,2810175.792399,1,0.166016,0.709473,1.010742,67125,67125,3,5015678,2005067,2004250,2864458,2000947,5015678,1600000,2002119,1600000,2864387,2006086,5014413,4576592
2026-07-19T13:39:52.860407+00:00,2810176.800118,1,0.473145,0.764160,1.026855,66875,66875,2,5026707,2006124,2006342,2005087,2005331,5015680,2005542,1600000,2006816,2004713,2003203,5026707,2006272
2026-07-19T13:39:53.868899+00:00,2810177.808614,1,0.473145,0.764160,1.026855,66750,66750,2,5023151,2005329,2006098,2006111,2006043,5015671,1600000,2005616,2005255,2005654,1600000,5023151,2004233
2026-07-19T13:39:54.850349+00:00,2810178.790060,1,0.473145,0.764160,1.026855,70875,70875,6,4943419,1975602,4940786,4940777,4940780,4940774,1976039,1600000,1600000,1600000,4943419,4939547,1981139
2026-07-19T13:39:55.853301+00:00,2810179.793014,1,0.473145,0.764160,1.026855,74250,74250,6,4916561,1600000,4905445,4905440,4905434,4905339,1600000,1600000,4916561,4829208,1600000,1600000,1600000
2026-07-19T13:39:56.853058+00:00,2810180.792770,1,0.473145,0.764160,1.026855,75625,75625,6,4939082,1968610,4920891,4920908,4920912,4920888,1600000,1600000,1600000,4925496,4939082,1600000,1600000
2026-07-19T13:39:57.852983+00:00,2810181.792694,1,0.755859,0.818359,1.042969,76500,76500,7,4944440,1975266,4923035,4923041,4923042,4923047,1974232,1600000,1600000,4941160,4944440,4918472,1600000
2026-07-19T13:39:58.853346+00:00,2810182.793058,1,0.755859,0.818359,1.042969,76750,76750,6,4937218,1600000,4915823,4915817,4915819,4915833,1600000,1600000,1600000,4936344,1600000,4937218,1600000
2026-07-19T13:39:59.853049+00:00,2810183.792760,1,0.755859,0.818359,1.042969,77125,77125,6,4941021,1967678,4931340,4931340,4931313,4931353,1600000,1600000,1600000,4941021,1600000,4937319,1972170
2026-07-19T13:40:00.852893+00:00,2810184.792603,1,0.755859,0.818359,1.042969,78375,78375,6,4892755,2174761,4890905,4890905,4890892,4890910,2792908,2200000,1600000,4892221,4892755,1600000,2794432
2026-07-19T13:40:01.850254+00:00,2810185.789965,1,0.755859,0.818359,1.042969,78250,78250,5,4921872,1965683,4915860,4915873,4915858,4915877,1600000,1600000,1600000,1600000,1600000,4921872,1965993
2026-07-19T13:40:02.852990+00:00,2810186.792703,1,1.016113,0.871582,1.059082,78375,78375,7,4928751,1974467,4915873,4915868,4915862,4915862,1600000,1600000,4921639,4914424,4928751,1600000,1600000
2026-07-19T13:40:03.852969+00:00,2810187.792683,1,1.016113,0.871582,1.059082,78375,78375,6,4915863,1600000,4915852,4915863,4915849,4915857,1600000,1600000,1600000,4914676,4915683,1600000,1965551
2026-07-19T13:40:04.850342+00:00,2810188.790053,1,1.016113,0.871582,1.059082,78375,78375,6,4928132,2184480,4928049,4928051,4928132,4928051,1600000,2200000,1600000,4919765,4917695,1600000,1600000
2026-07-19T13:40:05.853046+00:00,2810189.792759,1,1.016113,0.871582,1.059082,78875,78875,7,4890196,2161820,4874525,4874512,4874498,4874521,2174402,2164489,4890196,4882108,1600000,4885536,2223126
2026-07-19T13:40:06.853116+00:00,2810190.792827,1,1.016113,0.871582,1.059082,79000,79000,6,4915635,1965119,4898204,4898220,4898218,4898205,1600000,1600000,1600000,4910347,4915635,1600000,1963101
2026-07-19T13:40:07.853696+00:00,2810191.793407,1,1.255371,0.923828,1.075195,79125,79125,5,4915798,1963821,4915794,4915797,4915798,4915784,1600000,1600000,1600000,4886246,1600000,1600000,1964908
2026-07-19T13:40:08.853279+00:00,2810192.792990,1,1.255371,0.923828,1.075195,79250,79250,5,4915859,1966108,4915859,4915847,4915847,4915857,1964939,1600000,1600000,4915485,1600000,1600000,1956974
2026-07-19T13:40:09.852889+00:00,2810193.792600,1,1.255371,0.923828,1.075195,79375,79375,7,4890910,4140460,4890909,4890909,4890910,4890905,1600000,4510341,1600000,1600000,4888124,4890903,1955837
2026-07-19T13:40:10.851479+00:00,2810194.791194,1,1.255371,0.923828,1.075195,79875,79875,6,4895407,1600000,4895405,4895397,4895407,4895401,1600000,1600000,4889828,1600000,4888455,1600000,1600000
2026-07-19T13:40:11.853148+00:00,2810195.792859,1,1.255371,0.923828,1.075195,79875,79875,5,4907995,1600000,4898235,4898222,4898223,4898231,1965503,1600000,1600000,4907995,1600000,2200000,1600000
2026-07-19T13:40:12.850384+00:00,2810196.790096,1,1.475586,0.975098,1.091309,79875,79875,6,4910338,1956189,4888233,4888249,4888250,4888247,1954964,1600000,1600000,4910338,1600000,4897951,1600000
2026-07-19T13:40:13.853011+00:00,2810197.792723,1,1.475586,0.975098,1.091309,80000,80000,6,4903223,2179668,4903182,4903197,4903210,4903223,1955899,2200000,1600000,4896357,4889007,1600000,1930743
2026-07-19T13:40:14.853239+00:00,2810198.792955,1,1.475586,0.975098,1.091309,80125,80125,6,4889895,1954685,4885444,4885451,4885455,4885387,1600000,1600000,1600000,4889895,4868680,1600000,1600000
2026-07-19T13:40:15.850450+00:00,2810199.790163,1,1.475586,0.975098,1.091309,80625,80625,6,4911067,1962844,4870661,4870537,4870542,4870654,1600000,1600000,1600000,4911067,4908427,1600000,1600000
2026-07-19T13:40:16.853064+00:00,2810200.792776,1,1.475586,0.975098,1.091309,80625,80625,4,4872960,1955358,4872951,4872951,4872956,4872960,1945393,1600000,1600000,1600000,1600000,1600000,1955618
2026-07-19T13:40:17.853576+00:00,2810201.793292,1,1.758301,1.041992,1.112305,81000,81000,5,4868044,1956625,4863131,4868042,4863103,4868044,2081692,1600000,1600000,4865200,1600000,1600000,2172090
2026-07-19T13:40:18.853016+00:00,2810202.792728,1,1.758301,1.041992,1.112305,81000,81000,5,4883012,1600000,4883012,4882991,4883000,4883005,1952074,1600000,1600000,4863203,1600000,1600000,1950396
2026-07-19T13:40:19.853104+00:00,2810203.792816,1,1.758301,1.041992,1.112305,81000,81000,6,4890559,1862727,4865822,4865828,4865810,4865739,1600000,1600000,1600000,4890559,4866931,1600000,1948852
2026-07-19T13:40:20.852594+00:00,2810204.792304,1,1.758301,1.041992,1.112305,81625,81625,8,4840973,1600000,4840972,4840969,4840973,4840972,4840968,1600000,4838684,4837611,1600000,4840180,4350000
2026-07-19T13:40:21.853082+00:00,2810205.792794,1,1.758301,1.041992,1.112305,81750,81750,7,4890107,1600000,4865359,4865375,4865372,4865356,1600000,1600000,4865325,4880431,1600000,4890107,1946418
2026-07-19T13:40:22.852959+00:00,2810206.792670,1,1.937988,1.091309,1.127930,81625,81625,7,4910419,1946234,4867750,4867751,4867774,4867752,1946766,1600000,4888461,4884898,4910419,1600000,1951259
2026-07-19T13:40:23.853750+00:00,2810207.793466,1,1.937988,1.091309,1.127930,81625,81625,8,4892999,2160235,4863604,4863609,4863601,4863596,1953560,2161288,4882965,4892999,4864209,4878394,1946009
2026-07-19T13:40:24.852996+00:00,2810208.792709,1,1.937988,1.091309,1.127930,81625,81625,8,4871449,2150828,4863331,4863331,4863331,4863333,1600000,1952827,4871449,4864669,4863771,4866211,1943551
2026-07-19T13:40:25.853150+00:00,2810209.792862,1,1.937988,1.091309,1.127930,81750,81750,8,4873400,1947909,4871839,4871849,4871844,4871840,2165797,1951101,4867347,4864537,4873400,4865834,1600000
2026-07-19T13:40:26.853434+00:00,2810210.793145,1,1.937988,1.091309,1.127930,81875,81875,8,4881605,2160894,4863275,4863260,4863262,4863282,2779166,2159704,4863690,4871819,4881605,4867467,2616825
2026-07-19T13:40:27.853052+00:00,2810211.792763,1,2.103516,1.139648,1.143555,82000,82000,7,4876725,1600000,4864640,4864647,4864649,4864643,1945403,1997863,1600000,4876725,4864445,4864320,1951401
2026-07-19T13:40:28.853101+00:00,2810212.792812,1,2.103516,1.139648,1.143555,82250,82250,7,4876995,1945680,4867108,4867115,4867117,4867117,1945624,1600000,1600000,4876995,4866422,4870001,1945926
2026-07-19T13:40:29.852912+00:00,2810213.792623,1,2.103516,1.139648,1.143555,82375,82375,7,4887561,4091189,4862238,4862243,4862235,4862239,1947522,2341405,1600000,4887561,4877018,4862503,1600000
2026-07-19T13:40:30.849846+00:00,2810214.789557,1,2.103516,1.139648,1.143555,82500,82500,8,4887225,2117765,4863330,4863335,4863326,4863345,2129692,1951692,4866166,4876260,4866470,4887225,1933943
2026-07-19T13:40:31.852722+00:00,2810215.792433,1,2.103516,1.139648,1.143555,82500,82500,6,4876568,1952839,4876557,4876565,4876568,4876566,1600000,1946375,1600000,4858534,1600000,4865071,2159506
2026-07-19T13:40:32.853551+00:00,2810216.793263,1,2.255859,1.187500,1.159180,82625,82625,8,4888487,1951032,4877571,4877581,4877584,4877563,1949498,1955826,4866267,4868323,4888487,4865153,1950428
2026-07-19T13:40:33.853128+00:00,2810217.792840,1,2.255859,1.187500,1.159180,82750,82750,6,4865965,1600000,4865965,4865958,4865964,4865959,1945223,1946142,1600000,4863477,4864725,1600000,1945837
2026-07-19T13:40:34.852733+00:00,2810218.792444,1,2.255859,1.187500,1.159180,83000,83000,10,4841440,2149422,4840947,4840953,4840936,4840954,4837808,3835470,4841440,4837807,4836998,4840316,4840717
2026-07-19T13:40:35.850490+00:00,2810219.790203,1,2.255859,1.187500,1.159180,83250,83250,7,4866946,2160471,4848441,4848436,4848424,4848437,1600000,2200000,4866946,4865367,1600000,4864876,1600000
2026-07-19T13:40:36.853180+00:00,2810220.792892,1,2.255859,1.187500,1.159180,83250,83250,7,4867439,1946130,4865961,4865959,4865968,4865955,1600000,1944659,4867439,4865597,4866433,1600000,1600000
2026-07-19T13:40:37.853178+00:00,2810221.792893,1,2.395996,1.234375,1.174805,83375,83375,7,4865941,1945684,4865929,4865930,4865938,4865941,1600000,1600000,4864285,4863676,2200000,4863825,1945552
2026-07-19T13:40:38.852962+00:00,2810222.792674,1,2.395996,1.234375,1.174805,83500,83500,6,4865945,1945516,4865943,4865945,4865941,4865934,1944907,1600000,1600000,4864185,2200000,4860471,1600000
2026-07-19T13:40:39.853233+00:00,2810223.792945,1,2.395996,1.234375,1.174805,83625,83625,6,4865346,1945447,4846738,4843363,4843368,4843371,1600000,1600000,1600000,3440686,4865208,4865346,1600000
2026-07-19T13:40:40.850461+00:00,2810224.790178,1,2.395996,1.234375,1.174805,83625,83625,7,4865970,2781170,4865956,4865951,4865951,4865970,1600000,2627182,4857570,4860034,4865616,1600000,2026019
2026-07-19T13:40:41.852933+00:00,2810225.792645,1,2.395996,1.234375,1.174805,83625,83625,6,4865864,1945262,4865854,4865779,4865864,4865862,1600000,1943590,1600000,4864218,4865262,1600000,1945699
2026-07-19T13:40:42.851245+00:00,2810226.790961,1,2.524902,1.280762,1.190430,83750,83750,7,4865698,1600000,4848411,4848418,4848408,4848435,1600000,1600000,4862744,4865698,4865692,1600000,1600000
2026-07-19T13:40:43.852253+00:00,2810227.791965,1,2.524902,1.280762,1.190430,83875,83875,7,4866132,1943960,4865975,4865971,4865954,4865957,1945878,2121254,1600000,4862178,4866132,4857585,1600000
2026-07-19T13:40:44.850116+00:00,2810228.789827,1,2.524902,1.280762,1.190430,84625,84625,9,4841006,2124044,4841006,4841003,4841006,4841005,4208316,2105602,4837674,4835758,4837688,4840994,4613908
2026-07-19T13:40:45.849692+00:00,2810229.789401,1,2.524902,1.280762,1.190430,85125,85125,9,4840959,2150060,4840955,4840959,4840953,4840952,4840010,2150902,4840674,4839727,4834188,4350000,4840953
2026-07-19T13:40:46.850547+00:00,2810230.790258,1,2.524902,1.280762,1.190430,85125,85125,8,4841768,1927113,4838417,4838422,4838426,4838406,1600000,1935624,4841768,4832955,4840881,4840108,2150719
2026-07-19T13:40:47.852935+00:00,2810231.792647,1,2.883301,1.375977,1.221680,85125,85125,6,4865897,1600000,4865875,4865882,4865890,4865897,1600000,1600000,4863626,4865227,1600000,1600000,1944853
2026-07-19T13:40:48.851010+00:00,2810232.790721,1,2.883301,1.375977,1.221680,85250,85250,5,4865913,1945201,4865913,4865906,4865900,4865891,1945280,1600000,1600000,4350000,4865189,1600000,1945762
2026-07-19T13:40:49.849817+00:00,2810233.789529,1,2.883301,1.375977,1.221680,85500,85500,8,4841313,4138524,4841003,4841001,4841017,4840995,2151871,4346815,4838529,4840050,4831882,4841313,2233875
2026-07-19T13:40:50.850871+00:00,2810234.790582,1,2.883301,1.375977,1.221680,85500,85500,6,4867271,1940788,4865964,4865967,4865965,4865950,1600000,1600000,4864478,4867271,1600000,1600000,2017223
2026-07-19T13:40:51.853459+00:00,2810235.793171,1,2.883301,1.375977,1.221680,85250,85250,5,4845651,1940218,4845637,4845651,4845641,4845646,1600000,1600000,1600000,4842763,1600000,1600000,1935577
2026-07-19T13:40:52.853074+00:00,2810236.792787,1,3.053223,1.436523,1.242188,85125,85125,5,4865964,1942926,4865963,4865964,4865956,4865953,1600000,1600000,1600000,4841152,1600000,1600000,1600000
2026-07-19T13:40:53.853262+00:00,2810237.792974,1,3.053223,1.436523,1.242188,85000,85000,6,4863239,2160802,4849573,4849570,4849563,4849623,1944204,2200000,4863239,4848043,1600000,1600000,1600000
2026-07-19T13:40:54.853494+00:00,2810238.793206,1,3.053223,1.436523,1.242188,84875,84875,5,4865965,1940754,4865965,4865951,4865946,4865959,1600000,1600000,1600000,4865575,1600000,1600000,1600000
2026-07-19T13:40:55.853125+00:00,2810239.792838,1,3.053223,1.436523,1.242188,84875,84875,6,4864621,1939961,4850323,4850324,4850325,4850331,1600000,1600000,4850474,1600000,4864621,1600000,1600000
2026-07-19T13:40:56.850753+00:00,2810240.790465,1,3.053223,1.436523,1.242188,85500,85500,6,4865954,1945991,4865945,4865935,4865946,4865954,1943403,1600000,1600000,4865799,4854945,1600000,1946075
2026-07-19T13:40:57.853587+00:00,2810241.793298,1,3.129395,1.479492,1.257324,85375,85375,5,4862421,1943955,4845226,4845165,4845222,4845212,1942202,1600000,1600000,4862421,1600000,1600000,1600000
2026-07-19T13:40:58.853173+00:00,2810242.792885,1,3.129395,1.479492,1.257324,85250,85250,4,4842827,2304061,4842821,4842750,4842814,4842827,1936068,1939683,1600000,1600000,1600000,1600000,1600000
2026-07-19T13:40:59.853090+00:00,2810243.792803,1,3.129395,1.479492,1.257324,85375,85375,5,4848950,1944690,4848950,4848940,4848946,4848941,1935776,1600000,4657642,1600000,1600000,1600000,1600000
2026-07-19T13:41:00.853579+00:00,2810244.793291,1,3.129395,1.479492,1.257324,85375,85375,5,4846388,1944007,4845466,4845507,4845496,4845509,1600000,1600000,1600000,4846388,1600000,1600000,1944542
2026-07-19T13:41:01.853172+00:00,2810245.792884,1,3.129395,1.479492,1.257324,85250,85250,6,4846313,1600000,4846302,4846313,4846290,4846304,1600000,1600000,4841728,4844675,1600000,4350000,1600000
2026-07-19T13:41:02.853262+00:00,2810246.792974,1,3.199219,1.521484,1.272461,85875,85875,5,4865958,1600000,4865953,4865946,4865938,4865958,1600000,1600000,1600000,4861984,1600000,1600000,1600000
2026-07-19T13:41:03.852967+00:00,2810247.792683,1,3.199219,1.521484,1.272461,85750,85750,5,4863929,1938643,4848456,4848386,4848399,4848347,1935931,1600000,1600000,4863929,1600000,1600000,1938774
2026-07-19T13:41:04.853261+00:00,2810248.792973,1,3.199219,1.521484,1.272461,85625,85625,4,4843695,1945403,4843694,4843641,4843695,4843643,1944821,1600000,1600000,1600000,1600000,4350000,1600000
2026-07-19T13:41:05.850493+00:00,2810249.790206,1,3.199219,1.521484,1.272461,85750,85750,6,4865914,1938415,4865903,4865908,4865914,4865904,1600000,1600000,4839356,4836880,1600000,1600000,1600000
2026-07-19T13:41:06.853882+00:00,2810250.793594,1,3.199219,1.521484,1.272461,85750,85750,4,4850824,1940891,4850807,4850820,4850824,4850820,1600000,1600000,1600000,4077841,1600000,1600000,1600000
2026-07-19T13:41:07.853291+00:00,2810251.793002,1,3.263672,1.562988,1.287598,85625,85625,6,4845883,1600000,4845632,4845614,4845653,4845620,1970307,1938117,1600000,4839178,1600000,4845883,1935879
2026-07-19T13:41:08.853086+00:00,2810252.792799,1,3.263672,1.562988,1.287598,85750,85750,5,4838392,1600000,4838118,4838087,4838102,4838122,1600000,1600000,1600000,4838392,1600000,1600000,1600000
2026-07-19T13:41:09.850546+00:00,2810253.790258,1,3.263672,1.562988,1.287598,85625,85625,5,4861369,1945487,4853839,4853796,4853804,4853805,1600000,1600000,1600000,4861369,1600000,1600000,1936027
2026-07-19T13:41:10.853364+00:00,2810254.793076,1,3.263672,1.562988,1.287598,85750,85750,5,4864213,1600000,4833411,4833407,4833412,4833412,1946034,1600000,1600000,4864213,1600000,1600000,1944737
2026-07-19T13:41:11.853038+00:00,2810255.792750,1,3.263672,1.562988,1.287598,85750,85750,6,4869400,2151375,4865929,4865930,4865919,4865927,1600000,1600000,1600000,4869400,4866035,1600000,1944971
2026-07-19T13:41:12.853102+00:00,2810256.792814,1,3.322754,1.603516,1.302246,85750,85750,6,4862628,2073457,4846576,4846551,4846559,4846560,1600000,1600000,4860798,4862628,1600000,1600000,1941480
2026-07-19T13:41:13.853564+00:00,2810257.793276,1,3.322754,1.603516,1.302246,85875,85875,7,4841005,1944683,4840987,4841005,4841002,4841000,1961367,1948764,4839115,1600000,4827082,4837960,2763121
2026-07-19T13:41:14.852974+00:00,2810258.792686,1,3.322754,1.603516,1.302246,85875,85875,6,4856802,1600000,4856799,4856773,4856802,4856790,1933111,1935185,4844275,4839465,1600000,1600000,2158577
2026-07-19T13:41:15.852929+00:00,2810259.792641,1,3.322754,1.603516,1.302246,86000,86000,6,4861444,1943906,4846869,4846410,4846879,4846860,1937286,1936061,4844975,4861444,1600000,1600000,1600000
2026-07-19T13:41:16.853628+00:00,2810260.793339,1,3.322754,1.603516,1.302246,86000,86000,5,4866286,1935572,4840972,4840882,4840890,4840895,1945463,1935144,1600000,4866286,1600000,1600000,1935350
2026-07-19T13:41:17.853018+00:00,2810261.792729,1,3.457520,1.660156,1.322266,86125,86125,8,4854432,1600000,4854413,4854432,4854425,4854422,2149906,1600000,4839529,4852246,4837379,4840031,2139387
2026-07-19T13:41:18.853286+00:00,2810262.792998,1,3.457520,1.660156,1.322266,86125,86125,6,4848339,1600000,4842204,4842188,4842187,4842187,1937282,1937160,4840888,1600000,1600000,4848339,1935409
2026-07-19T13:41:19.850518+00:00,2810263.790230,1,3.457520,1.660156,1.322266,86125,86125,7,4864716,1941200,4848296,4848290,4848288,4848297,1946023,1941227,4846704,4864716,4861591,1600000,1600000
2026-07-19T13:41:20.853070+00:00,2810264.792781,1,3.457520,1.660156,1.322266,86250,86250,7,4839740,1600000,4839523,4839517,4839522,4839565,1937028,1938013,4835420,4839740,2200000,4838497,1936759
2026-07-19T13:41:21.853143+00:00,2810265.792855,1,3.457520,1.660156,1.322266,86250,86250,6,4859483,1938679,4848368,4848347,4848353,4848368,1936438,1942836,4859483,4852508,1600000,1600000,1938190
2026-07-19T13:41:22.852878+00:00,2810266.792590,1,3.500977,1.699219,1.336914,86500,86500,6,4860289,2765104,4859233,4859211,4859196,4859201,1943586,4350000,4836036,4860289,1600000,2200000,1942539
2026-07-19T13:41:23.853108+00:00,2810267.792819,1,3.500977,1.699219,1.336914,86500,86500,6,4854965,1940929,4850088,4850079,4850089,4850052,1962477,2051354,4854965,4841516,1600000,2200000,1986116
2026-07-19T13:41:24.853002+00:00,2810268.792713,1,3.500977,1.699219,1.336914,86500,86500,6,4841292,1936563,4840998,4841000,4840996,4840998,1935312,1935156,1600000,4841082,4350000,4841292,1938913
2026-07-19T13:41:25.853577+00:00,2810269.793292,1,3.500977,1.699219,1.336914,86500,86500,7,4861289,1600000,4838204,4838215,4838216,4838211,1600000,2159251,4853146,4852530,1600000,4861289,1943142
2026-07-19T13:41:26.850760+00:00,2810270.790471,1,3.500977,1.699219,1.336914,86625,86625,6,4848448,2161080,4840943,4840958,4840948,4840931,1935883,2200000,1600000,4840166,2200000,4848448,1935395
2026-07-19T13:41:27.853171+00:00,2810271.792886,1,3.541016,1.737793,1.351562,86500,86500,5,4841006,1936211,4841001,4841006,4841000,4840991,1935668,1600000,1600000,4840322,4350000,1600000,1937140
2026-07-19T13:41:28.853061+00:00,2810272.792772,1,3.541016,1.737793,1.351562,86500,86500,7,4865764,2150869,4838106,4838116,4838117,4838122,2155609,2151098,4865764,4847539,1600000,4839159,2200000
2026-07-19T13:41:29.857264+00:00,2810273.796980,1,3.541016,1.737793,1.351562,86750,86750,6,4864211,1938500,4841006,4840997,4840989,4840997,1600000,1600000,1600000,4843323,1600000,4864211,1600000
2026-07-19T13:41:30.852996+00:00,2810274.792707,1,3.541016,1.737793,1.351562,86750,86750,7,4863366,2151092,4855797,4855789,4855802,4855799,1600000,2200000,4863366,4837988,1600000,4839554,1937928
2026-07-19T13:41:31.852981+00:00,2810275.792696,1,3.541016,1.737793,1.351562,86750,86750,6,4861871,1600000,4840997,4841006,4840985,4840989,1600000,2200000,1600000,4845122,4861871,1600000,1936713
2026-07-19T13:41:32.850155+00:00,2810276.789867,1,3.578125,1.775391,1.366211,87375,87375,7,4869190,1945554,4865953,4865956,4865941,4865942,1600000,1945621,4848095,4869190,4864812,1600000,2200000
2026-07-19T13:41:33.853246+00:00,2810277.792958,1,3.578125,1.775391,1.366211,87125,87125,8,4863513,1942206,4840991,4841010,4841004,4841009,1600000,1600000,4840594,4863513,4848279,4853645,1600000
2026-07-19T13:41:34.853749+00:00,2810278.793461,1,3.578125,1.775391,1.366211,87125,87125,5,4843322,1941270,4840993,4840996,4840988,4841001,1936210,1600000,1600000,1600000,1600000,4843322,1935857
2026-07-19T13:41:35.853302+00:00,2810279.793013,1,3.578125,1.775391,1.366211,87500,87500,7,4841011,1935802,4841011,4840998,4840996,4841003,1934355,1600000,4839588,4838355,4835794,1600000,1935812
2026-07-19T13:41:36.853017+00:00,2810280.792728,1,3.578125,1.775391,1.366211,87375,87375,6,4841031,1600000,4841001,4841027,4840991,4841013,1600000,1936199,1600000,1600000,4841031,4838352,2200000
2026-07-19T13:41:37.853109+00:00,2810281.792821,1,3.612305,1.812500,1.380371,87375,87375,6,4841144,1934946,4840945,4840958,4840949,4840937,1600000,1600000,4840248,4841144,1600000,1600000,1934914
2026-07-19T13:41:38.853327+00:00,2810282.793038,1,3.612305,1.812500,1.380371,87375,87375,5,4841900,1600000,4836524,4836518,4836524,4836524,1970456,2200000,1600000,4841900,1600000,2200000,1937106
2026-07-19T13:41:39.850605+00:00,2810283.790316,1,3.612305,1.812500,1.380371,87375,87375,7,4857078,1936333,4841009,4841011,4841004,4841006,1600000,1600000,4857078,4842280,1600000,4846040,1935783
2026-07-19T13:41:40.850503+00:00,2810284.790215,1,3.612305,1.812500,1.380371,87375,87375,5,4841012,1985925,4841012,4841011,4841008,4840998,2139580,1600000,1600000,1600000,1600000,4836453,2051939
2026-07-19T13:41:41.853419+00:00,2810285.793131,1,3.612305,1.812500,1.380371,87375,87375,5,4842400,1600000,4841016,4841004,4841015,4841015,1600000,1600000,1600000,1600000,1600000,4842400,1966401
2026-07-19T13:41:42.853336+00:00,2810286.793051,1,3.643555,1.849121,1.394531,87375,87375,5,4841021,1600000,4841008,4840999,4841021,4840996,1964278,1600000,1600000,2200000,1600000,4835752,2150916
2026-07-19T13:41:43.852908+00:00,2810287.792619,1,3.643555,1.849121,1.394531,87375,87375,5,4841015,1935230,4840998,4841006,4841002,4841015,2150297,1600000,4839234,1600000,2200000,1600000,1959406
2026-07-19T13:41:44.853470+00:00,2810288.793181,1,3.643555,1.849121,1.394531,87375,87375,7,4841027,1600000,4840998,4840993,4840997,4841027,1954641,1600000,4840270,4840732,1600000,4840713,1935927
2026-07-19T13:41:45.853052+00:00,2810289.792764,1,3.643555,1.849121,1.394531,87500,87500,6,4842779,1935654,4840999,4840995,4840999,4840997,2150411,1600000,4842779,4840398,1600000,2200000,1600000
2026-07-19T13:41:46.853105+00:00,2810290.792816,1,3.643555,1.849121,1.394531,87500,87500,6,4841002,2154056,4840995,4841002,4840997,4840998,1936313,2200000,1600000,4839607,1600000,4838243,2002545
2026-07-19T13:41:47.853510+00:00,2810291.793222,1,3.672363,1.885254,1.408691,87625,87625,7,4842476,1941552,4840947,4840950,4840949,4840958,1936412,1935344,4842476,4841678,4839114,1600000,1600000
2026-07-19T13:41:48.853135+00:00,2810292.792846,1,3.672363,1.885254,1.408691,87500,87500,7,4841013,1936135,4841010,4841009,4841013,4841013,1935588,1600000,4836535,1600000,4840722,4840453,1982667
2026-07-19T13:41:49.852814+00:00,2810293.792525,1,3.672363,1.885254,1.408691,87500,87500,7,4849282,1936688,4849219,4849216,4849230,4849282,2156477,1600000,4840673,4837682,4840637,1600000,2104235
2026-07-19T13:41:50.853558+00:00,2810294.793269,1,3.672363,1.885254,1.408691,87500,87500,5,4841018,2150926,4841007,4841004,4841007,4841018,1935401,1600000,1600000,4838787,4350000,1600000,1935315
2026-07-19T13:41:51.853174+00:00,2810295.792886,1,3.672363,1.885254,1.408691,87500,87500,6,4847376,1935676,4840995,4841014,4841007,4841008,2079117,1600000,4847376,4844221,1600000,1600000,1939885
2026-07-19T13:41:52.852886+00:00,2810296.792599,1,3.698730,1.920410,1.422852,87625,87625,6,4841011,1935181,4841001,4841007,4840994,4841011,1600000,1600000,4837963,4839638,1600000,1600000,1935921
2026-07-19T13:41:53.852978+00:00,2810297.792690,1,3.698730,1.920410,1.422852,87625,87625,5,4841014,1935566,4841014,4841009,4841014,4841002,1600000,1600000,4839992,1600000,4350000,1600000,1600000
2026-07-19T13:41:54.853516+00:00,2810298.793233,1,3.698730,1.920410,1.422852,87625,87625,4,4841011,1935809,4841006,4841011,4840992,4840983,1935101,1935462,1600000,1600000,1600000,1600000,1600000
2026-07-19T13:41:55.853000+00:00,2810299.792713,1,3.698730,1.920410,1.422852,87750,87750,6,4841010,1935472,4841003,4841010,4841001,4841001,1600000,1600000,4840298,4839033,1600000,1600000,1934721
2026-07-19T13:41:56.850623+00:00,2810300.790335,1,3.698730,1.920410,1.422852,87750,87750,7,4840990,2077538,4840918,4840932,4840917,4840936,1600000,1964296,4839457,4840504,4840990,1600000,1600000
2026-07-19T13:41:57.853392+00:00,2810301.793103,1,3.723145,1.955078,1.437012,87625,87625,6,4843148,1934676,4840933,4840929,4840940,4840932,1600000,1600000,4843148,4839718,1600000,1600000,2200000
2026-07-19T13:41:58.853040+00:00,2810302.792752,1,3.723145,1.955078,1.437012,87750,87750,7,4840968,1935684,4840957,4840953,4840968,4840963,1600000,1600000,4837821,4838269,1600000,4830384,2200000
2026-07-19T13:41:59.852958+00:00,2810303.792673,1,3.723145,1.955078,1.437012,87750,87750,6,4841007,1935933,4840999,4841004,4841007,4840990,1600000,1600000,1600000,4840803,4818692,1600000,1933773
2026-07-19T13:42:00.850209+00:00,2810304.789922,1,3.723145,1.955078,1.437012,87875,87875,6,4841005,1935466,4840988,4840990,4841005,4841000,1935853,1935466,1600000,4833899,1600000,4839488,1935857
2026-07-19T13:42:01.852973+00:00,2810305.792685,1,3.723145,1.955078,1.437012,88000,88000,7,4841012,1600000,4841011,4841012,4841007,4840999,1600000,1934268,4840889,4837698,1600000,4839378,1935898
2026-07-19T13:42:02.853109+00:00,2810306.792822,1,3.745605,1.989258,1.451172,88000,88000,7,4841089,1600000,4840968,4840971,4840970,4840979,1935951,1600000,4839715,4841089,1600000,4840573,1935889
2026-07-19T13:42:03.853360+00:00,2810307.793071,1,3.745605,1.989258,1.451172,88125,88125,7,4840976,1600000,4840964,4840968,4840976,4840967,2151132,1600000,4840171,4835646,1600000,4835306,2200000
2026-07-19T13:42:04.850554+00:00,2810308.790266,1,3.745605,1.989258,1.451172,88125,88125,6,4841015,1935905,4841009,4841009,4841013,4841015,1600000,1935841,4837876,4840996,1600000,1600000,1935835
2026-07-19T13:42:05.853072+00:00,2810309.792784,1,3.745605,1.989258,1.451172,88625,88625,6,4840954,1935495,4840953,4840944,4840954,4840951,1932904,1600000,4839364,4838547,2200000,1600000,1935534
2026-07-19T13:42:06.853413+00:00,2810310.793125,1,3.745605,1.989258,1.451172,88500,88500,6,4844506,1935515,4840987,4840983,4840990,4840982,1600000,1600000,4840848,4844506,1600000,1600000,1935730
2026-07-19T13:42:07.853016+00:00,2810311.792728,1,3.766113,2.022949,1.465332,88625,88625,5,4841008,1935786,4841004,4841002,4841007,4841008,1600000,1935866,4837695,1600000,1600000,2200000,1600000
2026-07-19T13:42:08.853242+00:00,2810312.792954,1,3.766113,2.022949,1.465332,88375,88375,6,4840944,1935435,4840944,4840941,4840925,4840935,1935314,1935164,4838095,4839646,1600000,1600000,1600000
2026-07-19T13:42:09.851055+00:00,2810313.790767,1,3.766113,2.022949,1.465332,88375,88375,10,4817377,4815087,4815963,4815958,4815946,4815958,1926063,4815960,4815297,4817377,4815218,4816997,1923327
2026-07-19T13:42:10.853093+00:00,2810314.792804,1,3.766113,2.022949,1.465332,89250,89250,7,4837878,1935606,4832263,4832260,4832265,4832270,1934052,1935481,4837878,4836000,4834287,1600000,1600000
2026-07-19T13:42:11.853020+00:00,2810315.792735,1,3.766113,2.022949,1.465332,89000,89000,7,4841011,1935545,4841010,4841011,4841004,4841005,1935581,1935277,4840851,4836830,1600000,4840113,1600000
2026-07-19T13:42:12.853499+00:00,2810316.793211,1,3.785156,2.056152,1.479004,88750,88750,7,4840822,1935247,4840806,4840822,4840808,4840813,2036722,1935760,4839541,4836586,1600000,4840525,1600000
2026-07-19T13:42:13.852446+00:00,2810317.792157,1,3.785156,2.056152,1.479004,88625,88625,6,4840920,1935763,4840920,4840915,4840917,4840920,2147624,1935833,4838974,4839160,1600000,1600000,1600000
2026-07-19T13:42:14.852944+00:00,2810318.792655,1,3.785156,2.056152,1.479004,88500,88500,7,4841247,1935918,4840788,4840797,4840808,4840788,1600000,1936116,4841247,4840348,1600000,4841022,2200000
2026-07-19T13:42:15.853559+00:00,2810319.793271,1,3.785156,2.056152,1.479004,88375,88375,7,4841328,1935877,4840995,4841002,4841003,4841009,1600000,1935604,4841328,4837641,1600000,4839799,2143644
2026-07-19T13:42:16.853130+00:00,2810320.792842,1,3.785156,2.056152,1.479004,88375,88375,7,4840965,1935393,4840965,4840958,4840962,4840953,1600000,1935709,4839025,4839362,1600000,4840168,1600000
2026-07-19T13:42:17.853110+00:00,2810321.792822,1,3.882812,2.105469,1.498047,88375,88375,7,4840388,1600000,4830422,4830422,4830420,4830428,1600000,2006287,4840388,4818897,4822187,1600000,2068506
2026-07-19T13:42:18.853588+00:00,2810322.793300,1,3.882812,2.105469,1.498047,88375,88375,5,4841024,1935804,4841006,4841011,4841005,4841024,2146398,1935958,1600000,4836057,1600000,1600000,2149880
2026-07-19T13:42:19.853179+00:00,2810323.792891,1,3.882812,2.105469,1.498047,88375,88375,5,4841016,1935640,4841015,4841016,4841013,4841013,1600000,1936237,4839279,1600000,1600000,2200000,2200000
2026-07-19T13:42:20.850431+00:00,2810324.790142,1,3.882812,2.105469,1.498047,88375,88375,6,4840970,1935652,4840965,4840970,4840963,4840970,1600000,2108609,1600000,4836705,4840641,1600000,1932870
2026-07-19T13:42:21.853060+00:00,2810325.792771,1,3.882812,2.105469,1.498047,88250,88250,5,4835038,1936271,4823517,4823522,4823574,4823565,1600000,1600000,1600000,4835038,1600000,1600000,1600000
2026-07-19T13:42:22.853223+00:00,2810326.792936,1,3.892578,2.137207,1.511719,88250,88250,8,4843512,2149747,4840880,4840890,4840885,4840885,1921972,2142107,4830479,4840998,4843512,4823463,1600000
2026-07-19T13:42:23.853041+00:00,2810327.792753,1,3.892578,2.137207,1.511719,88250,88250,5,4841005,1935051,4841005,4841002,4840998,4841000,1600000,1600000,4837155,1600000,1600000,1600000,1935412
2026-07-19T13:42:24.852977+00:00,2810328.792693,1,3.892578,2.137207,1.511719,88250,88250,5,4833377,1927516,4833339,4833347,4833377,4833360,1600000,1928691,1600000,4814675,1600000,1600000,1935443
2026-07-19T13:42:25.853265+00:00,2810329.792978,1,3.892578,2.137207,1.511719,88250,88250,6,4840998,2150806,4840995,4840998,4840987,4840991,1600000,2200000,2200000,4838283,1600000,4840986,1934873
2026-07-19T13:42:26.853057+00:00,2810330.792769,1,3.892578,2.137207,1.511719,88250,88250,6,4840964,1935606,4840961,4840960,4840964,4840955,1935600,1935539,4839767,4839740,1600000,1600000,1600000
2026-07-19T13:42:27.852965+00:00,2810331.792680,1,3.901367,2.168457,1.525391,88375,88375,6,4842098,2149948,4840965,4840955,4840965,4840964,2071871,2200000,1600000,4842079,4842098,1600000,1935901
2026-07-19T13:42:28.853315+00:00,2810332.793030,1,3.901367,2.168457,1.525391,88375,88375,6,4838461,1934431,4821036,4821007,4821044,4821020,1961612,1600000,1600000,4815671,1600000,4838461,1600000
2026-07-19T13:42:29.852995+00:00,2810333.792706,1,3.901367,2.168457,1.525391,88500,88500,6,4841851,1936082,4840996,4840987,4840986,4840997,2046835,1600000,4839779,4841851,1600000,1600000,1933875
2026-07-19T13:42:30.853033+00:00,2810334.792748,1,3.901367,2.168457,1.525391,88500,88500,4,4841001,1930225,4840987,4840989,4840991,4841001,1933580,1926683,1600000,1600000,1600000,1600000,1600000
2026-07-19T13:42:31.853750+00:00,2810335.793466,1,3.901367,2.168457,1.525391,88500,88500,5,4841019,1968815,4841015,4840994,4840994,4841019,2151007,1600000,4837969,1600000,1600000,1600000,1600000
2026-07-19T13:42:32.852978+00:00,2810336.792691,1,3.909668,2.199219,1.539062,88500,88500,7,4840997,1935892,4840969,4840997,4840981,4840980,2150660,1934642,4816038,1600000,4840761,4840386,2200000
2026-07-19T13:42:33.853038+00:00,2810337.792753,1,3.909668,2.199219,1.539062,88375,88375,5,4841189,1936127,4840945,4840939,4840944,4840949,1600000,1600000,1600000,4841189,1600000,1600000,2200000
2026-07-19T13:42:34.853602+00:00,2810338.793314,1,3.909668,2.199219,1.539062,88375,88375,6,4841453,1935957,4841000,4841011,4841008,4841011,1935620,1600000,4841453,4836688,1600000,1600000,1600000
2026-07-19T13:42:35.850631+00:00,2810339.790343,1,3.909668,2.199219,1.539062,88375,88375,6,4840983,1935650,4840976,4840977,4840979,4840983,1935484,1600000,4839272,4840476,1600000,1600000,1600000
2026-07-19T13:42:36.853089+00:00,2810340.792801,1,3.909668,2.199219,1.539062,88375,88375,5,4841007,1936021,4841007,4840992,4840997,4840984,1600000,1935768,1600000,4840275,1600000,1600000,1600000
2026-07-19T13:42:37.853476+00:00,2810341.793187,1,3.916992,2.229492,1.552734,88500,88500,7,4841004,1933217,4841001,4840999,4840992,4841004,2200000,1935667,4838503,4823816,1600000,4840027,1600000
2026-07-19T13:42:38.853067+00:00,2810342.792779,1,3.916992,2.229492,1.552734,88625,88625,6,4840954,1600000,4840946,4840954,4840951,4840953,1600000,1600000,4835122,4838781,2200000,1600000,1935626
2026-07-19T13:42:39.853087+00:00,2810343.792800,1,3.916992,2.229492,1.552734,88625,88625,6,4841003,1935559,4841003,4840998,4840999,4841003,1600000,1600000,4840259,4840710,1600000,1600000,2120812
2026-07-19T13:42:40.853521+00:00,2810344.793233,1,3.916992,2.229492,1.552734,88625,88625,6,4840975,1927247,4840975,4840967,4840973,4840969,1600000,1935500,4839998,4839601,1600000,1600000,2697889
2026-07-19T13:42:41.853110+00:00,2810345.792822,1,3.916992,2.229492,1.552734,88625,88625,6,4841014,1985062,4841001,4841010,4841002,4841014,4035059,1600000,4823027,4226098,4840304,1600000,2766176
2026-07-19T13:42:42.852749+00:00,2810346.792461,1,3.923828,2.259277,1.565918,88625,88625,7,4842706,1600000,4840940,4840927,4840932,4840937,1600000,1600000,4842706,4839598,1600000,4842502,1936370
2026-07-19T13:42:43.861067+00:00,2810347.800778,1,3.923828,2.259277,1.565918,88625,88625,6,4841355,1934253,4823502,4823513,4823504,4823544,1600000,1600000,4841355,4841272,1600000,2200000,1933122
2026-07-19T13:42:44.853169+00:00,2810348.792881,1,3.923828,2.259277,1.565918,89000,89000,6,4841012,1936170,4841001,4841012,4841000,4840997,1600000,1600000,4837000,4835648,1600000,1600000,1932172
2026-07-19T13:42:45.852998+00:00,2810349.792709,1,3.923828,2.259277,1.565918,88875,88875,5,4840734,1600000,4823471,4823477,4823417,4823473,1600000,1600000,1600000,4840734,1600000,1600000,1600000
2026-07-19T13:42:46.853032+00:00,2810350.792748,1,3.923828,2.259277,1.565918,88875,88875,6,4841010,1936205,4841005,4841006,4841010,4841004,1600000,1600000,1600000,4834597,1600000,4835538,1600000
2026-07-19T13:42:47.853377+00:00,2810351.793088,1,3.930176,2.288574,1.579102,88875,88875,7,4845642,2145454,4840940,4840935,4840953,4840929,1600000,1926516,4841009,4840645,1600000,4845642,1934714
2026-07-19T13:42:48.853221+00:00,2810352.792936,1,3.930176,2.288574,1.579102,88875,88875,6,4841626,4288441,4840942,4840931,4840946,4840947,1926405,3714347,1600000,4838900,1600000,4841626,1934911
2026-07-19T13:42:49.853023+00:00,2810353.792739,1,3.930176,2.288574,1.579102,88875,88875,6,4836025,1926979,4836006,4836001,4836025,4836009,1934688,1600000,1600000,4670088,1600000,4826103,1600000
2026-07-19T13:42:50.853244+00:00,2810354.792956,1,3.930176,2.288574,1.579102,88875,88875,5,4841256,1988864,4828359,4828367,4828384,4828355,1935557,1925875,1600000,4197229,1600000,4841256,1600000
2026-07-19T13:42:51.852969+00:00,2810355.792680,1,3.930176,2.288574,1.579102,88875,88875,6,4836133,1935265,4815651,4815711,4815771,4815655,1933555,1600000,1600000,4836133,1600000,4832166,1600000
2026-07-19T13:42:52.853017+00:00,2810356.792729,1,3.936035,2.317383,1.592285,88875,88875,7,4843475,1935397,4816053,4816049,4816043,4816129,1934668,1935565,4842071,4842767,1600000,4843475,1926581
2026-07-19T13:42:53.850925+00:00,2810357.790637,1,3.936035,2.317383,1.592285,88875,88875,6,4841002,1935691,4840971,4840956,4840966,4840967,1935196,1600000,1600000,4841002,4837996,1600000,2133058
2026-07-19T13:42:54.852950+00:00,2810358.792662,1,3.936035,2.317383,1.592285,88875,88875,6,4835171,1929950,4823064,4823069,4823059,4823078,1935518,1929334,1600000,4835171,4825166,1600000,1926082
2026-07-19T13:42:55.853206+00:00,2810359.792918,1,3.936035,2.317383,1.592285,89000,89000,7,4841679,1934179,4840997,4841011,4841002,4841009,1600000,1933885,4835209,4841679,4821910,2200000,1934781
2026-07-19T13:42:56.851321+00:00,2810360.791036,1,3.936035,2.317383,1.592285,88875,88875,6,4837445,1933293,4816016,4816026,4816018,4816023,1933582,1600000,4837445,4833010,1600000,1600000,1931387
2026-07-19T13:42:57.852976+00:00,2810361.792688,1,3.941406,2.345703,1.605469,88875,88875,7,4827850,1928844,4821001,4821000,4820997,4820995,1600000,1930451,4814699,4816205,1600000,4827850,2146950
2026-07-19T13:42:58.853134+00:00,2810362.792849,1,3.941406,2.345703,1.605469,89000,89000,6,4842618,1977997,4840975,4840974,4840976,4840964,2066244,1600000,4842618,1600000,1600000,4829153,2134824
2026-07-19T13:42:59.853454+00:00,2810363.793165,1,3.941406,2.345703,1.605469,89125,89125,6,4842235,1929872,4828523,4828528,4828524,4828520,2142057,1600000,1600000,4838661,1600000,4842235,2149930
2026-07-19T13:43:00.851806+00:00,2810364.791515,1,3.941406,2.345703,1.605469,90250,90250,8,4816059,1925977,4816057,4816059,4816046,4816053,4816044,1913777,2200000,4813856,4816047,4815105,1600000
2026-07-19T13:43:01.853111+00:00,2810365.792823,1,3.941406,2.345703,1.605469,90375,90375,5,4840971,1933010,4840956,4840956,4840955,4840971,2150475,1935551,1600000,4835571,1600000,2200000,2148717
2026-07-19T13:43:02.853507+00:00,2810366.793219,1,3.946289,2.373535,1.618652,90125,90125,6,4841305,2150679,4840962,4840945,4840958,4840948,1935067,2150963,4826144,4841305,1600000,1600000,1934211
2026-07-19T13:43:03.853136+00:00,2810367.792849,1,3.946289,2.373535,1.618652,89875,89875,6,4836989,1600000,4832283,4832299,4832291,4832285,2043970,1934526,4831818,4836989,1600000,1600000,1600000
2026-07-19T13:43:04.852947+00:00,2810368.792659,1,3.946289,2.373535,1.618652,89750,89750,6,4840956,1932384,4840934,4840945,4840939,4840956,1934974,1935709,1600000,4838157,1600000,4819196,2139246
2026-07-19T13:43:05.850398+00:00,2810369.790110,1,3.946289,2.373535,1.618652,89625,89625,6,4819978,1935042,4816850,4816855,4816908,4816844,1934462,1600000,4819978,4818472,1600000,1600000,1931393
2026-07-19T13:43:06.853091+00:00,2810370.792802,1,3.946289,2.373535,1.618652,89500,89500,5,4837474,2149583,4823507,4823480,4823508,4823508,1976467,2200000,4837474,1600000,1600000,1600000,1600000
2026-07-19T13:43:07.853073+00:00,2810371.792785,1,3.950684,2.400879,1.631836,89375,89375,8,4840186,1933375,4816037,4816045,4816044,4816046,1935845,1935382,4816201,4840186,4816016,4839819,1923543
2026-07-19T13:43:08.853591+00:00,2810372.793302,1,3.950684,2.400879,1.631836,89250,89250,7,4841725,2759237,4840914,4840913,4840914,4840916,2077496,2601244,1600000,4840516,4841725,4833780,1935761
2026-07-19T13:43:09.853141+00:00,2810373.792853,1,3.950684,2.400879,1.631836,89250,89250,6,4840973,1963821,4840969,4840962,4840963,4840973,1935276,1935725,2200000,4812449,2200000,4833219,1600000
2026-07-19T13:43:10.853166+00:00,2810374.792878,1,3.950684,2.400879,1.631836,89250,89250,5,4823989,1931601,4823988,4823972,4823989,4823982,2140410,1600000,1600000,4815923,1600000,2200000,2200000
2026-07-19T13:43:11.853011+00:00,2810375.792722,1,3.950684,2.400879,1.631836,89250,89250,6,4819103,4583674,4815878,4815856,4815880,4815928,1600000,4162259,1600000,4819103,1600000,1600000,1930271
2026-07-19T13:43:12.853210+00:00,2810376.792922,1,3.955078,2.427734,1.645020,89125,89125,6,4834750,1600000,4826046,4826040,4825995,4826041,1928641,1600000,1600000,4825585,1600000,4834750,1600000
2026-07-19T13:43:13.853176+00:00,2810377.792888,1,3.955078,2.427734,1.645020,89125,89125,6,4840909,1600000,4823436,4823477,4823426,4823474,1935578,2200000,1600000,4840909,1600000,4822836,1935433
2026-07-19T13:43:14.853098+00:00,2810378.792809,1,3.955078,2.427734,1.645020,89125,89125,6,4836182,1925200,4828370,4828368,4828370,4828374,1935010,1600000,4834573,4836182,1600000,1600000,1600000
2026-07-19T13:43:15.853607+00:00,2810379.793323,1,3.955078,2.427734,1.645020,89750,89750,6,4842764,1935750,4840928,4840932,4840927,4840923,1934634,1935434,1600000,4840329,4842764,1600000,1600000
2026-07-19T13:43:16.851648+00:00,2810380.791359,1,3.955078,2.427734,1.645020,89750,89750,5,4840950,1600000,4840937,4840944,4840929,4840950,2142389,1600000,1600000,4840037,1600000,1600000,1935595
2026-07-19T13:43:17.850250+00:00,2810381.789962,1,3.958984,2.454102,1.657715,89625,89625,7,4840978,1600000,4840976,4840974,4840962,4840978,1934656,1950541,4840091,4840751,4823334,1600000,1973104
2026-07-19T13:43:18.853331+00:00,2810382.793043,1,3.958984,2.454102,1.657715,89625,89625,6,4840946,1600000,4840946,4840939,4840940,4840936,1936002,1600000,4840219,4836195,1600000,1600000,1927606
2026-07-19T13:43:19.853009+00:00,2810383.792721,1,3.958984,2.454102,1.657715,90375,90375,5,4774070,2138457,4774070,4774066,4774056,4774031,1914289,2200000,2200000,4774064,1600000,1600000,2140282
2026-07-19T13:43:20.853897+00:00,2810384.793608,1,3.958984,2.454102,1.657715,90250,90250,5,4843092,1928834,4821027,4821024,4821026,4821026,1934861,1600000,1600000,4843092,1600000,1600000,2131094
2026-07-19T13:43:21.853334+00:00,2810385.793046,1,3.958984,2.454102,1.657715,90125,90125,6,4836863,2145464,4826563,4826555,4826533,4826506,1946020,1600000,4836863,4834283,1600000,2200000,1935372
2026-07-19T13:43:22.852972+00:00,2810386.792684,1,3.962402,2.479980,1.670410,89875,89875,6,4841004,2150100,4840998,4841004,4840985,4840996,1935711,1600000,2200000,4839743,4833982,1600000,1933389
2026-07-19T13:43:23.852997+00:00,2810387.792711,1,3.962402,2.479980,1.670410,89750,89750,6,4841309,2045080,4840919,4840905,4840921,4840914,1935465,1600000,4841309,4838924,2200000,1600000,1935957
2026-07-19T13:43:24.853411+00:00,2810388.793123,1,3.962402,2.479980,1.670410,89625,89625,6,4836196,1600000,4823379,4823345,4823391,4823346,1935228,1600000,4836196,4833967,2200000,1600000,1936147
2026-07-19T13:43:25.853133+00:00,2810389.792845,1,3.962402,2.479980,1.670410,89625,89625,5,4826475,1934813,4824475,4824484,4824484,4824484,1932405,1600000,4826475,1600000,1600000,1600000,1963138
2026-07-19T13:43:26.853056+00:00,2810390.792772,1,3.962402,2.479980,1.670410,89500,89500,6,4833244,1926619,4829495,4829497,4829497,4829508,2144843,1600000,4824713,4833244,1600000,1600000,2200000
2026-07-19T13:43:27.851106+00:00,2810391.790818,1,4.045898,2.521973,1.688477,89500,89500,6,4830369,1964921,4809390,4809396,4809390,4809306,1600000,1600000,4823514,4830369,1600000,1600000,2200000
2026-07-19T13:43:28.853042+00:00,2810392.792754,1,4.045898,2.521973,1.688477,89500,89500,5,4839443,1600000,4821013,4821020,4821033,4821011,1932511,1600000,1600000,4839443,2200000,1600000,1934657
2026-07-19T13:43:29.853116+00:00,2810393.792828,1,4.045898,2.521973,1.688477,89625,89625,6,4840100,1935862,4815938,4815934,4815937,4815932,1600000,1600000,4839932,4840100,1600000,1600000,2200000
2026-07-19T13:43:30.853680+00:00,2810394.793391,1,4.045898,2.521973,1.688477,89625,89625,6,4840868,1600000,4834503,4834499,4834514,4834509,2200000,2117511,4840868,4817196,1600000,1600000,1600000
2026-07-19T13:43:31.853455+00:00,2810395.793171,1,4.045898,2.521973,1.688477,89500,89500,6,4840992,1600000,4840963,4840978,4840992,4840973,2150573,1971251,4839957,4350000,4840541,1600000,1933791
2026-07-19T13:43:32.853090+00:00,2810396.792805,1,4.041992,2.546875,1.701172,89500,89500,6,4838067,2150177,4830109,4830125,4830120,4830122,2139827,2150598,4826105,4838067,1600000,1600000,2086241
2026-07-19T13:43:33.853175+00:00,2810397.792886,1,4.041992,2.546875,1.701172,89500,89500,5,4840675,1928773,4826767,4826785,4826801,4826808,2132902,2027320,1600000,4840675,1600000,1600000,2147507
2026-07-19T13:43:34.850796+00:00,2810398.790507,1,4.041992,2.546875,1.701172,89500,89500,9,4839354,2752244,4821008,4820998,4820992,4820996,1934291,4831581,4830411,4839001,4835283,4839354,1944208
2026-07-19T13:43:35.853136+00:00,2810399.792852,1,4.041992,2.546875,1.701172,89500,89500,7,4842885,1935818,4822972,4822969,4822965,4822928,2122666,1600000,4822460,4792875,1600000,4842885,1957832
2026-07-19T13:43:36.853036+00:00,2810400.792748,1,4.041992,2.546875,1.701172,89500,89500,6,4839258,1935894,4810563,4810562,4810562,4810562,1903084,2150005,4839258,4837316,1600000,1600000,1935814
2026-07-19T13:43:37.853243+00:00,2810401.792955,1,4.038574,2.571289,1.713867,89625,89625,7,4855724,1925261,4821021,4821011,4821010,4821013,1919626,1934803,4815960,4855724,1600000,4817657,1922470
2026-07-19T13:43:38.850404+00:00,2810402.790115,1,4.038574,2.571289,1.713867,89625,89625,8,4840966,2149074,4840966,4840946,4840955,4840956,2134748,2142605,4815339,4823804,4821674,4826559,2137703
2026-07-19T13:43:39.850178+00:00,2810403.789890,1,4.038574,2.571289,1.713867,89625,89625,6,4842999,1941608,4840970,4840966,4840979,4840972,2139850,2146481,4842999,2200000,4823073,1600000,1934624
2026-07-19T13:43:40.853217+00:00,2810404.792929,1,4.038574,2.571289,1.713867,89500,89500,8,4840371,2142161,4825911,4825906,4825904,4825894,2140162,1934712,4840371,4840335,4814298,4818912,2001424
2026-07-19T13:43:41.853009+00:00,2810405.792722,1,4.038574,2.571289,1.713867,89625,89625,8,4835944,2042978,4820995,4820996,4820984,4821002,2113856,1934686,4835944,4819756,4815143,4831997,1924676
2026-07-19T13:43:42.853044+00:00,2810406.792755,1,4.035156,2.595215,1.726562,89500,89500,7,4826873,1882005,4821124,4821131,4821138,4821135,2103202,1931178,4826873,4826728,1600000,4521312,1987029
2026-07-19T13:43:43.853272+00:00,2810407.792984,1,4.035156,2.595215,1.726562,89500,89500,8,4840865,2142184,4826272,4826257,4826277,4826274,2140036,2045507,4822068,4818218,4840865,4826197,1927011
2026-07-19T13:43:44.853022+00:00,2810408.792733,1,4.035156,2.595215,1.726562,89625,89625,7,4837394,1933931,4823512,4823502,4823509,4823536,1932188,1935926,4829845,4837394,1600000,4822719,1931164
2026-07-19T13:43:45.853029+00:00,2810409.792741,1,4.035156,2.595215,1.726562,89625,89625,8,4841008,1935814,4823382,4823445,4823439,4823373,1600000,1926086,4826119,4840567,4816981,4841008,1935587
2026-07-19T13:43:46.853348+00:00,2810410.793059,1,4.035156,2.595215,1.726562,89625,89625,8,4820978,1925632,4820965,4820978,4820967,4820976,1924845,1929143,4814817,4809648,4815244,4813529,1929882
2026-07-19T13:43:47.852995+00:00,2810411.792707,1,4.032227,2.618652,1.739258,89625,89625,8,4843237,2134933,4822628,4822625,4822626,4822682,2139838,1924499,4840202,4814655,4816123,4843237,2020831
2026-07-19T13:43:48.850270+00:00,2810412.789981,1,4.032227,2.618652,1.739258,89625,89625,8,4832779,1926628,4820972,4820989,4820999,4820999,2150051,1932364,4778814,4820779,4829965,4832779,1925276
2026-07-19T13:43:49.850364+00:00,2810413.790075,1,4.032227,2.618652,1.739258,89750,89750,7,4839294,1932561,4816827,4816835,4816835,4816839,1933560,1984425,4839294,4815562,1600000,4813571,1934272
2026-07-19T13:43:50.853015+00:00,2810414.792727,1,4.032227,2.618652,1.739258,89750,89750,8,4837949,2149909,4822669,4822650,4822719,4822710,2140399,2147445,4821950,4837949,4823170,4815509,2140095
2026-07-19T13:43:51.850609+00:00,2810415.790320,1,4.032227,2.618652,1.739258,89625,89625,7,4841186,2137189,4829483,4829455,4829493,4829486,2121957,2042021,4841186,4840727,1600000,4815356,1935447
2026-07-19T13:43:52.853446+00:00,2810416.793158,1,4.029297,2.641602,1.751465,89625,89625,8,4858080,2150082,4815953,4815965,4815960,4816014,1931730,2145025,4819915,4858080,4842912,4815350,1936420
2026-07-19T13:43:53.853051+00:00,2810417.792763,1,4.029297,2.641602,1.751465,89750,89750,8,4840087,2129468,4815962,4816024,4816021,4816024,2142679,2150674,4817868,4840087,4818513,4839665,2059626
2026-07-19T13:43:54.853000+00:00,2810418.792712,1,4.029297,2.641602,1.751465,89750,89750,8,4839386,2148747,4815997,4816010,4816009,4816001,1933299,2148052,4838451,4816244,4837563,4839386,1935787
2026-07-19T13:43:55.853519+00:00,2810419.793231,1,4.029297,2.641602,1.751465,90375,90375,8,4842025,2150402,4819587,4819646,4819588,4819581,1994215,2140280,4814245,4829896,4842025,4839228,2143304
2026-07-19T13:43:56.850675+00:00,2810420.790387,1,4.029297,2.641602,1.751465,90250,90250,8,4840233,2130082,4815984,4815983,4815982,4815979,2049630,1925968,4816421,4840233,4839056,4827757,2143919
2026-07-19T13:43:57.853001+00:00,2810421.792712,1,4.026855,2.664551,1.763672,90000,90000,8,4831634,2749895,4831627,4831622,4831612,4831634,2137258,2747903,4831565,4815922,4822916,4826432,1934894
2026-07-19T13:43:58.852966+00:00,2810422.792678,1,4.026855,2.664551,1.763672,90250,90250,8,4841446,1935819,4840998,4840999,4840994,4841005,2153111,2095019,4840510,4841446,4839478,4836274,2124860
2026-07-19T13:43:59.853137+00:00,2810423.792849,1,4.026855,2.664551,1.763672,90375,90375,8,4829292,2143255,4825250,4825271,4825269,4825280,2089562,1600000,4827531,4829292,4820193,4811909,2149102
2026-07-19T13:44:00.852960+00:00,2810424.792673,1,4.026855,2.664551,1.763672,90125,90125,8,4841840,2091119,4831254,4831257,4831269,4831267,2140131,2146496,4831555,4841840,4819100,4816020,2140610
2026-07-19T13:44:01.850454+00:00,2810425.790165,1,4.026855,2.664551,1.763672,90250,90250,8,4839841,2150359,4820983,4820982,4820989,4820997,2151304,2151431,4824875,4828268,4839841,4813804,2147603
2026-07-19T13:44:02.853316+00:00,2810426.793029,1,4.024414,2.687012,1.775879,90375,90375,8,4839341,2149152,4821489,4821472,4821479,4821482,2142618,2142630,4818105,4813425,4839341,4838263,1932542
2026-07-19T13:44:03.853032+00:00,2810427.792743,1,4.024414,2.687012,1.775879,90250,90250,8,4844172,2131526,4815654,4815649,4815651,4815658,2139947,1600000,4844172,4822886,4841360,4825166,1932504
2026-07-19T13:44:04.853623+00:00,2810428.793336,1,4.024414,2.687012,1.775879,90250,90250,8,4816017,1600000,4811241,4811235,4811245,4811249,2142389,2142185,4816017,4814271,4810330,4814883,2146346
2026-07-19T13:44:05.853407+00:00,2810429.793120,1,4.024414,2.687012,1.775879,90125,90125,8,4845102,2140116,4841009,4841004,4841006,4841008,2051566,2142857,4813942,4840788,4817715,4845102,2140206
2026-07-19T13:44:06.852998+00:00,2810430.792711,1,4.024414,2.687012,1.775879,90125,90125,8,4837716,2137995,4821018,4821024,4821021,4821021,2750974,2143227,4837716,4830955,4831006,4830037,2138697
2026-07-19T13:44:07.852955+00:00,2810431.792670,1,4.021973,2.708984,1.788086,90125,90125,8,4838932,2089701,4820998,4821004,4821194,4821114,2862996,2051919,4827467,4788905,4838932,4814153,3330657
2026-07-19T13:44:08.850219+00:00,2810432.789930,1,4.021973,2.708984,1.788086,90125,90125,8,4828290,2074241,4816047,4816059,4816044,4816045,2745327,1928118,4812275,4813791,4815972,4828290,2754211
2026-07-19T13:44:09.851063+00:00,2810433.790772,1,4.021973,2.708984,1.788086,90000,90000,8,4837666,2148098,4823738,4823763,4823752,4823741,2126924,1963604,4837666,4837115,4830309,4821152,4233025
2026-07-19T13:44:10.852849+00:00,2810434.792557,1,4.021973,2.708984,1.788086,90000,90000,8,4843268,2145795,4816383,4816306,4816387,4816386,1935106,2139444,4817962,4843268,4817803,4829432,1926649
2026-07-19T13:44:11.853284+00:00,2810435.792995,1,4.021973,2.708984,1.788086,90125,90125,8,4837553,2007849,4813536,4813536,4813528,4813560,2138871,2146543,4814152,4837553,4810713,4808035,1925709
2026-07-19T13:44:12.852955+00:00,2810436.792666,1,4.020020,2.730469,1.800293,90000,90000,8,4831868,2138892,4823021,4823038,4823028,4823096,2141142,2149325,4815080,4819889,4817090,4831868,2144349
2026-07-19T13:44:13.852979+00:00,2810437.792690,1,4.020020,2.730469,1.800293,90125,90125,8,4839161,2140921,4821608,4821625,4821624,4821627,1933368,2139365,4823414,4829792,4839161,4836666,1933030
2026-07-19T13:44:14.853389+00:00,2810438.793102,1,4.020020,2.730469,1.800293,90125,90125,8,4837940,2143231,4813512,4813514,4813515,4813501,2141708,2143990,4814654,4837940,4824842,4814789,2145666
2026-07-19T13:44:15.853339+00:00,2810439.793054,1,4.020020,2.730469,1.800293,90125,90125,8,4838236,2136405,4824309,4824310,4824297,4824270,1931353,2151202,4833340,4827239,4819839,4838236,1934172
2026-07-19T13:44:16.852941+00:00,2810440.792656,1,4.020020,2.730469,1.800293,90125,90125,8,4839303,2143175,4814485,4814419,4814488,4814431,2140299,2145564,4839303,4831404,4837305,4817132,2148648
2026-07-19T13:44:17.853428+00:00,2810441.793139,1,4.018066,2.751953,1.812500,90250,90250,8,4837285,2141927,4809570,4809573,4809561,4809578,2129375,2141993,4833881,4837285,4813537,4828084,2147261
2026-07-19T13:44:18.853032+00:00,2810442.792744,1,4.018066,2.751953,1.812500,90125,90125,8,4841427,2149110,4840941,4840950,4840940,4840950,2143365,2151645,4841427,4835593,4838591,4838316,2149747
2026-07-19T13:44:19.852984+00:00,2810443.792700,1,4.018066,2.751953,1.812500,90125,90125,8,4842482,1924594,4816054,4816044,4816051,4816047,2150007,2144747,4842482,4816591,4810744,4816411,2102866
2026-07-19T13:44:20.852871+00:00,2810444.792583,1,4.018066,2.751953,1.812500,90125,90125,8,4838494,2009948,4817216,4817220,4817213,4817219,1933089,2149829,4838494,4825937,4818829,4831429,1932739
2026-07-19T13:44:21.853101+00:00,2810445.792813,1,4.018066,2.751953,1.812500,90125,90125,8,4841104,2144800,4816001,4815991,4815997,4815994,1932776,2122447,4807610,4841104,4815901,4819595,2013541
2026-07-19T13:44:22.850320+00:00,2810446.790032,1,4.016602,2.772949,1.824707,90125,90125,8,4827376,2147490,4824495,4824487,4824506,4824498,2144421,2140560,4827376,4816769,4812693,4826498,2142408
2026-07-19T13:44:23.853153+00:00,2810447.792864,1,4.016602,2.772949,1.824707,90125,90125,8,4824640,3783013,4820801,4820812,4820808,4820812,1927932,3066413,4822615,4814083,4815786,4824640,1926077
2026-07-19T13:44:24.853117+00:00,2810448.792831,1,4.016602,2.772949,1.824707,90125,90125,8,4823029,2139300,4814318,4814330,4814315,4814321,2141881,2139066,4817715,4817330,4814906,4823029,2141117
2026-07-19T13:44:25.852912+00:00,2810449.792624,1,4.016602,2.772949,1.824707,90000,90000,8,4830465,2147640,4824198,4824193,4824175,4824172,2100157,2124611,4815890,4830465,4815449,4820683,2146047
2026-07-19T13:44:26.853003+00:00,2810450.792719,1,4.016602,2.772949,1.824707,90000,90000,8,4839957,2149516,4835362,4835372,4835377,4835376,2150141,2147961,4839957,4832863,4839344,4834928,2149902
2026-07-19T13:44:27.850838+00:00,2810451.790549,1,4.015137,2.793457,1.836426,90000,90000,8,4837070,2147646,4816018,4816094,4816027,4816042,2151239,2144650,4820916,4824824,4837070,4824629,2152614
2026-07-19T13:44:28.852111+00:00,2810452.791827,1,4.015137,2.793457,1.836426,90125,90125,8,4837125,2149259,4815658,4815662,4815667,4815666,2151137,2143084,4821013,4828252,4837125,4835694,2140221
2026-07-19T13:44:29.852961+00:00,2810453.792672,1,4.015137,2.793457,1.836426,90250,90250,8,4832538,1932595,4820999,4820980,4821006,4820989,2140389,1931955,4832538,4817815,4818838,4826121,2139419
2026-07-19T13:44:30.853213+00:00,2810454.792925,1,4.015137,2.793457,1.836426,90250,90250,8,4834612,2150787,4818350,4818359,4818356,4818365,2150678,2149935,4825762,4769083,4812998,4834612,2142078
2026-07-19T13:44:31.852841+00:00,2810455.792552,1,4.015137,2.793457,1.836426,90250,90250,8,4840717,2139351,4830887,4830897,4830892,4830823,2150644,2150317,4840717,4839799,4814371,4815347,2149324
2026-07-19T13:44:32.850050+00:00,2810456.789762,1,4.174316,2.847168,1.858887,91000,91000,8,4838302,2138926,4816065,4816057,4816063,4816057,2139413,2147317,4813127,4817097,4815425,4838302,2139530
2026-07-19T13:44:33.853279+00:00,2810457.792992,1,4.174316,2.847168,1.858887,90875,90875,8,4829897,1931210,4820918,4820918,4820901,4820924,2050027,1927790,4829897,4824779,4823026,4817828,2135895
2026-07-19T13:44:34.852897+00:00,2810458.792608,1,4.174316,2.847168,1.858887,90750,90750,8,4842805,2128208,4816047,4816055,4816052,4816039,2143687,2123591,4830196,4827265,4830585,4842805,2143310
2026-07-19T13:44:35.852824+00:00,2810459.792536,1,4.174316,2.847168,1.858887,90500,90500,8,4826371,2139461,4818222,4818212,4818222,4818231,1948111,2140989,4815312,4826371,4813201,4697571,2145113
2026-07-19T13:44:36.853350+00:00,2810460.793062,1,4.174316,2.847168,1.858887,90500,90500,8,4830447,2140885,4820958,4820955,4820956,4820968,1955132,2146495,4486814,4830297,4807069,4830447,2148497
2026-07-19T13:44:37.852918+00:00,2810461.792630,1,4.160156,2.866699,1.870605,90375,90375,8,4839928,2147098,4823385,4823436,4823425,4823422,1963760,2146640,4836212,4839331,4823674,4839928,1987872
2026-07-19T13:44:38.852837+00:00,2810462.792548,1,4.160156,2.866699,1.870605,90250,90250,8,4816051,1925277,4816048,4816051,4816045,4816036,2145037,1925358,4814736,4815364,4812761,4813669,2138987
2026-07-19T13:44:39.850058+00:00,2810463.789770,1,4.160156,2.866699,1.870605,90375,90375,8,4836665,2147568,4813520,4813527,4813536,4813510,2145640,2146961,4822698,4836665,4815588,4833343,2147105
2026-07-19T13:44:40.852997+00:00,2810464.792709,1,4.160156,2.866699,1.870605,90375,90375,8,4842442,2150730,4824304,4824303,4824301,4824279,2141588,2150066,4827387,4838765,4842442,4827636,2072508
2026-07-19T13:44:41.852822+00:00,2810465.792534,1,4.160156,2.866699,1.870605,90375,90375,8,4822819,1925444,4813498,4813481,4813460,4813465,1963260,1912517,4817851,4821768,4821519,4822819,2060355
2026-07-19T13:44:42.852869+00:00,2810466.792581,1,4.146973,2.885742,1.882324,90375,90375,8,4815808,2139717,4812512,4812517,4812607,4812587,2139592,2138921,4815808,4815232,4815358,4813440,2140052
2026-07-19T13:44:43.853025+00:00,2810467.792736,1,4.146973,2.885742,1.882324,90375,90375,8,4823129,2126953,4822359,4822361,4822361,4822347,1934158,2141009,4818709,4735810,4823129,4781518,2135662
2026-07-19T13:44:44.852896+00:00,2810468.792607,1,4.146973,2.885742,1.882324,90375,90375,8,4822386,2135403,4813503,4813501,4813500,4813497,2140455,2139663,4820554,4818007,4818339,4822386,2139186
2026-07-19T13:44:45.852927+00:00,2810469.792639,1,4.146973,2.885742,1.882324,90250,90250,8,4826376,1927358,4816005,4816018,4816024,4816020,1963903,1916458,4810499,4817707,4819537,4826376,2100866
2026-07-19T13:44:46.853416+00:00,2810470.793132,1,4.146973,2.885742,1.882324,90375,90375,8,4839529,2125989,4832337,4832344,4832342,4832339,2148100,2147117,4835246,4837268,4831629,4839529,2150242
2026-07-19T13:44:47.853033+00:00,2810471.792745,1,4.134766,2.904297,1.894043,90375,90375,8,4827894,2143400,4816991,4816983,4816992,4816994,1929719,2147247,4817027,4827894,4817878,4825665,1925931
2026-07-19T13:44:48.852831+00:00,2810472.792543,1,4.134766,2.904297,1.894043,90500,90500,8,4832981,2141009,4812653,4812581,4812674,4812637,2140310,2139734,4815490,4802209,4820411,4832981,2140013
2026-07-19T13:44:49.853140+00:00,2810473.792852,1,4.134766,2.904297,1.894043,90500,90500,8,4821843,1934017,4821775,4821784,4821765,4821843,1927459,1930667,4783199,4821378,4769888,4741897,1927882
2026-07-19T13:44:50.852816+00:00,2810474.792527,1,4.134766,2.904297,1.894043,90500,90500,8,4824216,2139249,4816050,4816042,4816044,4816055,1993739,2138949,4814025,4813254,4814559,4824216,1983433
2026-07-19T13:44:51.852843+00:00,2810475.792555,1,4.134766,2.904297,1.894043,90500,90500,8,4820938,2142076,4813494,4813505,4813479,4813515,2139828,2140630,4770275,4820938,4818268,4815905,2143539
2026-07-19T13:44:52.853338+00:00,2810476.793049,1,4.123535,2.922852,1.905762,90500,90500,8,4821185,1910027,4813981,4813988,4813980,4814043,2137588,1927523,4818142,4817048,4821185,4815475,2024170
2026-07-19T13:44:53.850404+00:00,2810477.790115,1,4.123535,2.922852,1.905762,90500,90500,8,4840972,2150354,4840963,4840970,4840948,4840972,1935211,2150272,4839099,4840075,4838962,4839598,1935767
2026-07-19T13:44:54.852832+00:00,2810478.792543,1,4.123535,2.922852,1.905762,90500,90500,8,4821765,1925399,4813512,4813512,4813499,4813512,1927999,1926965,4821027,4817550,4821765,4821471,2142624
2026-07-19T13:44:55.850093+00:00,2810479.789804,1,4.123535,2.922852,1.905762,90500,90500,8,4825797,2140838,4813679,4813672,4813667,4813672,2084621,2139333,4816656,4814790,4815416,4825797,2131699
2026-07-19T13:44:56.852974+00:00,2810480.792686,1,4.123535,2.922852,1.905762,90500,90500,8,4816062,2139815,4816062,4816055,4816047,4816050,1978503,2139444,4814063,4814317,4814339,4815084,1947645
2026-07-19T13:44:57.852859+00:00,2810481.792571,1,4.113281,2.940918,1.917480,90500,90500,8,4817105,2140156,4816035,4816044,4816050,4816051,2139778,2139094,4814780,4814446,4817105,4814858,2139680
2026-07-19T13:44:58.849901+00:00,2810482.789612,1,4.113281,2.940918,1.917480,90500,90500,8,4835756,1933686,4833628,4833615,4833619,4833586,2069760,1934048,4835756,4830207,4826984,4829360,2093025
2026-07-19T13:44:59.852897+00:00,2810483.792609,1,4.113281,2.940918,1.917480,90500,90500,8,4816853,1925284,4816052,4816057,4816046,4816051,1976579,1925455,4814786,4815078,4816853,4815041,1983854
2026-07-19T13:45:00.852839+00:00,2810484.792552,1,4.113281,2.940918,1.917480,90750,90750,8,4817740,2007673,4816055,4816046,4816056,4816048,2029738,2022657,4815302,4813831,4817740,4816042,2035470
2026-07-19T13:45:01.850053+00:00,2810485.789765,1,4.113281,2.940918,1.917480,90750,90750,8,4832223,2140099,4820596,4820602,4820586,4820595,2109502,2140359,4816420,4819817,4832223,4825050,1999580
2026-07-19T13:45:02.852916+00:00,2810486.792628,1,4.104004,2.958984,1.928711,90750,90750,8,4835420,1930116,4821013,4821012,4821007,4821018,1924306,1931669,4835420,4777474,4826079,4815228,1934918
2026-07-19T13:45:03.852882+00:00,2810487.792594,1,4.104004,2.958984,1.928711,91125,91125,8,4840958,1936220,4840956,4840950,4840957,4840958,1967657,1936000,4840222,4840877,4840431,4840061,2108010
2026-07-19T13:45:04.852996+00:00,2810488.792708,1,4.104004,2.958984,1.928711,90875,90875,8,4816255,1926575,4811735,4811732,4811731,4811721,2144579,1925419,4727673,4815302,4816255,4815726,1967667
2026-07-19T13:45:05.850586+00:00,2810489.790298,1,4.104004,2.958984,1.928711,90875,90875,8,4832103,2146557,4821015,4821012,4821006,4821019,2147791,2148164,4826226,4818608,4832103,4829466,2141947
2026-07-19T13:45:06.852880+00:00,2810490.792592,1,4.104004,2.958984,1.928711,90750,90750,8,4826028,2143705,4821975,4821962,4821972,4821972,1928023,2142289,4820389,4826028,4816041,4821208,1928214
2026-07-19T13:45:07.853417+00:00,2810491.793130,1,4.095215,2.976562,1.939941,90625,90625,8,4818416,2139667,4812000,4811991,4811995,4811999,1926988,2139435,4813196,4778587,4818416,4818311,1926083
2026-07-19T13:45:08.853006+00:00,2810492.792718,1,4.095215,2.976562,1.939941,91125,91125,8,4805118,1957206,4797497,4797499,4797494,4797499,2045677,2085614,4675420,4805024,4732442,4805118,2136430
2026-07-19T13:45:09.852851+00:00,2810493.792563,1,4.095215,2.976562,1.939941,91125,91125,8,4816054,2139266,4816042,4816045,4816054,4816037,2139945,2139254,4814080,4812043,4813926,4815754,2139162
2026-07-19T13:45:10.852822+00:00,2810494.792535,1,4.095215,2.976562,1.939941,91000,91000,8,4831768,1952162,4809801,4809767,4809766,4809774,2142532,1971024,4816751,4824594,4831768,4823553,2141972
2026-07-19T13:45:11.850721+00:00,2810495.790433,1,4.095215,2.976562,1.939941,90750,90750,8,4835437,2134051,4822094,4822082,4822102,4822087,1931194,2146395,4826605,4828211,4835437,4832186,1934226
2026-07-19T13:45:12.852921+00:00,2810496.792633,1,4.087402,2.993652,1.951172,90625,90625,8,4835617,1934730,4816006,4816021,4816078,4816013,1928504,1930726,4822949,4829878,4820115,4835617,1894399
2026-07-19T13:45:13.852860+00:00,2810497.792572,1,4.087402,2.993652,1.951172,90625,90625,8,4837439,2149862,4826893,4826896,4826884,4826884,2137807,2149477,4834885,4836253,4837439,4682319,2106186
2026-07-19T13:45:14.853138+00:00,2810498.792850,1,4.087402,2.993652,1.951172,90625,90625,8,4819672,2128448,4813501,4813494,4813507,4813510,2072674,2129661,4723711,4640212,4819672,4815782,2138952
2026-07-19T13:45:15.852818+00:00,2810499.792529,1,4.087402,2.993652,1.951172,90625,90625,8,4827508,2012816,4813542,4813530,4813530,4813532,2141171,1957434,4827508,4821151,4815801,4821157,2139753
2026-07-19T13:45:16.850122+00:00,2810500.789833,1,4.087402,2.993652,1.951172,90500,90500,8,4838935,1999039,4826551,4826559,4826550,4826551,1919036,1944463,4836885,4836381,4838935,4831633,1933487
2026-07-19T13:45:17.850233+00:00,2810501.789945,1,4.160645,3.027344,1.967773,90375,90375,8,4816708,2140920,4813541,4813503,4813504,4813511,2139373,2120655,4816708,4815457,4815669,4668462,2135499
2026-07-19T13:45:18.852892+00:00,2810502.792603,1,4.160645,3.027344,1.967773,90500,90500,8,4834826,2146145,4820979,4820978,4820971,4820981,2116255,2147123,4814987,4814619,4834826,4831848,2099609
2026-07-19T13:45:19.850231+00:00,2810503.789944,1,4.160645,3.027344,1.967773,90500,90500,8,4816074,1925450,4816043,4816058,4816074,4816045,1941425,1926237,4814132,4811791,4812966,4815549,1932254
2026-07-19T13:45:20.853271+00:00,2810504.792983,1,4.160645,3.027344,1.967773,90625,90625,8,4821899,2143925,4813718,4813721,4813716,4813721,1925830,2142567,4816268,4821899,4815796,4819997,1928967
2026-07-19T13:45:21.852916+00:00,2810505.792627,1,4.160645,3.027344,1.967773,90500,90500,8,4839883,2147002,4823379,4823375,4823414,4823412,1933209,2144430,4829053,4831065,4839883,4834921,1932180
2026-07-19T13:45:22.852980+00:00,2810506.792692,1,4.228027,3.060547,1.984375,90625,90625,8,4833681,2144124,4825979,4825985,4825971,4826003,1931291,2137258,4823173,4819862,4819376,4833681,1931971
2026-07-19T13:45:23.853281+00:00,2810507.792992,1,4.228027,3.060547,1.984375,90625,90625,8,4831107,2116568,4815926,4815927,4815923,4815940,1916157,2121182,4822094,4831107,4651814,4705981,1911255
2026-07-19T13:45:24.852901+00:00,2810508.792613,1,4.228027,3.060547,1.984375,90750,90750,8,4816067,2139378,4816055,4816067,4816036,4816060,2139256,2139079,4814969,4814082,4816034,4815341,2139670
2026-07-19T13:45:25.852881+00:00,2810509.792592,1,4.228027,3.060547,1.984375,90625,90625,8,4839152,2143576,4825605,4825599,4825621,4825623,2148566,2148013,4833523,4836799,4838294,4839152,2144461
2026-07-19T13:45:26.853334+00:00,2810510.793046,1,4.228027,3.060547,1.984375,90750,90750,8,4816048,2139505,4816048,4816037,4816041,4816044,2138117,2138472,4812773,4813106,4814097,4815907,1961762
2026-07-19T13:45:27.852916+00:00,2810511.792627,1,4.209473,3.076172,1.995605,90750,90750,8,4840955,2041542,4831533,4831531,4831528,4831522,1982405,1965614,4840955,4838448,4840347,4840609,1991452
2026-07-19T13:45:28.850137+00:00,2810512.789848,1,4.209473,3.076172,1.995605,90750,90750,8,4829156,2128735,4821662,4821666,4821643,4821659,1929280,2146929,4770701,4829156,4815191,4819255,1933414
2026-07-19T13:45:29.853396+00:00,2810513.793107,1,4.209473,3.076172,1.995605,90875,90875,8,4826329,1928051,4819218,4819224,4819220,4819209,2127512,1929911,4815667,4826329,4815988,4714981,2092927
2026-07-19T13:45:30.852967+00:00,2810514.792680,1,4.209473,3.076172,1.995605,90875,90875,8,4816060,2138958,4816048,4816055,4816060,4816060,1925252,2139253,4814799,4815064,4814822,4815168,1926191
2026-07-19T13:45:31.852880+00:00,2810515.792592,1,4.209473,3.076172,1.995605,90750,90750,8,4816058,1925340,4816058,4816053,4816046,4816053,2141146,1924867,4813869,4814307,4814080,4815628,2139647
2026-07-19T13:45:32.852799+00:00,2810516.792510,1,4.192383,3.091797,2.006836,90750,90750,8,4816054,2139095,4816049,4816026,4816054,4816030,3569038,2139273,4814159,4814885,4814695,4815536,3365107
2026-07-19T13:45:33.853005+00:00,2810517.792717,1,4.192383,3.091797,2.006836,90750,90750,8,4816051,2139085,4816051,4816038,4816041,4816040,2139404,2138912,4813993,4814207,4815429,4815322,2139803
2026-07-19T13:45:34.852913+00:00,2810518.792624,1,4.192383,3.091797,2.006836,90625,90625,8,4836802,2142518,4813520,4813524,4813518,4813522,2013352,2142272,4820423,4826294,4836802,4831583,2057388
2026-07-19T13:45:35.852700+00:00,2810519.792408,1,4.192383,3.091797,2.006836,90625,90625,8,4816040,2139231,4816040,4816039,4816033,4816039,3034668,2139140,4814949,4813560,4815283,4815223,2964170
2026-07-19T13:45:36.852111+00:00,2810520.791821,1,4.192383,3.091797,2.006836,90625,90625,8,4816100,1925236,4816051,4816047,4816043,4816038,2139750,1925013,4814275,4814180,4816100,4816043,2140465
2026-07-19T13:45:37.861075+00:00,2810521.800785,1,4.176758,3.106934,2.017578,90625,90625,8,4833058,2141817,4817011,4817021,4817019,4817014,2141520,2147063,4832528,4833058,4818220,4822567,2142903
2026-07-19T13:45:38.852904+00:00,2810522.792615,1,4.176758,3.106934,2.017578,90625,90625,8,4834876,2069354,4820993,4820972,4820994,4820991,1930866,2052619,4832418,4827394,4814815,4834876,1933262
2026-07-19T13:45:39.849904+00:00,2810523.789615,1,4.176758,3.106934,2.017578,90625,90625,8,4832971,1924944,4816059,4816049,4816060,4816059,1960351,1925025,4814059,4813959,4815428,4832971,1929149
2026-07-19T13:45:40.852856+00:00,2810524.792568,1,4.176758,3.106934,2.017578,90625,90625,8,4816051,1954529,4816034,4816051,4816043,4816038,1925218,1962065,4813724,4814044,4812357,4815117,1924877
2026-07-19T13:45:41.852873+00:00,2810525.792585,1,4.176758,3.106934,2.017578,90750,90750,8,4816069,2139295,4816069,4816056,4816058,4816069,2139100,2139392,4814378,4813982,4813245,4815694,2139461
2026-07-19T13:45:42.850140+00:00,2810526.789852,1,4.162598,3.122070,2.028320,90750,90750,8,4829394,1927958,4813534,4813537,4813528,4813536,1928234,1919601,4821711,4814829,4829394,4824022,1929000
2026-07-19T13:45:43.852870+00:00,2810527.792582,1,4.162598,3.122070,2.028320,90750,90750,8,4816047,2002611,4816043,4816035,4816047,4816042,2139176,2139112,4813885,4814422,4814889,4815037,2139517
2026-07-19T13:45:44.852830+00:00,2810528.792542,1,4.162598,3.122070,2.028320,90750,90750,8,4825010,1931217,4813532,4813521,4813517,4813511,1930434,2147628,4825010,4815980,4816260,4824677,1927443
2026-07-19T13:45:45.853238+00:00,2810529.792953,1,4.162598,3.122070,2.028320,91625,91625,8,4826890,1926553,4818372,4818309,4818376,4818381,1925588,1925749,4816836,4822519,4826890,4815906,1927043
2026-07-19T13:45:46.852897+00:00,2810530.792610,1,4.162598,3.122070,2.028320,91500,91500,8,4840442,2148302,4831033,4831034,4831037,4831029,2145373,2148309,4837024,4832579,4840350,4840442,2146413
2026-07-19T13:45:47.850072+00:00,2810531.789783,1,4.149414,3.136719,2.039062,91375,91375,8,4822584,1925154,4816051,4816044,4816032,4816053,2139153,1925317,4813486,4813919,4822584,4815429,2139326
2026-07-19T13:45:48.853286+00:00,2810532.792999,1,4.149414,3.136719,2.039062,91250,91250,8,4821523,1925683,4821055,4821030,4821031,4821015,2140487,1927223,4819547,4819700,4771141,4821523,2128707
2026-07-19T13:45:49.852883+00:00,2810533.792595,1,4.149414,3.136719,2.039062,91125,91125,8,4827458,1925243,4813500,4813490,4813496,4813490,1927434,1924840,4787289,4822022,4827458,4825074,1927198
2026-07-19T13:45:50.852882+00:00,2810534.792594,1,4.149414,3.136719,2.039062,91000,91000,8,4835452,1928468,4821000,4820983,4820980,4820999,2075074,1911882,4823922,4830124,4835452,4825849,2101903
2026-07-19T13:45:51.853342+00:00,2810535.793055,1,4.149414,3.136719,2.039062,91000,91000,8,4826757,1928847,4818082,4818073,4818061,4818135,1932345,1929886,4822728,4820193,4823666,4826757,1932602
2026-07-19T13:45:52.852955+00:00,2810536.792666,1,4.137207,3.151367,2.049805,91000,91000,8,4816054,1967326,4816052,4816054,4816045,4816051,2139866,1926461,4814931,4815381,4814888,4815260,2139423
2026-07-19T13:45:53.852833+00:00,2810537.792546,1,4.137207,3.151367,2.049805,90875,90875,8,4840449,2129816,4823495,4823510,4823507,4823510,2032849,2127697,4835569,4837451,4820990,4840449,2081252
2026-07-19T13:45:54.853400+00:00,2810538.793112,1,4.137207,3.151367,2.049805,90875,90875,8,4840576,1934962,4823508,4823490,4823495,4823482,1934978,1935040,4834102,4837571,4791840,4840576,1902751
2026-07-19T13:45:55.852981+00:00,2810539.792694,1,4.137207,3.151367,2.049805,90875,90875,8,4816059,2003381,4816058,4816045,4816059,4816050,2016320,1983159,4815753,4814273,4815754,4815576,1998360
2026-07-19T13:45:56.852874+00:00,2810540.792586,1,4.137207,3.151367,2.049805,90875,90875,8,4816056,2103935,4816042,4816039,4816056,4816045,2138916,2129766,4814819,4815981,4815728,4815022,2139789
2026-07-19T13:45:57.853433+00:00,2810541.793144,1,4.125977,3.165527,2.060547,91000,91000,8,4816066,1948269,4816061,4816059,4816045,4816066,2019420,1927895,4815403,4814515,4814175,4815528,1989537
2026-07-19T13:45:58.853012+00:00,2810542.792723,1,4.125977,3.165527,2.060547,91000,91000,8,4825772,2139873,4815969,4815977,4815967,4815975,1950786,2139692,4815686,4814953,4815964,4825772,1930080
2026-07-19T13:45:59.852855+00:00,2810543.792566,1,4.125977,3.165527,2.060547,91125,91125,8,4835985,2125836,4822268,4822276,4822283,4822274,2146307,2146906,4823085,4822226,4825387,4835985,2147940
2026-07-19T13:46:00.852924+00:00,2810544.792635,1,4.125977,3.165527,2.060547,91125,91125,8,4818809,1925346,4816054,4816055,4816046,4816061,1925433,1925863,4814344,4814136,4818809,4815407,1925018
2026-07-19T13:46:01.853070+00:00,2810545.792782,1,4.125977,3.165527,2.060547,91250,91250,8,4831176,2144316,4820993,4820994,4821008,4821009,2138988,2146240,4829185,4831176,4824908,4824038,2143929
2026-07-19T13:46:02.852910+00:00,2810546.792621,1,4.115723,3.179688,2.071289,91875,91875,8,4816049,1924450,4816049,4816040,4816038,4816040,1971960,1925319,4814448,4814046,4814372,4815236,1955152
2026-07-19T13:46:03.852888+00:00,2810547.792599,1,4.115723,3.179688,2.071289,91625,91625,8,4830979,2146881,4810051,4810143,4810137,4810147,2141525,2146143,4830979,4818244,4814380,4820277,2133014
2026-07-19T13:46:04.855534+00:00,2810548.795245,1,4.115723,3.179688,2.071289,91500,91500,10,4815968,2271079,4815968,4815962,4815965,4815961,4813426,2269207,4814780,4814248,4814523,4815273,4815961
2026-07-19T13:46:05.852858+00:00,2810549.792570,1,4.115723,3.179688,2.071289,91375,91375,8,4825250,2076350,4816619,4816692,4816631,4816631,2139582,2104672,4822770,4815895,4825250,4818864,2142295
2026-07-19T13:46:06.850189+00:00,2810550.789902,1,4.115723,3.179688,2.071289,91250,91250,8,4818614,2139263,4816051,4816050,4816044,4816045,1925278,2139556,4815664,4815701,4814992,4818614,1925653
2026-07-19T13:46:07.853189+00:00,2810551.792901,1,4.106445,3.193359,2.082031,91125,91125,8,4816058,1925289,4816051,4816058,4816048,4816056,1996476,1925759,4814825,4815912,4813674,4815619,2095788
2026-07-19T13:46:08.852861+00:00,2810552.792572,1,4.106445,3.193359,2.082031,91125,91125,8,4816059,2139124,4816049,4816053,4816054,4816059,1998666,2139872,4814781,4815864,4812730,4815204,1983463
2026-07-19T13:46:09.852870+00:00,2810553.792582,1,4.106445,3.193359,2.082031,91125,91125,8,4836567,2148265,4820975,4820994,4821001,4821011,2147001,2144467,4836489,4836567,4819661,4815653,2149843
2026-07-19T13:46:10.853218+00:00,2810554.792931,1,4.106445,3.193359,2.082031,91000,91000,8,4816260,1925585,4816046,4816056,4816046,4816050,1925109,1926385,4814381,4815446,4813356,4816260,1925733
2026-07-19T13:46:11.852860+00:00,2810555.792573,1,4.106445,3.193359,2.082031,91000,91000,8,4823451,1926844,4823443,4823397,4823451,4823417,2142222,1927898,4817051,4816783,4819613,4817699,2142439
2026-07-19T13:46:12.850058+00:00,2810556.789769,1,4.097656,3.207031,2.092773,91000,91000,8,4816937,2139960,4816040,4816048,4816049,4816051,2139684,2139206,4815294,4816134,4813693,4816937,2139167
2026-07-19T13:46:13.850052+00:00,2810557.789764,1,4.097656,3.207031,2.092773,91000,91000,8,4818568,2027215,4816057,4816065,4816047,4816045,2131192,1974270,4815532,4815020,4813545,4818568,2101382
2026-07-19T13:46:14.852876+00:00,2810558.792588,1,4.097656,3.207031,2.092773,91125,91125,8,4835624,2139980,4823306,4823248,4823263,4823245,2142126,2127566,4835624,4832938,4821653,4820694,2144884
2026-07-19T13:46:15.852870+00:00,2810559.792582,1,4.097656,3.207031,2.092773,91125,91125,8,4816032,1940425,4816022,4816025,4816028,4816032,2139724,1933324,4815915,4814974,4814546,4815475,2140090
2026-07-19T13:46:16.853352+00:00,2810560.793064,1,4.097656,3.207031,2.092773,91125,91125,8,4835415,2148125,4820941,4820947,4820936,4820930,2007339,2142052,4824327,4824994,4825149,4835415,2034532
2026-07-19T13:46:17.852927+00:00,2810561.792639,1,4.169922,3.236816,2.108398,91000,91000,8,4816062,1925498,4816062,4816056,4816060,4816045,1939026,1926016,4814551,4813897,4813855,4814830,2017173
2026-07-19T13:46:18.852970+00:00,2810562.792682,1,4.169922,3.236816,2.108398,91000,91000,8,4816053,1996131,4816050,4816051,4816037,4816053,2025719,2048221,4814018,4815137,4813638,4815552,2053423
2026-07-19T13:46:19.853399+00:00,2810563.793110,1,4.169922,3.236816,2.108398,91000,91000,8,4842285,1953233,4819239,4819242,4819248,4819229,1929179,1999961,4829395,4817450,4842285,4819017,1928524
2026-07-19T13:46:20.852989+00:00,2810564.792700,1,4.169922,3.236816,2.108398,91125,91125,8,4816061,1935968,4816061,4816048,4816046,4816038,1977906,2139358,4813399,4813734,4814347,4816024,1974308
2026-07-19T13:46:21.852654+00:00,2810565.792364,1,4.169922,3.236816,2.108398,91250,91250,10,4815481,2140205,4815481,4815466,4815456,4815467,4452896,2140201,4815457,4815461,4815446,4815373,4451464
2026-07-19T13:46:22.853432+00:00,2810566.793144,1,4.156250,3.249512,2.118652,91875,91875,8,4840551,2146828,4827111,4827081,4827102,4827100,1931508,2050393,4840551,4830853,4816015,4816079,1931556
2026-07-19T13:46:23.853026+00:00,2810567.792738,1,4.156250,3.249512,2.118652,91750,91750,8,4816062,2119329,4816062,4816051,4816051,4816056,2139846,2047158,4813860,4813964,4815637,4815811,2139042
2026-07-19T13:46:24.852854+00:00,2810568.792568,1,4.156250,3.249512,2.118652,91500,91500,8,4837422,1930899,4824694,4824683,4824686,4824692,2143442,1926842,4837422,4819818,4836309,4816129,2145584
2026-07-19T13:46:25.852872+00:00,2810569.792584,1,4.156250,3.249512,2.118652,91375,91375,8,4816128,2139241,4816060,4816047,4816054,4816056,1925092,2133315,4815211,4813701,4816128,4813761,1925002
2026-07-19T13:46:26.853084+00:00,2810570.792796,1,4.156250,3.249512,2.118652,91375,91375,8,4829103,2140237,4814487,4814474,4814498,4814480,2753735,2122507,4814273,4813721,4829103,4816055,2751226
2026-07-19T13:46:27.852928+00:00,2810571.792640,1,4.143555,3.262207,2.128906,91250,91250,8,4816044,2140009,4816040,4816044,4816035,4816034,1924821,2138843,4813262,4813959,4812552,4814272,1925643
2026-07-19T13:46:28.852904+00:00,2810572.792616,1,4.143555,3.262207,2.128906,91250,91250,8,4820214,2136331,4816042,4816053,4816048,4816059,1925398,2066831,4816234,4813711,4814362,4820214,1925384
2026-07-19T13:46:29.853182+00:00,2810573.792894,1,4.143555,3.262207,2.128906,91250,91250,8,4816090,2103911,4816042,4816049,4816045,4816052,1925445,2041737,4814085,4816090,4813788,4815465,1925614
2026-07-19T13:46:30.852933+00:00,2810574.792645,1,4.143555,3.262207,2.128906,91125,91125,8,4816082,2139797,4816047,4816067,4816052,4816046,2139045,2139238,4814018,4813094,4814453,4816082,2140479
2026-07-19T13:46:31.852899+00:00,2810575.792611,1,4.143555,3.262207,2.128906,91125,91125,8,4816054,2139360,4816052,4816054,4816051,4816049,1925224,2085835,4814057,4814354,4815351,4814947,1925357
2026-07-19T13:46:32.853188+00:00,2810576.792899,1,4.131836,3.274902,2.139160,91125,91125,8,4817394,1926245,4813851,4813857,4813845,4813862,2103189,1925806,4814414,4817394,4815399,4816027,2135765
2026-07-19T13:46:33.852919+00:00,2810577.792630,1,4.131836,3.274902,2.139160,91125,91125,8,4817729,2131035,4816052,4816040,4816048,4816039,1926004,2139419,4813534,4813248,4817729,4815491,1925095
2026-07-19T13:46:34.852864+00:00,2810578.792575,1,4.131836,3.274902,2.139160,91250,91250,8,4831526,1932674,4820967,4820902,4820972,4820952,2148500,1928259,4830513,4831526,4817196,4830008,2143892
2026-07-19T13:46:35.853270+00:00,2810579.792981,1,4.131836,3.274902,2.139160,92000,92000,8,4838847,2145787,4828464,4828455,4828455,4828469,1934446,2147023,4828241,4829632,4838847,4825748,1930245
2026-07-19T13:46:36.852885+00:00,2810580.792597,1,4.131836,3.274902,2.139160,91750,91750,8,4828084,2142581,4813423,4813412,4813418,4813436,1940715,2127637,4821521,4813920,4815211,4828084,2025503
2026-07-19T13:46:37.852889+00:00,2810581.792600,1,4.201660,3.303711,2.154785,91625,91625,8,4816068,1925725,4816057,4816059,4816053,4816068,2139951,2149470,4815261,4814773,4815913,4815691,2140300
2026-07-19T13:46:38.853317+00:00,2810582.793029,1,4.201660,3.303711,2.154785,91500,91500,8,4837659,1932066,4820621,4820625,4820636,4820635,1968876,1931207,4827548,4827423,4837659,4827980,1943588
2026-07-19T13:46:39.853012+00:00,2810583.792723,1,4.201660,3.303711,2.154785,91500,91500,8,4816071,2139142,4816051,4816053,4816055,4816071,2016645,2139594,4814740,4813156,4815430,4814447,1994870
2026-07-19T13:46:40.850116+00:00,2810584.789828,1,4.201660,3.303711,2.154785,91500,91500,8,4816070,1924910,4816042,4816048,4816035,4816054,2139758,1925613,4814620,4816070,4815418,4814967,2139570
2026-07-19T13:46:41.850058+00:00,2810585.789770,1,4.201660,3.303711,2.154785,91500,91500,8,4816072,2139058,4816072,4816030,4816060,4816058,2139169,2138981,4814572,4814902,4815239,4815268,2139945
2026-07-19T13:46:42.852996+00:00,2810586.792708,1,4.185059,3.315430,2.165039,91500,91500,8,4832233,1925884,4813504,4813491,4813507,4813496,2119170,1926346,4612464,4832233,4814907,4559131,2064738
2026-07-19T13:46:43.852920+00:00,2810587.792632,1,4.185059,3.315430,2.165039,91500,91500,8,4837284,2143350,4821022,4821045,4821025,4821030,1924717,2112627,4835990,4818260,4830682,4837284,1935176
2026-07-19T13:46:44.849967+00:00,2810588.789678,1,4.185059,3.315430,2.165039,91500,91500,8,4816239,2091262,4816068,4816051,4816057,4816057,2000673,2129251,4816239,4814586,4814069,4813555,2059973
2026-07-19T13:46:45.852996+00:00,2810589.792708,1,4.185059,3.315430,2.165039,91375,91375,8,4823200,2139209,4813500,4813501,4813508,4813513,2143158,2138676,4814871,4813522,4814152,4823200,2140235
2026-07-19T13:46:46.852888+00:00,2810590.792600,1,4.185059,3.315430,2.165039,91500,91500,8,4816670,2140448,4816052,4816060,4816047,4816062,1924760,2139139,4816670,4815599,4813710,4815577,1926375
2026-07-19T13:46:47.850096+00:00,2810591.789808,1,4.169922,3.327148,2.175293,91500,91500,8,4816052,1925304,4816042,4816052,4816049,4816051,2139576,1921607,4813911,4813727,4813688,4816031,2140025
2026-07-19T13:46:48.853057+00:00,2810592.792768,1,4.169922,3.327148,2.175293,91375,91375,8,4816067,2002552,4816064,4816028,4816067,4816056,2139852,2131071,4814639,4815111,4813774,4815211,2139393
2026-07-19T13:46:49.852892+00:00,2810593.792604,1,4.169922,3.327148,2.175293,91375,91375,8,4835731,1991234,4824524,4824545,4824521,4824544,1926291,2023561,4835731,4819887,4814539,4822462,1928077
2026-07-19T13:46:50.852839+00:00,2810594.792552,1,4.169922,3.327148,2.175293,91375,91375,8,4816053,2139410,4816046,4816041,4816045,4816053,2139889,2139382,4814917,4815092,4813540,4815158,2139255
2026-07-19T13:46:51.853102+00:00,2810595.792813,1,4.169922,3.327148,2.175293,91250,91250,8,4816054,1925861,4816053,4816041,4816053,4816054,1974650,1925693,4814298,4815475,4812552,4814415,1925032
2026-07-19T13:46:52.852828+00:00,2810596.792540,1,4.156250,3.338379,2.185547,91250,91250,8,4821997,2139197,4816049,4816034,4816057,4816042,2139485,2139523,4812505,4814527,4816204,4821997,2139165
2026-07-19T13:46:53.852874+00:00,2810597.792587,1,4.156250,3.338379,2.185547,91250,91250,8,4816062,2139345,4816062,4816054,4816051,4816047,2140057,2139472,4814906,4816006,4814336,4815658,2140010
2026-07-19T13:46:54.849948+00:00,2810598.789660,1,4.156250,3.338379,2.185547,92125,92125,8,4816059,2139285,4816012,4816059,4816049,4816053,2140174,2139560,4813203,4815059,4808049,4815040,2139625
2026-07-19T13:46:55.852950+00:00,2810599.792662,1,4.156250,3.338379,2.185547,92000,92000,8,4824609,1934202,4823900,4823900,4823898,4823904,1931636,1925749,4824609,4823699,4816376,4817317,1931299
2026-07-19T13:46:56.852817+00:00,2810600.792532,1,4.156250,3.338379,2.185547,92000,92000,8,4808230,2139264,4791561,4791558,4791554,4791564,2145350,2137139,4771967,4800409,4794500,4808230,2130093
2026-07-19T13:46:57.853245+00:00,2810601.792957,1,4.143555,3.349609,2.195312,91875,91875,8,4825147,2140845,4813532,4813525,4813532,4813537,1935039,2139205,4825147,4820714,4816263,4816984,1927822
2026-07-19T13:46:58.852886+00:00,2810602.792597,1,4.143555,3.349609,2.195312,91750,91750,8,4816058,2138920,4816058,4816055,4816050,4816049,2139497,2140505,4815071,4814468,4814102,4815775,2140411
2026-07-19T13:46:59.852831+00:00,2810603.792546,1,4.143555,3.349609,2.195312,91750,91750,8,4816012,2139552,4816012,4816002,4815994,4815986,2190808,2139782,4815299,4813668,4814148,4815404,2252988
2026-07-19T13:47:00.852692+00:00,2810604.792404,1,4.143555,3.349609,2.195312,91875,91875,8,4816054,2138825,4816043,4816044,4816054,4816051,2771148,2138880,4815948,4814951,4814179,4815823,3003201
2026-07-19T13:47:01.851721+00:00,2810605.791428,1,4.143555,3.349609,2.195312,91750,91750,8,4816055,2138845,4816055,4816045,4816052,4816046,1985496,2139392,4815303,4814699,4812409,4815847,1970241
2026-07-19T13:47:02.860891+00:00,2810606.800599,1,4.292480,3.394043,2.215820,92000,92000,10,4797181,4794316,4788539,4788535,4788529,4788541,2128622,4788542,4791483,4795523,4797181,4788524,2131818
2026-07-19T13:47:03.853384+00:00,2810607.793096,1,4.292480,3.394043,2.215820,92250,92250,8,4816053,1925163,4816049,4816053,4816047,4816044,2139945,1925494,4814205,4813290,4814461,4813199,2138985
2026-07-19T13:47:04.852931+00:00,2810608.792642,1,4.292480,3.394043,2.215820,92000,92000,8,4816055,1925589,4816055,4816039,4816050,4816053,2137566,1925710,4815602,4813093,4815717,4812941,2040236
2026-07-19T13:47:05.850198+00:00,2810609.789910,1,4.292480,3.394043,2.215820,92000,92000,8,4816064,1925335,4816062,4816046,4816064,4816050,2139257,1925022,4815444,4814008,4815198,4809752,2139631
2026-07-19T13:47:06.853016+00:00,2810610.792729,1,4.292480,3.394043,2.215820,91875,91875,8,4816062,2139460,4816062,4816052,4816045,4816045,2139818,2139186,4815699,4816016,4814282,4813129,2139083
2026-07-19T13:47:07.852988+00:00,2810611.792701,1,4.269043,3.404297,2.225586,91750,91750,8,4816059,2079453,4816037,4816059,4816040,4816048,1924861,2137410,4814531,4814974,4814130,4815386,1925082
2026-07-19T13:47:08.852898+00:00,2810612.792610,1,4.269043,3.404297,2.225586,91625,91625,8,4816195,2139162,4816070,4816056,4816060,4816047,1925634,2139685,4814117,4814569,4816195,4814891,1925520
2026-07-19T13:47:09.850001+00:00,2810613.789713,1,4.269043,3.404297,2.225586,91625,91625,10,4797552,4787413,4787398,4787420,4787406,4787403,1964059,4792846,4791265,4797552,4769536,4789549,2054134
2026-07-19T13:47:10.853028+00:00,2810614.792740,1,4.269043,3.404297,2.225586,92000,92000,8,4822003,2072263,4817225,4817239,4817229,4817227,2151325,1994286,4819497,4822003,4815343,4817084,2142525
2026-07-19T13:47:11.852945+00:00,2810615.792657,1,4.269043,3.404297,2.225586,91750,91750,8,4816060,1925046,4816043,4816037,4816044,4816060,1925666,1924843,4814460,4815331,4814688,4815269,1924957
2026-07-19T13:47:12.852870+00:00,2810616.792581,1,4.247070,3.414551,2.235352,91625,91625,8,4833604,2140029,4819534,4819533,4819528,4819539,2139561,2141024,4823598,4820627,4833604,4822818,2143755
2026-07-19T13:47:13.853076+00:00,2810617.792787,1,4.247070,3.414551,2.235352,91500,91500,8,4838540,2144913,4812046,4812045,4812052,4812042,1934091,2144077,4829061,4836110,4833355,4838540,1935596
2026-07-19T13:47:14.852921+00:00,2810618.792633,1,4.247070,3.414551,2.235352,91500,91500,8,4816062,2095636,4816062,4816056,4816059,4816058,2093023,2122375,4812966,4815491,4815802,4815128,2111416
2026-07-19T13:47:15.850164+00:00,2810619.789875,1,4.247070,3.414551,2.235352,91500,91500,8,4816209,2078429,4816050,4816040,4816062,4816056,1925098,2131542,4814008,4815047,4815804,4816209,1925184
2026-07-19T13:47:16.853122+00:00,2810620.792834,1,4.247070,3.414551,2.235352,91500,91500,8,4816061,2139131,4816048,4816061,4816055,4816043,2139057,2139262,4814639,4814590,4815056,4815343,2139398
2026-07-19T13:47:17.852849+00:00,2810621.792561,1,4.227051,3.424316,2.245117,91375,91375,8,4816064,2139677,4816056,4816054,4816048,4816064,2139658,2139175,4814310,4815025,4815377,4815207,2138999
2026-07-19T13:47:18.852866+00:00,2810622.792578,1,4.227051,3.424316,2.245117,91500,91500,8,4816056,2139507,4816050,4816030,4816056,4816048,2139709,2139668,4815924,4813875,4815236,4815036,2139956
2026-07-19T13:47:19.852584+00:00,2810623.792295,1,4.227051,3.424316,2.245117,91500,91500,8,4816055,2139442,4816041,4816032,4816055,4816033,2751474,2139341,4814387,4814291,4814955,4814827,2750756
2026-07-19T13:47:20.849862+00:00,2810624.789574,1,4.227051,3.424316,2.245117,91625,91625,8,4828015,2142344,4813506,4813521,4813514,4813513,2139444,2143173,4823376,4818901,4828015,4819277,2143368
2026-07-19T13:47:21.852854+00:00,2810625.792566,1,4.227051,3.424316,2.245117,91625,91625,8,4836045,1927619,4818712,4818710,4818714,4818713,2116998,1930629,4820921,4824740,4717604,4836045,2118646
2026-07-19T13:47:22.853254+00:00,2810626.792967,1,4.208496,3.434082,2.254883,91500,91500,8,4816538,1924933,4816052,4816054,4816046,4816053,2139718,1925943,4814051,4814662,4815708,4816538,2139503
2026-07-19T13:47:23.852873+00:00,2810627.792585,1,4.208496,3.434082,2.254883,91500,91500,8,4818155,2144174,4816077,4816072,4816069,4816067,2143678,2144948,4818155,4809020,4818150,4790319,2143405
2026-07-19T13:47:24.852967+00:00,2810628.792678,1,4.208496,3.434082,2.254883,91500,91500,8,4816066,2137888,4816052,4816049,4816055,4816066,1925277,2138766,4812729,4815329,4813278,4814435,1925277
2026-07-19T13:47:25.853304+00:00,2810629.793016,1,4.208496,3.434082,2.254883,91500,91500,8,4816956,1926193,4816060,4816039,4816053,4816064,2139925,1923481,4814858,4815923,4815054,4816956,2138942
2026-07-19T13:47:26.852913+00:00,2810630.792625,1,4.208496,3.434082,2.254883,91500,91500,8,4816064,2139785,4816064,4816062,4816052,4816054,2139711,2138506,4813606,4815344,4813855,4812887,2138748
2026-07-19T13:47:27.852814+00:00,2810631.792527,1,4.191406,3.443848,2.264648,91375,91375,8,4816059,2138793,4816053,4816048,4816059,4816042,1926336,2140243,4814086,4815020,4815877,4815095,1930752
2026-07-19T13:47:28.853390+00:00,2810632.793102,1,4.191406,3.443848,2.264648,91375,91375,8,4816060,2138785,4816051,4816045,4816054,4816060,2092459,2139350,4814290,4813562,4814646,4813655,2139129
2026-07-19T13:47:29.852977+00:00,2810633.792688,1,4.191406,3.443848,2.264648,91500,91500,8,4816104,1925137,4816051,4816052,4816060,4816055,2139828,1925245,4816104,4814632,4815726,4815378,2139439
2026-07-19T13:47:30.852824+00:00,2810634.792535,1,4.191406,3.443848,2.264648,91500,91500,8,4826835,2141222,4813513,4813506,4813509,4813518,2143777,2143647,4825637,4821958,4826835,4742164,2129377
2026-07-19T13:47:31.852840+00:00,2810635.792553,1,4.191406,3.443848,2.264648,92000,92000,8,4816053,2136808,4816044,4816050,4816053,4816053,2139803,2101328,4814162,4813066,4815034,4814892,2139637
2026-07-19T13:47:32.853019+00:00,2810636.792732,1,4.175781,3.453125,2.274414,91875,91875,8,4816067,2139534,4816066,4816044,4816056,4816067,2139711,2140146,4815485,4815193,4815899,4815242,2139129
2026-07-19T13:47:33.852869+00:00,2810637.792580,1,4.175781,3.453125,2.274414,91750,91750,8,4816052,1951558,4816052,4816047,4816043,4816043,2035939,1929981,4814360,4814743,4813945,4815520,1989348
2026-07-19T13:47:34.852888+00:00,2810638.792599,1,4.175781,3.453125,2.274414,91625,91625,8,4837921,2132884,4820963,4820964,4820972,4820966,2148184,2123341,4767250,4737048,4837921,4827668,2147944
2026-07-19T13:47:35.853039+00:00,2810639.792751,1,4.175781,3.453125,2.274414,91625,91625,8,4816065,2134396,4816055,4816048,4816053,4816065,1956299,1934472,4815066,4814248,4815649,4814984,1993502
2026-07-19T13:47:36.852916+00:00,2810640.792628,1,4.175781,3.453125,2.274414,91625,91625,8,4838387,2146194,4832159,4832129,4832143,4832143,2149158,2147062,4833654,4832757,4838387,4815792,2148581
2026-07-19T13:47:37.852863+00:00,2810641.792574,1,4.161621,3.462402,2.283691,91625,91625,8,4816345,2139607,4816054,4816054,4816067,4816048,2139595,2140496,4813195,4814643,4816345,4815247,2139560
2026-07-19T13:47:38.853086+00:00,2810642.792798,1,4.161621,3.462402,2.283691,91625,91625,8,4840553,2146856,4829453,4829477,4829457,4829452,2144632,2143661,4830997,4836130,4840553,4831474,2137491
2026-07-19T13:47:39.852861+00:00,2810643.792575,1,4.161621,3.462402,2.283691,91625,91625,8,4816174,2138885,4816057,4816063,4816057,4816048,2139912,2140019,4815784,4814484,4816174,4815707,2139383
2026-07-19T13:47:40.852887+00:00,2810644.792598,1,4.161621,3.462402,2.283691,91625,91625,8,4816055,2139156,4816051,4816048,4816046,4816055,2139416,2139133,4813889,4813580,4815542,4815423,2139274
2026-07-19T13:47:41.853131+00:00,2810645.792842,1,4.161621,3.462402,2.283691,91625,91625,8,4817325,2059437,4816032,4816055,4816051,4816051,2120565,2037498,4814194,4814947,4817325,4815975,2021825
2026-07-19T13:47:42.850340+00:00,2810646.790047,1,4.148438,3.471680,2.292969,91625,91625,8,4816058,2094669,4816050,4816058,4816015,4816042,2140346,2056123,4813853,4815356,4814814,4815242,2139459
2026-07-19T13:47:43.852860+00:00,2810647.792572,1,4.148438,3.471680,2.292969,91500,91500,8,4825470,2140601,4818938,4818934,4818947,4818956,2139490,2143617,4817129,4825470,4821650,4823870,2141111
2026-07-19T13:47:44.849938+00:00,2810648.789652,1,4.148438,3.471680,2.292969,91500,91500,8,4816051,1925703,4816051,4816047,4816037,4816048,2139233,1925301,4813923,4814784,4815630,4815599,2139287
2026-07-19T13:47:45.852911+00:00,2810649.792622,1,4.148438,3.471680,2.292969,91625,91625,8,4816065,2139892,4816065,4816058,4816055,4816058,1925440,2139426,4813882,4815247,4814981,4815788,1924981
2026-07-19T13:47:46.852821+00:00,2810650.792532,1,4.148438,3.471680,2.292969,91625,91625,8,4834439,1925123,4816008,4816002,4816016,4815999,2138810,1924924,4813900,4815601,4814574,4834439,2138936
2026-07-19T13:47:47.853268+00:00,2810651.792979,1,4.136230,3.480469,2.302246,91625,91625,8,4816861,2140479,4813493,4813544,4813487,4813490,2139418,2139744,4816167,4816861,4814341,4814382,2139241
2026-07-19T13:47:48.850459+00:00,2810652.790171,1,4.136230,3.480469,2.302246,91500,91500,8,4827256,1908278,4815875,4815884,4815865,4815877,2130707,1927284,4822514,4827256,4816640,4826776,2136087
2026-07-19T13:47:49.852913+00:00,2810653.792625,1,4.136230,3.480469,2.302246,91625,91625,8,4816055,2139322,4816044,4816055,4816043,4816051,1924913,2139427,4813539,4815541,4814751,4815044,1925429
2026-07-19T13:47:50.850131+00:00,2810654.789843,1,4.136230,3.480469,2.302246,91500,91500,8,4830119,2063172,4820699,4820699,4820702,4820760,1990263,2121506,4822773,4830119,4827181,4815968,2034278
2026-07-19T13:47:51.850563+00:00,2810655.790277,1,4.136230,3.480469,2.302246,91625,91625,8,4816053,1925790,4816050,4816034,4816035,4816053,1925462,1925640,4813859,4814873,4815297,4815080,1925233
2026-07-19T13:47:52.852907+00:00,2810656.792619,1,4.125000,3.489258,2.311523,91625,91625,8,4816053,2139566,4816047,4816043,4816043,4816053,2010111,2139885,4813556,4814445,4815331,4816041,1943733
2026-07-19T13:47:53.849884+00:00,2810657.789595,1,4.125000,3.489258,2.311523,91625,91625,8,4828044,2142455,4813501,4813446,4813498,4813508,1953933,2121969,4822345,4828044,4825262,4816538,1932076
2026-07-19T13:47:54.852970+00:00,2810658.792681,1,4.125000,3.489258,2.311523,91625,91625,8,4816057,1924936,4816039,4816055,4816050,4816057,1974388,1925314,4813250,4814783,4815180,4814846,2038483
2026-07-19T13:47:55.852841+00:00,2810659.792553,1,4.125000,3.489258,2.311523,91625,91625,8,4824451,2142450,4814344,4814364,4814356,4814367,1928029,2140835,4824451,4817683,4819136,4819306,1934099
2026-07-19T13:47:56.850129+00:00,2810660.789840,1,4.125000,3.489258,2.311523,91625,91625,8,4816059,2139098,4816048,4816059,4816053,4816049,2138971,2139408,4781377,4814736,4815388,4814761,2137992
2026-07-19T13:47:57.853000+00:00,2810661.792711,1,4.125000,3.489258,2.311523,91625,91625,8,4818742,2139289,4816049,4816045,4816059,4816050,1924640,2140159,4813051,4813899,4815624,4818742,1925083
2026-07-19T13:47:58.852876+00:00,2810662.792591,1,4.114746,3.498047,2.320801,91625,91625,8,4824144,1943414,4816051,4816059,4816053,4816043,2139190,1953235,4815557,4813229,4814771,4824144,2139451
2026-07-19T13:47:59.853440+00:00,2810663.793152,1,4.114746,3.498047,2.320801,91750,91750,8,4827808,1931952,4809706,4809723,4809714,4809720,2117156,1925556,4821523,4815861,4827808,4815332,2036206
2026-07-19T13:48:00.853043+00:00,2810664.792755,1,4.114746,3.498047,2.320801,92250,92250,8,4817297,2139614,4816052,4816056,4816045,4816059,1925321,2139341,4813809,4815645,4817297,4815175,1925921
2026-07-19T13:48:01.850269+00:00,2810665.789981,1,4.114746,3.498047,2.320801,92250,92250,8,4816056,2139906,4816056,4816041,4816051,4816042,2139982,2139240,4813816,4815115,4814183,4814996,2139197
2026-07-19T13:48:02.852843+00:00,2810666.792556,1,4.114746,3.498047,2.320801,92125,92125,10,4816126,4812558,4816040,4816045,4816039,4816038,2139566,4767685,4816126,4815516,4815609,4814921,2140153
2026-07-19T13:48:03.853098+00:00,2810667.792809,1,4.105469,3.506836,2.330078,91875,91875,8,4833710,1927920,4813529,4813549,4813535,4813519,2093944,1925863,4821422,4752026,4823121,4833710,2064218
2026-07-19T13:48:04.852911+00:00,2810668.792623,1,4.105469,3.506836,2.330078,91875,91875,8,4816057,1926036,4816035,4816055,4816033,4816057,2140288,1925647,4815510,4813652,4815786,4815308,2139702
2026-07-19T13:48:05.852946+00:00,2810669.792658,1,4.105469,3.506836,2.330078,91750,91750,8,4816065,2136816,4816052,4816049,4816045,4816065,2139165,2135413,4813120,4813777,4816047,4814746,2139821
2026-07-19T13:48:06.850110+00:00,2810670.789823,1,4.105469,3.506836,2.330078,91750,91750,8,4816032,1925227,4816023,4816032,4816018,4816021,1925253,1925894,4814898,4813419,4815484,4815150,1925982
2026-07-19T13:48:07.852858+00:00,2810671.792570,1,4.105469,3.506836,2.330078,92250,92250,8,4799672,3109620,4782421,4782418,4782454,4782434,2135567,3045707,4766421,4764678,4642615,4799672,2130932
2026-07-19T13:48:08.852884+00:00,2810672.792596,1,4.657715,3.631348,2.376953,92125,92125,8,4817981,2139523,4813186,4813191,4813180,4813170,2150273,2141278,4815824,4813986,4816627,4817981,2140999
2026-07-19T13:48:09.850099+00:00,2810673.789811,1,4.657715,3.631348,2.376953,92000,92000,8,4816078,2140556,4816055,4816078,4816047,4816063,2139365,2139447,4814970,4814182,4815562,4815837,2139273
2026-07-19T13:48:10.852870+00:00,2810674.792582,1,4.657715,3.631348,2.376953,91875,91875,8,4816068,2139260,4816052,4816047,4816068,4816049,2138868,2139604,4814726,4814669,4815304,4814719,2139230
2026-07-19T13:48:11.850183+00:00,2810675.789894,1,4.657715,3.631348,2.376953,91875,91875,8,4817403,2114680,4813519,4813527,4813518,4813511,1999306,2119030,4816546,4817403,4816670,4815602,2024567
2026-07-19T13:48:12.850073+00:00,2810676.789784,1,4.657715,3.631348,2.376953,91750,91750,8,4816057,2139262,4816039,4816047,4816043,4816057,2139617,2139357,4813834,4812983,4815401,4814225,2139036
2026-07-19T13:48:13.850451+00:00,2810677.790163,1,4.604980,3.637695,2.385742,91750,91750,8,4816061,1924965,4816061,4816052,4816039,4816061,2139410,1925697,4815505,4814657,4814723,4814551,2139593
2026-07-19T13:48:14.850112+00:00,2810678.789823,1,4.604980,3.637695,2.385742,91750,91750,8,4827769,2142692,4820978,4820981,4820963,4820982,2141957,2141643,4820995,4827769,4815263,4813763,2139350
2026-07-19T13:48:15.853328+00:00,2810679.793039,1,4.604980,3.637695,2.385742,92625,92625,8,4816050,2139106,4816035,4816044,4816044,4816050,2129272,2139577,4815227,4814247,4815666,4815719,2059566
2026-07-19T13:48:16.852920+00:00,2810680.792631,1,4.604980,3.637695,2.385742,92500,92500,8,4816906,2135126,4816060,4816054,4816055,4816043,2140425,1956976,4813619,4815528,4816191,4816906,2139186
2026-07-19T13:48:17.852863+00:00,2810681.792575,1,4.604980,3.637695,2.385742,92375,92375,8,4816055,2140301,4816051,4816045,4816053,4816055,2140428,2139474,4813520,4813301,4814383,4814123,2139109
2026-07-19T13:48:18.853361+00:00,2810682.793073,1,4.556152,3.644043,2.394531,92125,92125,8,4837095,2139385,4820339,4820331,4820330,4820381,2028046,2143458,4818258,4819103,4837095,4833411,2104040
2026-07-19T13:48:19.852963+00:00,2810683.792674,1,4.556152,3.644043,2.394531,92125,92125,8,4816070,2138944,4816055,4816056,4816052,4816070,2067988,2139017,4814303,4813777,4813887,4815867,2046577
2026-07-19T13:48:20.850181+00:00,2810684.789892,1,4.556152,3.644043,2.394531,92125,92125,8,4816011,2132950,4815994,4816011,4816000,4815996,1933732,2134462,4814996,4812984,4813407,4814840,1925935
2026-07-19T13:48:21.853445+00:00,2810685.793157,1,4.556152,3.644043,2.394531,92000,92000,8,4816065,1925299,4816048,4816034,4816055,4816065,2124630,1925777,4815091,4813421,4811395,4815179,2126371
2026-07-19T13:48:22.853016+00:00,2810686.792731,1,4.556152,3.644043,2.394531,91875,91875,8,4816015,2139546,4815991,4815992,4815993,4816015,2139901,2139950,4815138,4815367,4815543,4815315,2140197
2026-07-19T13:48:23.857425+00:00,2810687.797137,1,4.591797,3.666992,2.408691,91750,91750,8,4816061,2139367,4816039,4816049,4816050,4816061,2139821,2139425,4815583,4813829,4815666,4815488,2139765
2026-07-19T13:48:24.852909+00:00,2810688.792620,1,4.591797,3.666992,2.408691,91875,91875,8,4816059,1948037,4816049,4816059,4816042,4816037,1926071,2014356,4814457,4813574,4815943,4813703,1925093
2026-07-19T13:48:25.853105+00:00,2810689.792816,1,4.591797,3.666992,2.408691,91875,91875,9,4815882,4139144,4815882,4815870,4815879,4815879,2140039,4582086,4814364,4813619,4813958,4812905,2139071
2026-07-19T13:48:26.852833+00:00,2810690.792545,1,4.591797,3.666992,2.408691,91875,91875,8,4816053,1998610,4816053,4816048,4816047,4816036,1948886,1986072,4814753,4814434,4814914,4813470,1995679
2026-07-19T13:48:27.852869+00:00,2810691.792580,1,4.591797,3.666992,2.408691,91875,91875,8,4816305,2140465,4816011,4816019,4816012,4816031,2296213,2139610,4814800,4813747,4816305,4813034,2177827
2026-07-19T13:48:28.856034+00:00,2810692.795746,1,4.543945,3.672852,2.417480,92000,92000,9,4816040,1935808,4816040,4816036,4816031,4816033,4589630,1975677,4813734,4813404,4814322,4814822,4102148
2026-07-19T13:48:29.852034+00:00,2810693.791744,1,4.543945,3.672852,2.417480,92125,92125,8,4816000,1924912,4815990,4816000,4815999,4816000,2139648,1925271,4814998,4814131,4815447,4815952,2139030
2026-07-19T13:48:30.852917+00:00,2810694.792631,1,4.543945,3.672852,2.417480,92000,92000,8,4834195,2146459,4810508,4810510,4810499,4810435,1963500,2146236,4834195,4822030,4823599,4818161,1969661
2026-07-19T13:48:31.853177+00:00,2810695.792889,1,4.543945,3.672852,2.417480,91875,91875,8,4816056,1924947,4816054,4816054,4816056,4816041,1925766,1925557,4812522,4815425,4813934,4814576,1924932
2026-07-19T13:48:32.852875+00:00,2810696.792587,1,4.543945,3.672852,2.417480,91875,91875,8,4816055,1939997,4816049,4816054,4816040,4816055,2139932,1967856,4812726,4813401,4814238,4815281,2139319
2026-07-19T13:48:33.852983+00:00,2810697.792694,1,4.660645,3.711914,2.437012,91750,91750,8,4816061,2139429,4816044,4816049,4816050,4816061,1925551,2139753,4814497,4813510,4814082,4815595,1924849
2026-07-19T13:48:34.853256+00:00,2810698.792968,1,4.660645,3.711914,2.437012,91750,91750,8,4816061,2024043,4816053,4816057,4816061,4816043,2140136,1981805,4813875,4814849,4814186,4814812,2139191
2026-07-19T13:48:35.853019+00:00,2810699.792730,1,4.660645,3.711914,2.437012,91750,91750,8,4837978,2150111,4830919,4830931,4830918,4830908,1934307,2145913,4827757,4776218,4836306,4837978,1934239
2026-07-19T13:48:36.853031+00:00,2810700.792743,1,4.660645,3.711914,2.437012,91750,91750,8,4816064,1926439,4816033,4816061,4816064,4816057,1925959,1925763,4813677,4815755,4814533,4814658,1928523
2026-07-19T13:48:37.853321+00:00,2810701.793034,1,4.660645,3.711914,2.437012,91750,91750,8,4816056,1926079,4816049,4816056,4816050,4816047,1925833,1924898,4813040,4813309,4813767,4815705,1923445
2026-07-19T13:48:38.852970+00:00,2810702.792682,1,4.687988,3.733398,2.451172,91750,91750,8,4827088,1985463,4813558,4813572,4813561,4813559,1956081,1959297,4822350,4705720,4820788,4827088,1943167
2026-07-19T13:48:39.852868+00:00,2810703.792580,1,4.687988,3.733398,2.451172,91750,91750,8,4833501,2002066,4825507,4825502,4825566,4825516,2135266,1980071,4833501,4832153,4813290,4813278,2022547
2026-07-19T13:48:40.852777+00:00,2810704.792486,1,4.687988,3.733398,2.451172,91750,91750,8,4816050,2139861,4816047,4816050,4816049,4816032,2139994,2138504,4814399,4813150,4816045,4814793,2139220
2026-07-19T13:48:41.852947+00:00,2810705.792659,1,4.687988,3.733398,2.451172,91750,91750,8,4828230,1932655,4816057,4816040,4816046,4816048,1926164,1981113,4815476,4814159,4815001,4828230,1925725
2026-07-19T13:48:42.852870+00:00,2810706.792582,1,4.687988,3.733398,2.451172,91750,91750,8,4815992,2139181,4815983,4815986,4815992,4815987,2140097,2138871,4814835,4813314,4814199,4815074,2139577
2026-07-19T13:48:43.850103+00:00,2810707.789815,1,4.713379,3.754883,2.465332,91750,91750,8,4816057,1976802,4816042,4816057,4816051,4816054,2140139,2139017,4814330,4813325,4813732,4814945,2139138
2026-07-19T13:48:44.852998+00:00,2810708.792711,1,4.713379,3.754883,2.465332,91750,91750,8,4836462,2146846,4820995,4821002,4821000,4821004,2145648,2146672,4836462,4829437,4810993,4722356,2143354
2026-07-19T13:48:45.852636+00:00,2810709.792348,1,4.713379,3.754883,2.465332,92000,92000,12,4815420,4815411,4815394,4815396,4815400,4815407,4815403,4815392,4815418,4815322,4815400,4815404,4815420
2026-07-19T13:48:46.857144+00:00,2810710.796856,1,4.713379,3.754883,2.465332,92250,92250,8,4816288,1932621,4816011,4816014,4816028,4816019,2139276,2016308,4814972,4814698,4815841,4816288,2139078
2026-07-19T13:48:47.853055+00:00,2810711.792766,1,4.713379,3.754883,2.465332,92250,92250,8,4816069,2139360,4816057,4816041,4816052,4816069,2140255,2139039,4815131,4812860,4814506,4815304,2138911
2026-07-19T13:48:48.852780+00:00,2810712.792491,1,4.656250,3.759277,2.473633,92125,92125,8,4820781,2140482,4815036,4814966,4815036,4815026,2140703,2139665,4815032,4820781,4819941,4817959,2140744
2026-07-19T13:48:49.852831+00:00,2810713.792542,1,4.656250,3.759277,2.473633,92125,92125,8,4816307,2140065,4816057,4816051,4816063,4816051,2139594,2139539,4816307,4815509,4813915,4815783,2138949
2026-07-19T13:48:50.853107+00:00,2810714.792818,1,4.656250,3.759277,2.473633,92125,92125,8,4816056,2140081,4816055,4816053,4816055,4816056,2139624,2139314,4814972,4813108,4814456,4816005,2139923
2026-07-19T13:48:51.852844+00:00,2810715.792556,1,4.656250,3.759277,2.473633,91875,91875,8,4816056,2139925,4816044,4816052,4816056,4816046,1926705,2139242,4814062,4815096,4813783,4814866,2067755
2026-07-19T13:48:52.852851+00:00,2810716.792563,1,4.656250,3.759277,2.473633,91875,91875,8,4815977,2112980,4815963,4815977,4815967,4815962,2139358,2127887,4815015,4814932,4813343,4815345,2140195
2026-07-19T13:48:53.853199+00:00,2810717.792911,1,4.603516,3.763672,2.481934,91875,91875,8,4816064,2138363,4816064,4816059,4816057,4816058,2139664,2139266,4814063,4814158,4813032,4815432,2140025
2026-07-19T13:48:54.850372+00:00,2810718.790084,1,4.603516,3.763672,2.481934,91750,91750,8,4826675,2029202,4813815,4813828,4813808,4813806,2035844,2085540,4824723,4818639,4815669,4826675,2048427
2026-07-19T13:48:55.852850+00:00,2810719.792562,1,4.603516,3.763672,2.481934,91750,91750,8,4816060,2140032,4816060,4816047,4816047,4816053,2139262,2139854,4814181,4813249,4813073,4814170,2139279
2026-07-19T13:48:56.853215+00:00,2810720.792926,1,4.603516,3.763672,2.481934,91750,91750,8,4816059,2139570,4816055,4816049,4816059,4816042,1925855,2139052,4813916,4813193,4813354,4814783,1925807
2026-07-19T13:48:57.852902+00:00,2810721.792614,1,4.603516,3.763672,2.481934,91750,91750,8,4820433,2142480,4813482,4813501,4813511,4813489,2058727,2142392,4815401,4716917,4820433,4819393,2110077
2026-07-19T13:48:58.852933+00:00,2810722.792644,1,4.635742,3.784668,2.495605,91750,91750,8,4816062,2139112,4816045,4816053,4816051,4816062,2055219,2139115,4814020,4812197,4814234,4813296,2095606
2026-07-19T13:48:59.853322+00:00,2810723.793034,1,4.635742,3.784668,2.495605,91875,91875,8,4816053,2139856,4816052,4816039,4816053,4816052,2139916,2139207,4813927,4812481,4813944,4814886,2139048
2026-07-19T13:49:00.852917+00:00,2810724.792629,1,4.635742,3.784668,2.495605,91750,91750,8,4816068,2138942,4816053,4816068,4816057,4816066,2139154,2139110,4813977,4814140,4814659,4815522,2139151
2026-07-19T13:49:01.850130+00:00,2810725.789841,1,4.635742,3.784668,2.495605,91750,91750,8,4825209,2140102,4818080,4818077,4818078,4818078,1926348,2141862,4815491,4825209,4815637,4821019,1928034
2026-07-19T13:49:02.853350+00:00,2810726.793062,1,4.635742,3.784668,2.495605,92125,92125,8,4816055,2003220,4816042,4816047,4816042,4816055,2139309,2037149,4814377,4814425,4814230,4815660,2139571
2026-07-19T13:49:03.852972+00:00,2810727.792683,1,4.584473,3.788574,2.503906,92000,92000,8,4816054,1984346,4816041,4816051,4816050,4816054,1925404,2016569,4814186,4814998,4814435,4813783,1925666
2026-07-19T13:49:04.852905+00:00,2810728.792617,1,4.584473,3.788574,2.503906,92000,92000,8,4816059,2139220,4816058,4816059,4816048,4816057,2139885,2140358,4814900,4815815,4815397,4814147,2139101
2026-07-19T13:49:05.850142+00:00,2810729.789854,1,4.584473,3.788574,2.503906,92125,92125,8,4816031,1931503,4815969,4815981,4815976,4815981,2139011,1934456,4813311,4815003,4815085,4816031,2139038
2026-07-19T13:49:06.853005+00:00,2810730.792717,1,4.584473,3.788574,2.503906,92125,92125,8,4816058,1925393,4816047,4816054,4816058,4816044,1925479,1925353,4815064,4815108,4815061,4815355,1925170
2026-07-19T13:49:07.850251+00:00,2810731.789962,1,4.584473,3.788574,2.503906,92125,92125,8,4816057,1925289,4816057,4816051,4816043,4816046,2138964,1925098,4814518,4814576,4814554,4815658,2139305
2026-07-19T13:49:08.853456+00:00,2810732.793170,1,4.537598,3.792480,2.512207,92000,92000,8,4837004,2571520,4820929,4820930,4820933,4820925,2136249,2693257,4835239,4834703,4821488,4837004,2150348
2026-07-19T13:49:09.853041+00:00,2810733.792753,1,4.537598,3.792480,2.512207,91875,91875,8,4816062,1925086,4816043,4816062,4816052,4816047,2138982,1925183,4813458,4814761,4815302,4815092,2139703
2026-07-19T13:49:10.853048+00:00,2810734.792759,1,4.537598,3.792480,2.512207,91875,91875,8,4816056,1924885,4816055,4816053,4816056,4816043,1925750,1925363,4813995,4815281,4815741,4815600,1925946
2026-07-19T13:49:11.849918+00:00,2810735.789630,1,4.537598,3.792480,2.512207,91875,91875,8,4816063,1925024,4816052,4816056,4816063,4816054,2139105,1925298,4812842,4815791,4815960,4815413,2140115
2026-07-19T13:49:12.853099+00:00,2810736.792811,1,4.537598,3.792480,2.512207,91875,91875,8,4816521,2139208,4816045,4816037,4816044,4816036,3973734,2139116,4813501,4815516,4816521,4813838,2785686
2026-07-19T13:49:13.852884+00:00,2810737.792596,1,4.494141,3.796387,2.520508,91875,91875,8,4816061,1977086,4816040,4816042,4816061,4816043,1925456,1928264,4815134,4815246,4815581,4815201,1925894
2026-07-19T13:49:14.850175+00:00,2810738.789887,1,4.494141,3.796387,2.520508,91875,91875,8,4816010,2102940,4816010,4816009,4816008,4816004,1925767,2062049,4814145,4815558,4814621,4815858,1925656
2026-07-19T13:49:15.853162+00:00,2810739.792873,1,4.494141,3.796387,2.520508,91875,91875,8,4816008,2011763,4816008,4816005,4816008,4815992,2046557,2038054,4814078,4815655,4814709,4815835,1994849
2026-07-19T13:49:16.852951+00:00,2810740.792663,1,4.494141,3.796387,2.520508,91750,91750,8,4816029,1924907,4816029,4816014,4816026,4816014,1925751,1925182,4813570,4815804,4815219,4814718,1926046
2026-07-19T13:49:17.852846+00:00,2810741.792558,1,4.494141,3.796387,2.520508,91750,91750,8,4816539,2139705,4816057,4816047,4816049,4816049,1929236,2139159,4814535,4816539,4815429,4815757,1992368
2026-07-19T13:49:18.849983+00:00,2810742.789695,1,4.454102,3.799805,2.528809,91875,91875,8,4824749,2144473,4813513,4813495,4813497,4813506,2141787,2140630,4819739,4820376,4746446,4824749,2138963
2026-07-19T13:49:19.852918+00:00,2810743.792629,1,4.454102,3.799805,2.528809,91875,91875,8,4831708,2147168,4823425,4823415,4823353,4823425,2070939,2149115,4821557,4825823,4829855,4831708,2142068
2026-07-19T13:49:20.852880+00:00,2810744.792592,1,4.454102,3.799805,2.528809,91875,91875,8,4826188,2122491,4821056,4821056,4820995,4821061,2136958,2144391,4822049,4826188,4819255,4820030,2136150
2026-07-19T13:49:21.853290+00:00,2810745.793001,1,4.454102,3.799805,2.528809,91875,91875,8,4816051,2138634,4816000,4816001,4816051,4815983,2139083,2138983,4815188,4814527,4813402,4813484,2138756
2026-07-19T13:49:22.852876+00:00,2810746.792587,1,4.454102,3.799805,2.528809,92375,92375,8,4816046,2139048,4816041,4816045,4816043,4816046,2139373,2139697,4815266,4815056,4814323,4813393,2139115
2026-07-19T13:49:23.852900+00:00,2810747.792612,1,4.417480,3.803223,2.537109,92250,92250,8,4824410,2079245,4813542,4813531,4813527,4813537,2127852,2058513,4823322,4736771,4815366,4824410,2144004
2026-07-19T13:49:24.850184+00:00,2810748.789895,1,4.417480,3.803223,2.537109,92125,92125,8,4816054,2139099,4816046,4816047,4816054,4816051,1924983,2139820,4813999,4815204,4815103,4813283,1925480
2026-07-19T13:49:25.852999+00:00,2810749.792711,1,4.417480,3.803223,2.537109,92000,92000,8,4836604,1930259,4813540,4813516,4813518,4813539,2147056,1930691,4836604,4828071,4815415,4816719,2143842
2026-07-19T13:49:26.852982+00:00,2810750.792694,1,4.417480,3.803223,2.537109,92000,92000,8,4816050,2099906,4816050,4816041,4816043,4816046,2138749,2113603,4814897,4815564,4815073,4813551,2138998
2026-07-19T13:49:27.853388+00:00,2810751.793100,1,4.417480,3.803223,2.537109,92000,92000,8,4816254,2139048,4816040,4816063,4816049,4816060,2139701,2139926,4816254,4815243,4815372,4815036,2139557
2026-07-19T13:49:28.852988+00:00,2810752.792700,1,4.624512,3.856445,2.561523,92000,92000,8,4816054,2478380,4816045,4816038,4816054,4816037,2384898,2479564,4814708,4815329,4815926,4814045,2146026
2026-07-19T13:49:29.852869+00:00,2810753.792581,1,4.624512,3.856445,2.561523,92000,92000,8,4816061,1996302,4816056,4816040,4816061,4816056,2139111,2034468,4812531,4815101,4815861,4813421,2139171
2026-07-19T13:49:30.850173+00:00,2810754.789885,1,4.624512,3.856445,2.561523,92000,92000,8,4816032,2139819,4816031,4816032,4816008,4816026,2054338,2139208,4815445,4814728,4815848,4814125,2078743
2026-07-19T13:49:31.850664+00:00,2810755.790376,1,4.624512,3.856445,2.561523,92000,92000,8,4816060,2140465,4816047,4816047,4816049,4816060,1925313,2139828,4813451,4813966,4815845,4813756,1924967
2026-07-19T13:49:32.850238+00:00,2810756.789950,1,4.624512,3.856445,2.561523,91875,91875,8,4821800,1930711,4814877,4814856,4814861,4814877,2140284,1926956,4820091,4821800,4815828,4815036,2143451
2026-07-19T13:49:33.853455+00:00,2810757.793166,1,4.574219,3.858887,2.569336,92000,92000,8,4816053,1925535,4816048,4816053,4816038,4816044,2035470,1925517,4815527,4814289,4814608,4814901,2128837
2026-07-19T13:49:34.853080+00:00,2810758.792792,1,4.574219,3.858887,2.569336,92000,92000,8,4816061,2140204,4816053,4816042,4816061,4816057,2139734,2140109,4815062,4814863,4814002,4813143,2139047
2026-07-19T13:49:35.852883+00:00,2810759.792594,1,4.574219,3.858887,2.569336,92000,92000,8,4816058,2139806,4816048,4816058,4816051,4816047,1925796,2139010,4811529,4815476,4815546,4813645,1925653
2026-07-19T13:49:36.852886+00:00,2810760.792597,1,4.574219,3.858887,2.569336,92000,92000,8,4816050,1925841,4816050,4816036,4816043,4816047,1925123,1925786,4814416,4814392,4815563,4813590,1924823
2026-07-19T13:49:37.853131+00:00,2810761.792844,1,4.574219,3.858887,2.569336,92000,92000,8,4817288,1926049,4816040,4816050,4816052,4816065,2005854,1925906,4814560,4812331,4814497,4817288,1952331
2026-07-19T13:49:38.852838+00:00,2810762.792550,1,4.768555,3.911133,2.593262,92000,92000,8,4816379,2139279,4815941,4815930,4815942,4815938,2139288,2138147,4816053,4814678,4814188,4816379,2138864
2026-07-19T13:49:39.850141+00:00,2810763.789853,1,4.768555,3.911133,2.593262,92000,92000,8,4816007,2139595,4816005,4816007,4816000,4816002,2139121,2138623,4815389,4813842,4813881,4815365,2138961
2026-07-19T13:49:40.853178+00:00,2810764.792889,1,4.768555,3.911133,2.593262,91875,91875,8,4816055,2139883,4816055,4816029,4816039,4816055,1926085,2140195,4814387,4813055,4813989,4815192,1925526
2026-07-19T13:49:41.852876+00:00,2810765.792589,1,4.768555,3.911133,2.593262,92000,92000,8,4816045,1925962,4816043,4816044,4816045,4816042,1924998,1925240,4812562,4814513,4814531,4814933,1925611
2026-07-19T13:49:42.852888+00:00,2810766.792600,1,4.768555,3.911133,2.593262,92000,92000,8,4820166,2077975,4816049,4816041,4816056,4816049,1925500,1929809,4813642,4813827,4815136,4820166,1925834
2026-07-19T13:49:43.853257+00:00,2810767.792970,1,4.706543,3.913086,2.601074,92000,92000,8,4816057,1925517,4816036,4816057,4816048,4816042,1925352,2092559,4812846,4813789,4813887,4815610,1924820
2026-07-19T13:49:44.852909+00:00,2810768.792620,1,4.706543,3.913086,2.601074,92000,92000,8,4816055,1926530,4816053,4816042,4816050,4816055,2131356,1926093,4812964,4813078,4813880,4814859,2135153
2026-07-19T13:49:45.852953+00:00,2810769.792665,1,4.706543,3.913086,2.601074,92000,92000,8,4816052,2094606,4816047,4816052,4816051,4816047,1925025,2098697,4813532,4813417,4812899,4815349,1925414
2026-07-19T13:49:46.853298+00:00,2810770.793012,1,4.706543,3.913086,2.601074,92000,92000,8,4816053,1927276,4816043,4816044,4816051,4816053,2139596,1926179,4813887,4813383,4814178,4815296,2139981
2026-07-19T13:49:47.852999+00:00,2810771.792711,1,4.706543,3.913086,2.601074,92000,92000,8,4816068,1937671,4816060,4816058,4816053,4816051,1925119,1999589,4814857,4814349,4815842,4816068,1925337
2026-07-19T13:49:48.852830+00:00,2810772.792542,1,4.730469,3.931152,2.614258,92000,92000,8,4816061,1925814,4816061,4816042,4816039,4816022,1954455,1925960,4814693,4813727,4814256,4815119,1926202
2026-07-19T13:49:49.853344+00:00,2810773.793055,1,4.730469,3.931152,2.614258,92000,92000,8,4815978,2140247,4815977,4815971,4815978,4815965,2124075,2140210,4813750,4813893,4815018,4814919,2027639
2026-07-19T13:49:50.852968+00:00,2810774.792680,1,4.730469,3.931152,2.614258,92000,92000,8,4816055,1924990,4816046,4816052,4816052,4816055,1925706,1926110,4815187,4815187,4815472,4814518,1925216
2026-07-19T13:49:51.852899+00:00,2810775.792610,1,4.730469,3.931152,2.614258,92000,92000,8,4816072,2834278,4816043,4816049,4816037,4816039,2139316,3884441,4814849,4813821,4816072,4814701,2139345
2026-07-19T13:49:52.850152+00:00,2810776.789864,1,4.730469,3.931152,2.614258,92000,92000,8,4817627,2139711,4816049,4816056,4816057,4816056,1925684,2139976,4814338,4813767,4814703,4817627,1925319
2026-07-19T13:49:53.852979+00:00,2810777.792690,1,4.671875,3.932617,2.622070,92000,92000,8,4816039,2139254,4816039,4816029,4816039,4816029,2300007,2139501,4813467,4814630,4815060,4815312,2800619
2026-07-19T13:49:54.852732+00:00,2810778.792445,1,4.671875,3.932617,2.622070,92000,92000,8,4816060,1925651,4816060,4816054,4816047,4816055,2750777,1926010,4813991,4814334,4814676,4814763,2750298
2026-07-19T13:49:55.851174+00:00,2810779.790884,1,4.671875,3.932617,2.622070,92000,92000,8,4816043,2139442,4816043,4816043,4816041,4816038,2139906,2140000,4814270,4815350,4813896,4815110,2140472
2026-07-19T13:49:56.853032+00:00,2810780.792743,1,4.671875,3.932617,2.622070,92000,92000,8,4815995,1926396,4815995,4815981,4815991,4815982,2071212,1925842,4814602,4815799,4815228,4814524,2101334
2026-07-19T13:49:57.852904+00:00,2810781.792616,1,4.671875,3.932617,2.622070,92000,92000,8,4832753,2140678,4817124,4817129,4817121,4817124,1986484,2146473,4827113,4832753,4816308,4826475,1990670
2026-07-19T13:49:58.852891+00:00,2810782.792603,1,4.617676,3.934082,2.629883,92000,92000,8,4818032,1926030,4812110,4812108,4812109,4812110,2140338,1915519,4814806,4818032,4815993,4716343,2057776
2026-07-19T13:49:59.853080+00:00,2810783.792791,1,4.617676,3.934082,2.629883,92375,92375,8,4816058,1926107,4816052,4816053,4816058,4816049,2139770,1924966,4814095,4814488,4815426,4814522,2139516
2026-07-19T13:50:00.852826+00:00,2810784.792538,1,4.617676,3.934082,2.629883,92375,92375,8,4822309,2143604,4813523,4813538,4813527,4813530,1996569,2131851,4821478,4813512,4822309,4813701,1990744
2026-07-19T13:50:01.850143+00:00,2810785.789855,1,4.617676,3.934082,2.629883,92875,92875,8,4803648,2127306,4788590,4788593,4788602,4788605,1887548,1962608,4622922,4803648,4686918,4799222,1923038
2026-07-19T13:50:02.853136+00:00,2810786.792848,1,4.617676,3.934082,2.629883,92750,92750,8,4816053,1986723,4816052,4816053,4816051,4816047,2139727,1986927,4813683,4814750,4815988,4815319,2139628
2026-07-19T13:50:03.851596+00:00,2810787.791310,1,4.648438,3.952148,2.643066,92625,92625,8,4832695,1910030,4813526,4813523,4813512,4813528,2090338,1930581,4817585,4830915,4824578,4832695,2146724
2026-07-19T13:50:04.850067+00:00,2810788.789779,1,4.648438,3.952148,2.643066,92500,92500,8,4816058,2139463,4816051,4816045,4816052,4816058,1957573,2140391,4814327,4813431,4815123,4815616,1926310
2026-07-19T13:50:05.853185+00:00,2810789.792897,1,4.648438,3.952148,2.643066,92500,92500,8,4816035,2139044,4816023,4816035,4816033,4816030,1925604,2140639,4814102,4815726,4814850,4815850,1925398
2026-07-19T13:50:06.850427+00:00,2810790.790139,1,4.648438,3.952148,2.643066,92375,92375,8,4816056,1926101,4816056,4816052,4816051,4816052,2139007,1924895,4813760,4813259,4813824,4772472,2139509
2026-07-19T13:50:07.852846+00:00,2810791.792557,1,4.648438,3.952148,2.643066,92375,92375,8,4816059,2093723,4816042,4816053,4816059,4816046,1933223,2114794,4815584,4813833,4813949,4815994,2092926
2026-07-19T13:50:08.853263+00:00,2810792.792975,1,4.596191,3.953125,2.650391,92250,92250,8,4816049,1924889,4816048,4816036,4816035,4816049,2139499,1925799,4815383,4815708,4813531,4815487,2138905
2026-07-19T13:50:09.852877+00:00,2810793.792588,1,4.596191,3.953125,2.650391,92250,92250,8,4820547,2142614,4813497,4813499,4813504,4813504,1958011,2139624,4816480,4820470,4820547,4816672,1950435
2026-07-19T13:50:10.850093+00:00,2810794.789805,1,4.596191,3.953125,2.650391,92250,92250,8,4824857,2140715,4813710,4813710,4813718,4813734,2138940,2149393,4818453,4820979,4824857,4822595,2140980
2026-07-19T13:50:11.849881+00:00,2810795.789593,1,4.596191,3.953125,2.650391,92250,92250,8,4816366,2139356,4816040,4816034,4816035,4816050,2139892,2138989,4814505,4816366,4815863,4816084,2139040
2026-07-19T13:50:12.852895+00:00,2810796.792606,1,4.596191,3.953125,2.650391,92250,92250,8,4824308,1927120,4816048,4816046,4816062,4816050,2140190,1924774,4816021,4813994,4824308,4817843,2139191
2026-07-19T13:50:13.852895+00:00,2810797.792606,1,4.548340,3.954102,2.657715,92250,92250,8,4817851,2141545,4814124,4814133,4814134,4814133,1927999,2140468,4816387,4817085,4816505,4817851,1919690
2026-07-19T13:50:14.853356+00:00,2810798.793067,1,4.548340,3.954102,2.657715,92250,92250,8,4816009,2717248,4815998,4816000,4816009,4815991,2139224,2986036,4815472,4813513,4814932,4815884,2139184
2026-07-19T13:50:15.852978+00:00,2810799.792691,1,4.548340,3.954102,2.657715,92250,92250,8,4816014,2139021,4816008,4815987,4816014,4816007,2139008,2139419,4814601,4814167,4813987,4815313,2139548
2026-07-19T13:50:16.850172+00:00,2810800.789885,1,4.548340,3.954102,2.657715,92125,92125,8,4832379,2094524,4817682,4817748,4817673,4817682,1929811,2121830,4832379,4819650,4824047,4817760,1925352
2026-07-19T13:50:17.853431+00:00,2810801.793143,1,4.548340,3.954102,2.657715,92125,92125,8,4826677,2139013,4816046,4816052,4816062,4816053,2041052,2139573,4815724,4813851,4814225,4826677,2134302
2026-07-19T13:50:18.853012+00:00,2810802.792724,1,4.665039,3.988281,2.675781,92125,92125,8,4816068,1967114,4816058,4816038,4816068,4816049,1924992,1966748,4813945,4813601,4815342,4815513,1925167
2026-07-19T13:50:19.852837+00:00,2810803.792548,1,4.665039,3.988281,2.675781,92125,92125,8,4816558,2138949,4816050,4816060,4816053,4816048,2138713,2139291,4813494,4814250,4816558,4814954,2139685
2026-07-19T13:50:20.852838+00:00,2810804.792549,1,4.665039,3.988281,2.675781,92125,92125,8,4823004,1925193,4816055,4816047,4816053,4816052,2031005,1925911,4814293,4814955,4813848,4823004,1929260
2026-07-19T13:50:21.853047+00:00,2810805.792759,1,4.665039,3.988281,2.675781,92125,92125,8,4816058,2068035,4816039,4816058,4816037,4816035,2139607,2100256,4814821,4814464,4815620,4814798,2139427
2026-07-19T13:50:22.852996+00:00,2810806.792708,1,4.665039,3.988281,2.675781,92250,92250,8,4816026,1967030,4816026,4816019,4816023,4815997,1925161,2063003,4814112,4815206,4815473,4814338,1925365
2026-07-19T13:50:23.852328+00:00,2810807.792042,1,4.611328,3.988770,2.683105,92250,92250,8,4817812,2139543,4812019,4812032,4812112,4812029,2139567,2140027,4815489,4817812,4815164,4776035,2141093
2026-07-19T13:50:24.850023+00:00,2810808.789735,1,4.611328,3.988770,2.683105,92125,92125,8,4823508,1998962,4817669,4817679,4817685,4817614,1927681,2128549,4823508,4819046,4782150,4818732,1925434
2026-07-19T13:50:25.852869+00:00,2810809.792581,1,4.611328,3.988770,2.683105,92125,92125,8,4817525,1925890,4815988,4815980,4815980,4815975,2139977,1924964,4813561,4815230,4814981,4817525,2139603
2026-07-19T13:50:26.850090+00:00,2810810.789801,1,4.611328,3.988770,2.683105,92125,92125,8,4825071,2140092,4813497,4813495,4813510,4813493,2141458,2141493,4821220,4768338,4815963,4825071,2143476
2026-07-19T13:50:27.853174+00:00,2810811.792886,1,4.611328,3.988770,2.683105,92250,92250,8,4816058,1925650,4816055,4816043,4816058,4816046,2139673,1926156,4813566,4813396,4815596,4815581,2139460
2026-07-19T13:50:28.852827+00:00,2810812.792538,1,4.562012,3.989258,2.690430,92125,92125,8,4827772,2139323,4816046,4816058,4816057,4816055,2139134,2139150,4814380,4813997,4813290,4827772,2139544
2026-07-19T13:50:29.852873+00:00,2810813.792586,1,4.562012,3.989258,2.690430,92250,92250,8,4816008,1925713,4815998,4815990,4815997,4816008,2139018,1924743,4814171,4813161,4815635,4815661,2139959
2026-07-19T13:50:30.853186+00:00,2810814.792897,1,4.562012,3.989258,2.690430,92375,92375,8,4819560,1924999,4816049,4816041,4816054,4816046,2139177,1925301,4813489,4813771,4815691,4819560,2139864
2026-07-19T13:50:31.850428+00:00,2810815.790141,1,4.562012,3.989258,2.690430,92250,92250,8,4818820,1925563,4816054,4816057,4816052,4816055,1925376,1925037,4814254,4814026,4815632,4818820,1925688
2026-07-19T13:50:32.852892+00:00,2810816.792604,1,4.562012,3.989258,2.690430,92250,92250,8,4836885,1931541,4816014,4816013,4816004,4816013,1929933,1929703,4805929,4827457,4827228,4836885,1931691
2026-07-19T13:50:33.853275+00:00,2810817.792986,1,4.516602,3.989746,2.697754,92250,92250,8,4822257,1909288,4813553,4813536,4813537,4813541,1927549,1927666,4820715,4815461,4822257,4815501,1925049
2026-07-19T13:50:34.852925+00:00,2810818.792639,1,4.516602,3.989746,2.697754,92250,92250,8,4821824,1929831,4813516,4813524,4813507,4813513,1948961,1927998,4821427,4799073,4821824,4821045,1988236
2026-07-19T13:50:35.852871+00:00,2810819.792582,1,4.516602,3.989746,2.697754,92250,92250,8,4816144,1966345,4816056,4816042,4816044,4816046,2139439,1948564,4815263,4816144,4815071,4815454,2139233
2026-07-19T13:50:36.853284+00:00,2810820.792995,1,4.516602,3.989746,2.697754,92375,92375,8,4816061,2139515,4815993,4816003,4816004,4815997,1974995,2139858,4814670,4814792,4815997,4816061,1967054
2026-07-19T13:50:37.853005+00:00,2810821.792717,1,4.516602,3.989746,2.697754,92375,92375,8,4816058,2140010,4816058,4816030,4816050,4816041,2139622,2139539,4815007,4813524,4815408,4815186,2139746
2026-07-19T13:50:38.852963+00:00,2810822.792677,1,4.475098,3.990234,2.705078,92250,92250,8,4816050,1960199,4816041,4816039,4816040,4816050,2139195,1977257,4814572,4814570,4815377,4814552,2127635
2026-07-19T13:50:39.853373+00:00,2810823.793085,1,4.475098,3.990234,2.705078,92875,92875,8,4826761,1917243,4813491,4813490,4813479,4813464,2141283,1927252,4826761,4819605,4755073,4815494,2143408
2026-07-19T13:50:40.857754+00:00,2810824.797467,1,4.475098,3.990234,2.705078,92750,92750,8,4815994,2120135,4815987,4815994,4815985,4815985,2139371,2020074,4815987,4814239,4814162,4815429,2139634
2026-07-19T13:50:41.852848+00:00,2810825.792560,1,4.475098,3.990234,2.705078,92625,92625,8,4819115,2139288,4814456,4814453,4814461,4814385,2141102,2140226,4819115,4816392,4815851,4815546,2140708
2026-07-19T13:50:42.853453+00:00,2810826.793164,1,4.475098,3.990234,2.705078,92625,92625,8,4816056,1938392,4816054,4816049,4816056,4816046,2039308,1931900,4813972,4814190,4815864,4815775,2070350
2026-07-19T13:50:43.853011+00:00,2810827.792723,1,4.437012,3.990723,2.712402,92500,92500,8,4830617,1926641,4817135,4817133,4817128,4817133,2139433,1926812,4778400,4818110,4830617,4815472,2139646
2026-07-19T13:50:44.852827+00:00,2810828.792540,1,4.437012,3.990723,2.712402,92500,92500,8,4816585,1947261,4816050,4816054,4816042,4816039,2139901,1954882,4812866,4814451,4816585,4815087,2139181
2026-07-19T13:50:45.852244+00:00,2810829.791957,1,4.437012,3.990723,2.712402,92375,92375,8,4816051,2139445,4816051,4816046,4816036,4816051,2139726,2139012,4813735,4815585,4814366,4815384,2139540
2026-07-19T13:50:46.853097+00:00,2810830.792809,1,4.437012,3.990723,2.712402,92375,92375,8,4816825,2005285,4816058,4816062,4816045,4816040,2082904,1999134,4813636,4815208,4815948,4816825,2137126
2026-07-19T13:50:47.850280+00:00,2810831.789991,1,4.437012,3.990723,2.712402,92500,92500,8,4816065,2139508,4816044,4816054,4816045,4816065,2139738,2139521,4813861,4814854,4815740,4815677,2139455
2026-07-19T13:50:48.849886+00:00,2810832.789598,1,4.401855,3.991211,2.719727,92500,92500,8,4824427,2140765,4812607,4812652,4812651,4812656,2139979,2142400,4819052,4824427,4816756,4814905,2139965
2026-07-19T13:50:49.853117+00:00,2810833.792829,1,4.401855,3.991211,2.719727,92375,92375,8,4816063,2087014,4816063,4816046,4816054,4816047,1924976,2111149,4814661,4815530,4815325,4815108,1925718
2026-07-19T13:50:50.852865+00:00,2810834.792576,1,4.401855,3.991211,2.719727,92375,92375,8,4818821,2139208,4813494,4813482,4813504,4813489,2138901,2138955,4818821,4817895,4814606,4814911,2140023
2026-07-19T13:50:51.852903+00:00,2810835.792615,1,4.401855,3.991211,2.719727,92375,92375,8,4816068,2139819,4816047,4816068,4816041,4816058,2139144,2139537,4815815,4813261,4814294,4816026,2140071
2026-07-19T13:50:52.853196+00:00,2810836.792908,1,4.401855,3.991211,2.719727,92375,92375,8,4816014,2139885,4816012,4816014,4816002,4816000,2139383,2138953,4815165,4814126,4814907,4814612,2139360
2026-07-19T13:50:53.850384+00:00,2810837.790096,1,4.369629,3.991699,2.727051,92500,92500,8,4830113,2101356,4816377,4816454,4816377,4816375,2120429,2141985,4823353,4830113,4819657,4649440,2144475
2026-07-19T13:50:54.852902+00:00,2810838.792613,1,4.369629,3.991699,2.727051,92500,92500,8,4816027,2140081,4816003,4815996,4816019,4816027,2138870,2139063,4814786,4814024,4814321,4815250,2138991
2026-07-19T13:50:55.850148+00:00,2810839.789860,1,4.369629,3.991699,2.727051,92375,92375,8,4827421,2141362,4825887,4825881,4825897,4825894,2147085,2143539,4820893,4827421,4818115,4822855,2144834
2026-07-19T13:50:56.852845+00:00,2810840.792557,1,4.369629,3.991699,2.727051,92375,92375,8,4816227,2139771,4816066,4816060,4816048,4816052,2139016,2139710,4813833,4812909,4816227,4814823,2139304
2026-07-19T13:50:57.852836+00:00,2810841.792548,1,4.369629,3.991699,2.727051,92375,92375,8,4816057,2139911,4816057,4816047,4816052,4816046,2139468,2140146,4813834,4813964,4814451,4815826,2139659
2026-07-19T13:50:58.853293+00:00,2810842.793004,1,4.339844,3.992188,2.734375,92250,92250,8,4816059,2139762,4816038,4816050,4816038,4816059,2139014,2139936,4813393,4813682,4815652,4816000,2139283
2026-07-19T13:50:59.852888+00:00,2810843.792601,1,4.339844,3.992188,2.734375,92375,92375,8,4834452,2066947,4816001,4816006,4816016,4816011,2138689,2139338,4813704,4815222,4812763,4834452,2138780
2026-07-19T13:51:00.852868+00:00,2810844.792580,1,4.339844,3.992188,2.734375,92375,92375,8,4817968,2139612,4816051,4816053,4816055,4816063,2139423,2139389,4814584,4815636,4811419,4817968,2139510
2026-07-19T13:51:01.853327+00:00,2810845.793039,1,4.339844,3.992188,2.734375,92500,92500,8,4827659,1882511,4813489,4813502,4813487,4813500,2146799,1935512,4818996,4696983,4827659,4822261,2143634
2026-07-19T13:51:02.852921+00:00,2810846.792633,1,4.339844,3.992188,2.734375,92500,92500,7,4825656,1925771,4813477,4813479,4813478,4813496,2139127,1925421,4706156,4815482,4825656,1600000,2139522
2026-07-19T13:51:03.852893+00:00,2810847.792606,1,4.312500,3.992676,2.741211,92500,92500,7,4816055,3014431,4816051,4816055,4816051,4816048,2139077,3135702,4813783,4815319,4815100,1600000,2140104
2026-07-19T13:51:04.853392+00:00,2810848.793104,1,4.312500,3.992676,2.741211,93250,93250,8,4816353,1961964,4816061,4816051,4816053,4816036,2130074,1929314,4813437,4814475,4816353,4814358,2134183
2026-07-19T13:51:05.850625+00:00,2810849.790337,1,4.312500,3.992676,2.741211,93125,93125,7,4816062,2140254,4816062,4816056,4816056,4816046,2047557,2140297,4814317,4814717,4813884,1600000,1926541
2026-07-19T13:51:06.852860+00:00,2810850.792573,1,4.312500,3.992676,2.741211,93000,93000,7,4833747,1986627,4825013,4825014,4825037,4825089,2073250,1936787,4827230,4833747,4828826,1600000,2040846
2026-07-19T13:51:07.852855+00:00,2810851.792567,1,4.312500,3.992676,2.741211,92875,92875,8,4816062,1931985,4816062,4816053,4816052,4816051,2041380,1932035,4812882,4815266,4812312,4815882,2026052
2026-07-19T13:51:08.853027+00:00,2810852.792740,1,4.287109,3.993164,2.748047,92750,92750,8,4816150,2139363,4816067,4816052,4816049,4816048,2015073,2139098,4813523,4814713,4816150,4815491,1928827
2026-07-19T13:51:09.852859+00:00,2810853.792571,1,4.287109,3.993164,2.748047,92625,92625,7,4816054,1982451,4816037,4816054,4816047,4816053,1926521,1967657,4815952,4813977,4814641,1600000,1925101
2026-07-19T13:51:10.852892+00:00,2810854.792603,1,4.287109,3.993164,2.748047,92625,92625,8,4819536,1976409,4816057,4816054,4816067,4816064,1944862,1994234,4813640,4814491,4816001,4819536,2105645
2026-07-19T13:51:11.849925+00:00,2810855.789637,1,4.287109,3.993164,2.748047,92500,92500,8,4834424,2015213,4816028,4816034,4816036,4816046,1924957,2006954,4815665,4812694,4816526,4834424,1924374
2026-07-19T13:51:12.852867+00:00,2810856.792580,1,4.287109,3.993164,2.748047,92500,92500,8,4816058,2107438,4816058,4816047,4816047,4816055,1925177,2080152,4813559,4813553,4812718,4793996,1926538
2026-07-19T13:51:13.852908+00:00,2810857.792620,1,4.263672,3.993652,2.754883,92500,92500,7,4816052,1925465,4816045,4816052,4816051,4816052,1925697,1924858,4813669,4815995,4815057,1600000,1924663
2026-07-19T13:51:14.850101+00:00,2810858.789814,1,4.263672,3.993652,2.754883,92500,92500,8,4816094,1924940,4816042,4816041,4816032,4816048,2063184,1925102,4813648,4813157,4815013,4816094,2078410
2026-07-19T13:51:15.852901+00:00,2810859.792612,1,4.263672,3.993652,2.754883,92500,92500,8,4829986,1929825,4813530,4813529,4813521,4813526,1929441,1928282,4820301,4804508,4829986,4815293,1927474
2026-07-19T13:51:16.853004+00:00,2810860.792715,1,4.263672,3.993652,2.754883,92500,92500,8,4816170,1996774,4816045,4816047,4816048,4816051,1925726,2080374,4813046,4813550,4815907,4816170,1925500
2026-07-19T13:51:17.853204+00:00,2810861.792915,1,4.263672,3.993652,2.754883,92875,92875,8,4816403,1926031,4813892,4813902,4813902,4813916,1926229,1914882,4816403,4813909,4815827,4815182,1925112
2026-07-19T13:51:18.850389+00:00,2810862.790101,1,4.242188,3.994141,2.761719,92750,92750,8,4822153,1925054,4816064,4816057,4816052,4816060,2017088,1925155,4813788,4812798,4822153,4815787,1992521
2026-07-19T13:51:19.852838+00:00,2810863.792550,1,4.242188,3.994141,2.761719,92625,92625,8,4821938,1928661,4813497,4813509,4813509,4813489,2534041,1927521,4821938,4820379,4814991,4816329,2683731
2026-07-19T13:51:20.850935+00:00,2810864.790644,1,4.242188,3.994141,2.761719,92500,92500,8,4816059,1939009,4816051,4816053,4816059,4816057,1925740,1949707,4814269,4815168,4815050,4815789,1926426
2026-07-19T13:51:21.852895+00:00,2810865.792606,1,4.242188,3.994141,2.761719,92500,92500,8,4829342,1926099,4815966,4815967,4815957,4815970,1907580,1927716,4819886,4818549,4820116,4829342,1925962
2026-07-19T13:51:22.852946+00:00,2810866.792659,1,4.242188,3.994141,2.761719,92500,92500,8,4827894,1926912,4813502,4813506,4813504,4813517,1931796,1917320,4821626,4827894,4822773,4820973,1927948
2026-07-19T13:51:23.853300+00:00,2810867.793012,1,4.222656,3.994629,2.768555,92500,92500,8,4827180,3389542,4813477,4813479,4813476,4813461,1915284,3576463,4822955,4821553,4827180,4816869,1926691
2026-07-19T13:51:24.852906+00:00,2810868.792618,1,4.222656,3.994629,2.768555,92500,92500,8,4816059,1925662,4816059,4816052,4816036,4816050,2014814,1926467,4814865,4814396,4813788,4815809,2011234
2026-07-19T13:51:25.852968+00:00,2810869.792680,1,4.222656,3.994629,2.768555,92375,92375,8,4822785,1926298,4813540,4813520,4813545,4813538,1886816,1925680,4813478,4773235,4819225,4822785,1912868
2026-07-19T13:51:26.853360+00:00,2810870.793073,1,4.222656,3.994629,2.768555,92375,92375,8,4816055,1985675,4816046,4816055,4816046,4816048,2071714,1939651,4816037,4814952,4815729,4814886,2051483
2026-07-19T13:51:27.852949+00:00,2810871.792661,1,4.222656,3.994629,2.768555,92500,92500,8,4837311,1925948,4816764,4816771,4816758,4816755,1931888,1927783,4817552,4820236,4826240,4837311,1926030
2026-07-19T13:51:28.852894+00:00,2810872.792606,1,4.204590,3.995117,2.775391,92375,92375,7,4825617,1925917,4821819,4821815,4821827,4821819,1932647,1929971,4817753,4818282,4825617,1600000,1927682
2026-07-19T13:51:29.853968+00:00,2810873.793680,1,4.204590,3.995117,2.775391,92500,92500,8,4816060,1925065,4816060,4816049,4816040,4816039,1925744,1925315,4813203,4815608,4815583,4815927,1925623
2026-07-19T13:51:30.850625+00:00,2810874.790336,1,4.204590,3.995117,2.775391,92500,92500,7,4828784,1931343,4814923,4814928,4814932,4814939,1929388,1929279,4815415,4828784,4819629,1600000,1923261
2026-07-19T13:51:31.852677+00:00,2810875.792391,1,4.204590,3.995117,2.775391,92500,92500,6,4816060,1925228,4816052,4816043,4816060,4816044,1925733,1925194,1600000,4814743,4815321,1600000,1925680
2026-07-19T13:51:32.853492+00:00,2810876.793204,1,4.204590,3.995117,2.775391,92500,92500,8,4818820,1925716,4816044,4816045,4816033,4816034,1925432,1925454,4818820,4815088,4815346,4815629,1926255
2026-07-19T13:51:33.850675+00:00,2810877.790387,1,4.187988,3.995605,2.782227,92500,92500,7,4816176,1925244,4814687,4814713,4814689,4814706,1922506,1925740,4814988,4815671,4816176,1600000,1925917
2026-07-19T13:51:34.852879+00:00,2810878.792591,1,4.187988,3.995605,2.782227,92500,92500,6,4837937,1929029,4831766,4831748,4831752,4831772,2075970,1933216,4837937,4829788,1600000,1600000,2095950
2026-07-19T13:51:35.853131+00:00,2810879.792845,1,4.187988,3.995605,2.782227,93125,93125,8,4820087,1927569,4820080,4820081,4820087,4820074,1925682,1926092,4816763,4818842,4815288,4817175,1925525
2026-07-19T13:51:36.853101+00:00,2810880.792813,1,4.187988,3.995605,2.782227,93000,93000,7,4816052,1925618,4816046,4816052,4816047,4816040,1924822,1925686,4814739,4813980,4815275,1600000,1925830
2026-07-19T13:51:37.852878+00:00,2810881.792590,1,4.187988,3.995605,2.782227,92875,92875,7,4816107,1925672,4816062,4816048,4816043,4816044,1925751,1925220,4816107,4815470,4815624,1600000,1926605
2026-07-19T13:51:38.852899+00:00,2810882.792610,1,4.172852,3.996094,2.789062,92750,92750,8,4822952,1925524,4816048,4816044,4816048,4816031,1925931,1600000,4817085,4814813,4822952,4815759,1925764
2026-07-19T13:51:39.853144+00:00,2810883.792856,1,4.172852,3.996094,2.789062,92625,92625,7,4816190,1924896,4816054,4816042,4816048,4816042,1600000,1925280,4816190,4815338,4816132,1600000,1600000
2026-07-19T13:51:40.852901+00:00,2810884.792613,1,4.172852,3.996094,2.789062,92625,92625,7,4816318,1925943,4815982,4815994,4815987,4816005,1925815,1925809,4815203,4816318,4815686,1600000,1925744
2026-07-19T13:51:41.852948+00:00,2810885.792660,1,4.172852,3.996094,2.789062,92500,92500,8,4822460,1925594,4816047,4816047,4816052,4816044,1925406,1925725,4822460,4814861,4815760,4816106,1925868
2026-07-19T13:51:42.853231+00:00,2810886.792942,1,4.172852,3.996094,2.789062,92500,92500,5,4816060,1925566,4816047,4816048,4816060,4816054,1924783,1925148,4812026,1600000,1600000,1600000,1600000
2026-07-19T13:51:43.852886+00:00,2810887.792598,1,4.158691,3.996582,2.795898,92375,92375,6,4817275,1927988,4813186,4813176,4813184,4813188,1600000,1928773,1600000,4815396,4817275,1600000,1600000
2026-07-19T13:51:44.852913+00:00,2810888.792625,1,4.158691,3.996582,2.795898,92500,92500,7,4818140,1925659,4813539,4813547,4813539,4813523,1600000,1928208,4817118,4818140,4816001,1600000,1600000
2026-07-19T13:51:45.853245+00:00,2810889.792957,1,4.158691,3.996582,2.795898,92500,92500,5,4816058,1600000,4816056,4816058,4816041,4816039,1925879,1925658,1600000,4815529,1600000,1600000,1600000
2026-07-19T13:51:46.852909+00:00,2810890.792620,1,4.158691,3.996582,2.795898,92500,92500,7,4823343,1600000,4823334,4823343,4823319,4823335,1600000,1925844,4815616,4814832,4819649,2200000,1600000
2026-07-19T13:51:47.852916+00:00,2810891.792630,1,4.158691,3.996582,2.795898,92500,92500,6,4816061,1600000,4816060,4816061,4816040,4816054,1600000,1600000,4813889,4814476,1600000,1600000,1600000
2026-07-19T13:51:48.853327+00:00,2810892.793039,1,4.145508,3.997070,2.802734,92500,92500,7,4816064,1600000,4816046,4816064,4816053,4816052,1600000,1925687,4814121,4814825,1600000,4815269,1926047
2026-07-19T13:51:49.850542+00:00,2810893.790254,1,4.145508,3.997070,2.802734,92500,92500,5,4818211,1925800,4816059,4816043,4816055,4816054,1600000,1924889,1600000,4818211,1600000,1600000,1600000
2026-07-19T13:51:50.852970+00:00,2810894.792684,1,4.145508,3.997070,2.802734,92500,92500,5,4816056,1926694,4816046,4816040,4816043,4816056,1925796,1925976,1600000,4814459,1600000,1600000,1600000
2026-07-19T13:51:51.853375+00:00,2810895.793087,1,4.145508,3.997070,2.802734,92500,92500,5,4816059,1925424,4816057,4816059,4816057,4816045,1600000,1925173,1600000,4815782,1600000,1600000,1925417
2026-07-19T13:51:52.852964+00:00,2810896.792676,1,4.145508,3.997070,2.802734,92500,92500,7,4816044,3071945,4816040,4816034,4816040,4816044,1941411,3390445,4813713,4815079,4815376,1600000,1926103
2026-07-19T13:51:53.850176+00:00,2810897.789888,1,4.133789,3.997559,2.809570,92500,92500,6,4844665,1928285,4814417,4814426,4814419,4814421,1600000,1931266,4844665,4833431,1600000,1600000,1932668
2026-07-19T13:51:54.853423+00:00,2810898.793135,1,4.133789,3.997559,2.809570,92875,92875,6,4816244,1926487,4816001,4815999,4815992,4815989,1600000,1600000,4815579,4816244,1600000,1600000,1600000
2026-07-19T13:51:55.853024+00:00,2810899.792734,1,4.133789,3.997559,2.809570,92750,92750,7,4824106,1600000,4816049,4816055,4816051,4816054,1600000,1600000,4816073,4824106,1600000,4813367,1925028
2026-07-19T13:51:56.852989+00:00,2810900.792700,1,4.133789,3.997559,2.809570,92750,92750,5,4816056,1925411,4816048,4816056,4816049,4816047,1925662,1926079,1600000,4815713,1600000,1600000,1600000
2026-07-19T13:51:57.853447+00:00,2810901.793158,1,4.133789,3.997559,2.809570,92625,92625,6,4821150,1925877,4816046,4816049,4816053,4816055,1926971,1600000,4815278,4821150,1600000,1600000,1600000
2026-07-19T13:51:58.853060+00:00,2810902.792772,1,4.123047,3.998047,2.816406,92625,92625,7,4823636,1925687,4814619,4814615,4814629,4814605,1600000,1928667,4817684,4823636,1600000,4816498,1600000
2026-07-19T13:51:59.853033+00:00,2810903.792745,1,4.123047,3.998047,2.816406,92625,92625,6,4816022,1925722,4816013,4816012,4816022,4816008,1600000,1600000,1600000,4815843,1600000,4813364,1600000
2026-07-19T13:52:00.856270+00:00,2810904.795984,1,4.123047,3.998047,2.816406,92625,92625,7,4817557,1925589,4816006,4816008,4816004,4816014,2200000,1925837,4815292,4817264,2200000,4817557,2140447
2026-07-19T13:52:01.853114+00:00,2810905.792827,1,4.123047,3.998047,2.816406,93125,93125,8,4816055,1923515,4816050,4816041,4816055,4816049,1925291,1925524,4814551,4809648,4815801,4811545,1924466
2026-07-19T13:52:02.852972+00:00,2810906.792684,1,4.123047,3.998047,2.816406,93000,93000,8,4817048,1600000,4816062,4816045,4816050,4816049,1600000,1600000,4817048,4816383,4814256,4769225,1600000
2026-07-19T13:52:03.852991+00:00,2810907.792703,1,4.112793,3.998535,2.823242,92875,92875,6,4815562,1924210,4813015,4813015,4813008,4813007,1600000,1926329,1600000,4814792,1600000,4815562,1600000
2026-07-19T13:52:04.853160+00:00,2810908.792874,1,4.112793,3.998535,2.823242,92750,92750,5,4813669,1600000,4813499,4813480,4813500,4813493,1600000,1600000,1600000,4813669,1600000,1600000,1925979
2026-07-19T13:52:05.853038+00:00,2810909.792750,1,4.112793,3.998535,2.823242,92625,92625,6,4817651,1925557,4816056,4816036,4816043,4816033,1600000,1925677,4817651,4817201,1600000,1600000,1600000
2026-07-19T13:52:06.852961+00:00,2810910.792673,1,4.112793,3.998535,2.823242,92625,92625,7,4815413,1925623,4813518,4813540,4813512,4813522,1925492,1600000,1600000,4812157,4815413,4813729,1925792
2026-07-19T13:52:07.853209+00:00,2810911.792920,1,4.112793,3.998535,2.823242,92625,92625,6,4820451,1925619,4815992,4815996,4815997,4816015,1600000,1600000,1600000,4820451,1600000,4819479,1600000
2026-07-19T13:52:08.852973+00:00,2810912.792684,1,4.103516,3.999023,2.829590,92625,92625,6,4816087,1926153,4816087,4816076,4816067,4816069,1600000,1925844,1600000,4815623,4815697,1600000,1600000
2026-07-19T13:52:09.850268+00:00,2810913.789979,1,4.103516,3.999023,2.829590,92875,92875,7,4791100,2883682,4791100,4791095,4791098,4791100,1914363,4200237,4790991,4789927,4788237,1600000,1915501
2026-07-19T13:52:10.850891+00:00,2810914.790602,1,4.103516,3.999023,2.829590,93375,93375,7,4816327,1925894,4815998,4815988,4815987,4815993,1600000,1600000,4815248,4816327,4815967,1600000,1600000
2026-07-19T13:52:11.853064+00:00,2810915.792775,1,4.103516,3.999023,2.829590,93250,93250,7,4818845,1910108,4816035,4816050,4816036,4816033,1600000,1600000,1600000,4816355,4816365,4818845,1925615
2026-07-19T13:52:12.852950+00:00,2810916.792662,1,4.103516,3.999023,2.829590,93000,93000,7,4821286,2139740,4816073,4816042,4816053,4816062,1600000,2200000,1600000,4813744,4815520,4821286,1925416
2026-07-19T13:52:13.853500+00:00,2810917.793213,1,4.095215,3.999512,2.835938,92875,92875,5,4816059,1600000,4816045,4816044,4816059,4816053,1600000,1925787,1600000,4814689,1600000,1600000,1600000
2026-07-19T13:52:14.850527+00:00,2810918.790239,1,4.095215,3.999512,2.835938,92750,92750,6,4817139,1600000,4816052,4816047,4816044,4816053,1925472,1926317,4814617,4817139,1600000,1600000,1600000
2026-07-19T13:52:15.852915+00:00,2810919.792626,1,4.095215,3.999512,2.835938,92750,92750,5,4816050,2059473,4816045,4816043,4816050,4816046,2200000,2016085,4815361,2200000,2200000,1600000,2139930
2026-07-19T13:52:16.853361+00:00,2810920.793073,1,4.095215,3.999512,2.835938,92750,92750,6,4816055,1600000,4816055,4816052,4816049,4816055,1600000,1600000,4812897,4815434,1600000,1600000,1600000
2026-07-19T13:52:17.852983+00:00,2810921.792695,1,4.095215,3.999512,2.835938,92750,92750,8,4816057,1925862,4816052,4816053,4816040,4816057,1600000,1924137,4812666,4813171,4815791,4815945,1600000
2026-07-19T13:52:18.850745+00:00,2810922.790456,1,4.087402,4.000000,2.842285,92750,92750,8,4825508,1925268,4816052,4816048,4816039,4816043,1929696,1600000,4816984,4825508,4822285,4820966,1926593
2026-07-19T13:52:19.850365+00:00,2810923.790078,1,4.087402,4.000000,2.842285,93250,93250,8,4816025,2108098,4816013,4816006,4816022,4816014,2139372,2073433,4816025,4813503,4815680,4812704,2139322
2026-07-19T13:52:20.850037+00:00,2810924.789749,1,4.087402,4.000000,2.842285,93875,93875,10,4791101,4791097,4791101,4791096,4791092,4791087,2129079,4790832,4791012,4790322,4790372,4786890,2128376
2026-07-19T13:52:21.850248+00:00,2810925.789962,1,4.087402,4.000000,2.842285,94375,94375,8,4823392,1940359,4791120,4791113,4791106,4791112,1925518,2139082,4819042,4816435,4816110,4823392,1924499
2026-07-19T13:52:22.851471+00:00,2810926.791182,1,4.087402,4.000000,2.842285,94500,94500,8,4810668,2129403,4783568,4783567,4783578,4783578,3667937,2140741,4802666,4810668,4792191,4783571,3130442
2026-07-19T13:52:23.853097+00:00,2810927.792809,1,4.160645,4.016602,2.854004,94375,94375,7,4816065,1924892,4816064,4816055,4816065,4816065,1923275,1924708,4814835,4813600,1600000,4808870,1922217
2026-07-19T13:52:24.852995+00:00,2810928.792708,1,4.160645,4.016602,2.854004,94000,94000,6,4816064,1925425,4816063,4816057,4816064,4816060,2139926,1600000,4815577,1600000,4815376,1600000,2200000
2026-07-19T13:52:25.853535+00:00,2810929.793247,1,4.160645,4.016602,2.854004,93875,93875,8,4817848,1926134,4816049,4816059,4816042,4816056,1600000,1600000,4813075,4816443,4817848,4815408,1926074
2026-07-19T13:52:26.853128+00:00,2810930.792840,1,4.160645,4.016602,2.854004,93750,93750,5,4817972,1925410,4816063,4816065,4816050,4816057,1600000,1600000,1600000,4817972,1600000,1600000,1600000
2026-07-19T13:52:27.852948+00:00,2810931.792659,1,4.160645,4.016602,2.854004,93875,93875,8,4816239,1926086,4815997,4816016,4816004,4816008,1600000,1925511,4812679,4812768,4816239,4815255,1925811
2026-07-19T13:52:28.850573+00:00,2810932.790286,1,4.147461,4.016113,2.860352,94125,94125,8,4815698,1925888,4798695,4798632,4798642,4798694,1915744,1918173,4793183,4815698,4792417,4792281,1924674
2026-07-19T13:52:29.853177+00:00,2810933.792889,1,4.147461,4.016113,2.860352,94125,94125,7,4816002,1924400,4815990,4816002,4816000,4815984,1925757,1925935,4812773,1600000,4808912,4811957,1925717
2026-07-19T13:52:30.853107+00:00,2810934.792819,1,4.147461,4.016113,2.860352,93875,93875,7,4816046,1925397,4816029,4816046,4816038,4816031,1925408,1924818,4815431,1600000,4815794,4815912,1925947
2026-07-19T13:52:31.853785+00:00,2810935.793496,1,4.147461,4.016113,2.860352,93750,93750,7,4816058,1925502,4816055,4816052,4816056,4816058,1925947,1925864,4809213,4812799,4815897,1600000,1926041
2026-07-19T13:52:32.853243+00:00,2810936.792954,1,4.147461,4.016113,2.860352,93625,93625,7,4816059,1600000,4816052,4816059,4816053,4816052,1926038,1925400,4815766,4808132,4814868,1600000,1600000
2026-07-19T13:52:33.856512+00:00,2810937.796225,1,4.135254,4.015625,2.866699,93500,93500,8,4816139,1946252,4816035,4816060,4816050,4816048,2200000,1926707,4816072,4816139,4809713,4816041,2141887
2026-07-19T13:52:34.853046+00:00,2810938.792757,1,4.135254,4.015625,2.866699,93750,93750,7,4816416,1926169,4816058,4816052,4816059,4816052,2139535,1925761,4816416,4813479,1600000,4815238,1600000
2026-07-19T13:52:35.850288+00:00,2810939.790002,1,4.135254,4.015625,2.866699,93625,93625,9,4816882,1925893,4816061,4816056,4816053,4816055,1924795,4600384,4816211,4816882,4815990,4816842,1925806
2026-07-19T13:52:36.853108+00:00,2810940.792819,1,4.135254,4.015625,2.866699,94000,94000,7,4816060,1924990,4816056,4816054,4816060,4816055,2140879,1925168,4813476,4813682,1600000,4814101,2140467
2026-07-19T13:52:37.853036+00:00,2810941.792753,1,4.135254,4.015625,2.866699,93750,93750,7,4817138,1600000,4816059,4816038,4816057,4816049,1925989,1925312,4817138,4815993,1600000,4816291,1600000
2026-07-19T13:52:38.856370+00:00,2810942.796082,1,4.204590,4.032227,2.878418,93625,93625,8,4815919,2136327,4815914,4815919,4815897,4815907,2140378,1992940,4815683,4812820,4815364,4812452,2139466
2026-07-19T13:52:39.853290+00:00,2810943.793006,1,4.204590,4.032227,2.878418,93750,93750,6,4816381,1925770,4815990,4816018,4816004,4815994,1925899,1925349,4815027,4816381,1600000,1600000,1600000
2026-07-19T13:52:40.853175+00:00,2810944.792886,1,4.204590,4.032227,2.878418,93625,93625,5,4816015,1925658,4816015,4816012,4816012,4816011,1925723,1925896,4815251,1600000,1600000,1600000,1926014
2026-07-19T13:52:41.853406+00:00,2810945.793118,1,4.204590,4.032227,2.878418,93375,93375,6,4816013,2750786,4816011,4816013,4816005,4816008,2139758,2751622,1600000,4815857,1600000,4812138,1966188
2026-07-19T13:52:42.853001+00:00,2810946.792716,1,4.204590,4.032227,2.878418,93375,93375,6,4818734,1925550,4816001,4816000,4816005,4816005,1926286,1925840,4814485,1600000,1600000,4818734,1600000
2026-07-19T13:52:43.857418+00:00,2810947.797131,1,4.187988,4.031250,2.884766,93250,93250,8,4815993,1926261,4815993,4815982,4815992,4815984,1925892,1926255,4813539,4815211,4809208,4814781,1600000
2026-07-19T13:52:44.853445+00:00,2810948.793155,1,4.187988,4.031250,2.884766,93250,93250,7,4836535,1926841,4812237,4812244,4812234,4812237,1926762,1926651,4818461,4770784,1600000,4836535,1925730
2026-07-19T13:52:45.853038+00:00,2810949.792750,1,4.187988,4.031250,2.884766,93250,93250,8,4816058,1925885,4816052,4816034,4816058,4816036,1925609,1925356,4814839,4812011,4815733,4815748,1924447
2026-07-19T13:52:46.850776+00:00,2810950.790487,1,4.187988,4.031250,2.884766,93250,93250,7,4821850,1980601,4816007,4816005,4816017,4815998,1600000,1925543,4816065,4821850,1600000,4815026,1925898
2026-07-19T13:52:47.852908+00:00,2810951.792619,1,4.187988,4.031250,2.884766,93250,93250,7,4816050,1925825,4816037,4816043,4816044,4816045,2222606,1925417,4816050,4814755,4812556,1600000,2385610
2026-07-19T13:52:48.849745+00:00,2810952.789457,1,4.172852,4.030273,2.891113,93500,93500,8,4791712,2603952,4791106,4791072,4791098,4791096,2126822,2050274,4791712,4790382,4790291,4790183,2129386
2026-07-19T13:52:49.850283+00:00,2810953.789991,1,4.172852,4.030273,2.891113,93375,93375,8,4817044,1925767,4816051,4816052,4816057,4816041,1926103,1924729,4816052,4815217,4817044,4814785,1926674
2026-07-19T13:52:50.853550+00:00,2810954.793262,1,4.172852,4.030273,2.891113,93625,93625,5,4816053,1925689,4816040,4816036,4816038,4816053,1925140,1600000,1600000,4814155,1600000,1600000,1926061
2026-07-19T13:52:51.853143+00:00,2810955.792854,1,4.172852,4.030273,2.891113,93500,93500,6,4816052,1925646,4816048,4816051,4816043,4816052,1600000,1600000,4815235,4813800,1600000,1600000,1925848
2026-07-19T13:52:52.853167+00:00,2810956.792879,1,4.172852,4.030273,2.891113,93375,93375,6,4816260,1926129,4816041,4816046,4816034,4816052,2200000,1925531,4815056,2200000,4816260,1600000,2139275
2026-07-19T13:52:53.853600+00:00,2810957.793312,1,4.158691,4.029297,2.897461,93625,93625,6,4817328,1925701,4816021,4816019,4816023,4816023,1600000,1600000,4817328,4815858,1600000,1600000,1600000
2026-07-19T13:52:54.853517+00:00,2810958.793232,1,4.158691,4.029297,2.897461,93500,93500,7,4816018,1939748,4816018,4816010,4816005,4815994,1922305,1600000,4815173,4812362,4815651,1600000,1925130
2026-07-19T13:52:55.849652+00:00,2810959.789365,1,4.158691,4.029297,2.897461,93625,93625,8,4791103,3052338,4791096,4791095,4791103,4791095,3999664,2852261,4790295,4791049,4790753,4790499,3751979
2026-07-19T13:52:56.852983+00:00,2810960.792694,1,4.158691,4.029297,2.897461,93625,93625,8,4816055,1926381,4816045,4816055,4816054,4816053,1926063,1600000,4815166,4812418,4815625,4815733,1925145
2026-07-19T13:52:57.849941+00:00,2810961.789653,1,4.158691,4.029297,2.897461,93750,93750,7,4791679,2128744,4791089,4791105,4791100,4791098,2128625,2129291,4787563,4790087,1600000,4791679,2129403
2026-07-19T13:52:58.853002+00:00,2810962.792715,1,4.145508,4.028809,2.903809,93750,93750,8,4815126,1925631,4806275,4806257,4806270,4806266,1925934,1600000,4815126,4815070,4807828,4812493,1923137
2026-07-19T13:52:59.853331+00:00,2810963.793042,1,4.145508,4.028809,2.903809,93625,93625,8,4816005,1925786,4815996,4815992,4816000,4816005,1925529,1925150,4814965,4815695,4814792,4814843,1925232
2026-07-19T13:53:00.849831+00:00,2810964.789545,1,4.145508,4.028809,2.903809,93750,93750,8,4816021,4029782,4815956,4815947,4816021,4815966,2142099,3769578,4815720,4815928,4815508,4815599,2142372
2026-07-19T13:53:01.850516+00:00,2810965.790228,1,4.145508,4.028809,2.903809,93750,93750,8,4816429,1989700,4816056,4816045,4816048,4816052,1925746,1925842,4816429,4807338,4815610,4811427,2627039
2026-07-19T13:53:02.853080+00:00,2810966.792792,1,4.145508,4.028809,2.903809,94000,94000,8,4818089,2040199,4816004,4816002,4816004,4816001,1600000,1925192,4818089,4813739,4814141,4815975,1925050
2026-07-19T13:53:03.853333+00:00,2810967.793045,1,4.133789,4.028320,2.910156,93875,93875,6,4815994,1925524,4815993,4815994,4815980,4815990,1925869,1600000,1600000,4810133,1600000,4810423,1925299
2026-07-19T13:53:04.853024+00:00,2810968.792735,1,4.133789,4.028320,2.910156,94000,94000,7,4817679,2136290,4815999,4815891,4815995,4816008,1916697,2134022,4805663,4817679,1600000,4811553,1926198
2026-07-19T13:53:05.850676+00:00,2810969.790388,1,4.133789,4.028320,2.910156,93875,93875,7,4816077,1925919,4815998,4815989,4815995,4816005,1925939,1947820,2200000,4816077,4814804,4815755,1924709
2026-07-19T13:53:06.853402+00:00,2810970.793116,1,4.133789,4.028320,2.910156,93750,93750,7,4816127,1600000,4816004,4816021,4816003,4816008,1600000,1925493,4816127,4814839,4815119,1600000,1925724
2026-07-19T13:53:07.853034+00:00,2810971.792744,1,4.133789,4.028320,2.910156,93875,93875,6,4816057,1925671,4816046,4816047,4816057,4816048,1924788,1600000,4816030,1600000,1600000,4812914,1925905
2026-07-19T13:53:08.853241+00:00,2810972.792953,1,4.123047,4.027832,2.916016,93625,93625,6,4816014,1600000,4816007,4816014,4816012,4816007,1600000,1600000,4811972,1600000,1600000,4815523,1923495
2026-07-19T13:53:09.853479+00:00,2810973.793191,1,4.123047,4.027832,2.916016,93750,93750,8,4819599,1600000,4815994,4815978,4815975,4815973,1925832,2138792,4815010,4817087,4815499,4819599,2137870
2026-07-19T13:53:10.850652+00:00,2810974.790363,1,4.123047,4.027832,2.916016,93750,93750,8,4817789,1925318,4816042,4816043,4816050,4816056,1921924,2139797,4815973,4817789,4815736,4815681,1926060
2026-07-19T13:53:11.853269+00:00,2810975.792981,1,4.123047,4.027832,2.916016,93875,93875,8,4821676,1925717,4816060,4816050,4816049,4816055,2051173,1924685,4820587,4819726,4821676,4820465,2073913
2026-07-19T13:53:12.852290+00:00,2810976.791998,1,4.123047,4.027832,2.916016,93625,93625,8,4816063,1926003,4816051,4816058,4816063,4816046,2135797,1925858,4815072,4816053,4815095,4812042,2140153
2026-07-19T13:53:13.853140+00:00,2810977.792851,1,4.112793,4.027344,2.921875,93875,93875,7,4816695,1925933,4816063,4816050,4816061,4816056,1926101,1925531,4814656,1600000,4816695,4815785,1925708
2026-07-19T13:53:14.850463+00:00,2810978.790175,1,4.112793,4.027344,2.921875,93875,93875,8,4816843,1942679,4816008,4816020,4816009,4816008,1924125,2139520,4815544,4815539,4815978,4816843,1923445
2026-07-19T13:53:15.852964+00:00,2810979.792677,1,4.112793,4.027344,2.921875,94125,94125,8,4816918,2087104,4815979,4815988,4815969,4815987,1925036,1954408,4816165,4815668,4816918,4814221,1924501
2026-07-19T13:53:16.853162+00:00,2810980.792874,1,4.112793,4.027344,2.921875,94125,94125,7,4816068,1925029,4816062,4816059,4816047,4816044,1600000,1600000,1600000,4815989,4812743,4816068,1923309
2026-07-19T13:53:17.850814+00:00,2810981.790527,1,4.112793,4.027344,2.921875,93875,93875,7,4817771,1925956,4816007,4816005,4815998,4816003,1925835,1925753,1600000,4816346,4813232,4817771,1925712
2026-07-19T13:53:18.853012+00:00,2810982.792728,1,4.103516,4.026855,2.927734,93750,93750,7,4817138,1926024,4816030,4816027,4816040,4816028,1600000,1600000,1600000,4816100,4816319,4817138,2135228
2026-07-19T13:53:19.853227+00:00,2810983.792938,1,4.103516,4.026855,2.927734,93750,93750,8,4816004,2138927,4815999,4815988,4816000,4816004,2140190,2114922,4815206,4815490,4815536,4815952,2130727
2026-07-19T13:53:20.851630+00:00,2810984.791342,1,4.103516,4.026855,2.927734,93625,93625,8,4819944,2139987,4816043,4816054,4816063,4816040,2136108,2138031,4813258,4819944,4815513,4815915,2137348
2026-07-19T13:53:21.852934+00:00,2810985.792645,1,4.103516,4.026855,2.927734,93625,93625,7,4816039,1958225,4816033,4816020,4816039,4816035,1960089,1953621,4815206,4814664,1600000,4815669,1925843
2026-07-19T13:53:22.853264+00:00,2810986.792977,1,4.103516,4.026855,2.927734,93750,93750,5,4816051,1923928,4816037,4816040,4816042,4816051,1925233,1926267,4815533,1600000,1600000,1600000,1925386
2026-07-19T13:53:23.853216+00:00,2810987.792932,1,4.095215,4.026367,2.933594,93625,93625,7,4816009,1925801,4816009,4816002,4815988,4816003,2079322,1600000,1600000,4811667,4814252,4814578,2026965
2026-07-19T13:53:24.853744+00:00,2810988.793456,1,4.095215,4.026367,2.933594,93625,93625,5,4816808,1925375,4816008,4816002,4816006,4816003,1600000,1921781,1600000,1600000,1600000,4816808,1925192
2026-07-19T13:53:25.850924+00:00,2810989.790635,1,4.095215,4.026367,2.933594,93500,93500,6,4818308,1925781,4816045,4816067,4816056,4816068,1600000,2039100,4817437,1600000,1600000,4818308,1923821
2026-07-19T13:53:26.852944+00:00,2810990.792657,1,4.095215,4.026367,2.933594,93375,93375,7,4818374,1926273,4816058,4816048,4816059,4816049,2138962,1924583,4818374,4814750,1600000,4816041,2139744
2026-07-19T13:53:27.852980+00:00,2810991.792691,1,4.095215,4.026367,2.933594,93375,93375,9,4816498,4416235,4816049,4816060,4816053,4816052,1925399,2751914,4816498,4816254,4815305,4815993,1925642
2026-07-19T13:53:28.850357+00:00,2810992.790069,1,4.087402,4.025879,2.939453,93375,93375,6,4816064,1925467,4816062,4816064,4816054,4816059,1600000,1600000,4813482,1600000,1600000,4813113,1925671
2026-07-19T13:53:29.853023+00:00,2810993.792734,1,4.087402,4.025879,2.939453,93625,93625,8,4816653,1926080,4814966,4814978,4814966,4814982,2123639,1600000,4814636,4815662,4815441,4816653,2137223
2026-07-19T13:53:30.850404+00:00,2810994.790116,1,4.087402,4.025879,2.939453,93500,93500,8,4815982,1925469,4815978,4815977,4815974,4815982,1925788,1925840,4815517,4811518,4815586,4815835,1945596
2026-07-19T13:53:31.853450+00:00,2810995.793161,1,4.087402,4.025879,2.939453,93500,93500,7,4816054,1925910,4816044,4816051,4816054,4816040,1925998,1926135,1600000,4810826,4815654,4816047,1925899
2026-07-19T13:53:32.853051+00:00,2810996.792763,1,4.087402,4.025879,2.939453,93500,93500,7,4815998,1930830,4815989,4815998,4815981,4815977,1941217,1924500,4814394,4814516,4815237,1600000,2065894
2026-07-19T13:53:33.853269+00:00,2810997.792981,1,4.080078,4.025391,2.945312,93375,93375,5,4816738,1926020,4815970,4815982,4815977,4815978,2041370,1928731,1600000,1600000,1600000,4816738,2133327
2026-07-19T13:53:34.853496+00:00,2810998.793208,1,4.080078,4.025391,2.945312,93375,93375,8,4816019,1925367,4816000,4816019,4816017,4816001,2670393,1925183,4815616,4813096,4814103,4814593,2591054
2026-07-19T13:53:35.850705+00:00,2810999.790418,1,4.080078,4.025391,2.945312,93375,93375,8,4816044,2139572,4816044,4816044,4816036,4816040,2115096,2140412,4812046,4815142,4815371,4814054,2139654
2026-07-19T13:53:36.850465+00:00,2811000.790177,1,4.080078,4.025391,2.945312,93375,93375,6,4816236,1925618,4816046,4816051,4816043,4816060,2138740,1600000,1600000,4813303,1600000,4816236,1600000
2026-07-19T13:53:37.852919+00:00,2811001.792632,1,4.080078,4.025391,2.945312,93375,93375,8,4816060,1996136,4816039,4816046,4816054,4816045,2140188,2116682,4803684,4813936,4816060,4814477,2139820
2026-07-19T13:53:38.853133+00:00,2811002.792845,1,4.073242,4.024902,2.951172,93375,93375,8,4828886,1600000,4815995,4815998,4815993,4815980,1926215,1925803,4789008,4816899,4828886,4815641,1928928
2026-07-19T13:53:39.852950+00:00,2811003.792662,1,4.073242,4.024902,2.951172,93500,93500,8,4816024,1926393,4816023,4816022,4816016,4816024,2140253,1600000,4815400,4815126,4815647,4811968,2139956
2026-07-19T13:53:40.850272+00:00,2811004.789983,1,4.073242,4.024902,2.951172,93500,93500,5,4817569,1925846,4815917,4815923,4815910,4815919,1925030,1600000,1600000,4817569,1600000,1600000,1925685
2026-07-19T13:53:41.853187+00:00,2811005.792898,1,4.073242,4.024902,2.951172,93500,93500,6,4816052,1925845,4816052,4816047,4816044,4816050,1925063,1600000,1600000,4810092,4814959,1600000,1600000
2026-07-19T13:53:42.853177+00:00,2811006.792894,1,4.073242,4.024902,2.951172,93375,93375,5,4816059,1600000,4816051,4816059,4816059,4816051,1600000,1600000,1600000,1600000,4814631,1600000,1923848
2026-07-19T13:53:43.852926+00:00,2811007.792638,1,4.066895,4.024414,2.957031,93500,93500,6,4816061,1925687,4816058,4816057,4816037,4816061,1926152,1600000,1600000,4814513,4814575,1600000,1925519
2026-07-19T13:53:44.853265+00:00,2811008.792978,1,4.066895,4.024414,2.957031,93375,93375,8,4816015,2139718,4816006,4816015,4816000,4816013,1600000,2139228,4815783,4809372,4815601,4815466,1950174
2026-07-19T13:53:45.850461+00:00,2811009.790173,1,4.066895,4.024414,2.957031,93375,93375,5,4816328,1600000,4816053,4816059,4816043,4816047,2139462,1925270,1600000,1600000,1600000,4816328,2140388
2026-07-19T13:53:46.852948+00:00,2811010.792660,1,4.066895,4.024414,2.957031,93500,93500,7,4817161,2094475,4816049,4816051,4816046,4816064,1925440,1925792,1600000,4815294,4817161,4814106,1600000
2026-07-19T13:53:47.854518+00:00,2811011.794229,1,4.066895,4.024414,2.957031,93500,93500,6,4817516,1926066,4816049,4816053,4816052,4816050,1925557,1925878,4817516,4816343,1600000,1600000,1925698
2026-07-19T13:53:48.853002+00:00,2811012.792714,1,4.061523,4.023926,2.962891,93500,93500,8,4816299,1926845,4816064,4816050,4816053,4816052,1925995,2010457,4815405,4816299,4815960,4815379,1925005
2026-07-19T13:53:49.853120+00:00,2811013.792831,1,4.061523,4.023926,2.962891,93500,93500,6,4816065,1925770,4816061,4816065,4816042,4816048,1600000,1925849,1600000,1600000,4814657,4815439,1600000
2026-07-19T13:53:50.850931+00:00,2811014.790643,1,4.061523,4.023926,2.962891,93500,93500,8,4815987,2009632,4815973,4815971,4815987,4815981,1932338,1600000,4813810,4815637,4815650,4815668,1925462
2026-07-19T13:53:51.850617+00:00,2811015.790328,1,4.061523,4.023926,2.962891,93375,93375,7,4816255,1925885,4815993,4815987,4815991,4815988,1600000,1600000,4815544,4816021,1600000,4816255,1925051
2026-07-19T13:53:52.853786+00:00,2811016.793498,1,4.061523,4.023926,2.962891,93500,93500,6,4817501,1600000,4816045,4816050,4816030,4816049,1925832,1600000,1600000,4817501,1600000,4814142,1600000
2026-07-19T13:53:53.853423+00:00,2811017.793135,1,4.136719,4.040527,2.974121,93875,93875,8,4815991,2140223,4815982,4815973,4815980,4815991,2139597,2139795,4701428,4642113,4642880,4813599,2073648
2026-07-19T13:53:54.853008+00:00,2811018.792720,1,4.136719,4.040527,2.974121,93750,93750,8,4816047,2139951,4816040,4816045,4816041,4816047,1925981,2140396,4815486,4815266,4815800,4814593,1992906
2026-07-19T13:53:55.850628+00:00,2811019.790340,1,4.136719,4.040527,2.974121,93625,93625,4,4816059,1925680,4816054,4816052,4816057,4816059,1925603,1600000,1600000,1600000,1600000,1600000,1925772
2026-07-19T13:53:56.853518+00:00,2811020.793232,1,4.136719,4.040527,2.974121,93625,93625,7,4817701,1925757,4816025,4816036,4816028,4816022,1925867,1600000,4815957,4817701,1600000,4816008,1600000
2026-07-19T13:53:57.853122+00:00,2811021.792834,1,4.136719,4.040527,2.974121,93500,93500,7,4818054,1925559,4816050,4816043,4816056,4816053,1925981,1600000,4814911,4818054,1600000,4813755,1600000
2026-07-19T13:53:58.852995+00:00,2811022.792707,1,4.125488,4.039551,2.979980,93500,93500,7,4816067,1600000,4816067,4816064,4816050,4816047,1932992,1600000,4815835,4815541,4811176,1600000,1926835
2026-07-19T13:53:59.853474+00:00,2811023.793186,1,4.125488,4.039551,2.979980,93500,93500,8,4816039,1925365,4816024,4816039,4816028,4816031,1940689,1925576,4815758,4815478,4815683,4815507,1956064
2026-07-19T13:54:00.850739+00:00,2811024.790451,1,4.125488,4.039551,2.979980,93500,93500,8,4816062,1924317,4816045,4816052,4816047,4816062,1926513,1948425,4815136,4811976,4812794,4815547,1925976
2026-07-19T13:54:01.850869+00:00,2811025.790580,1,4.125488,4.039551,2.979980,93500,93500,8,4816838,1925574,4816046,4816057,4816055,4816056,1600000,1600000,4814601,4816030,4816838,4815426,2087240
2026-07-19T13:54:02.852953+00:00,2811026.792665,1,4.125488,4.039551,2.979980,93625,93625,7,4816055,1925799,4816055,4816046,4816049,4816052,1600000,1925432,4815379,4813842,1600000,4815403,2138099
2026-07-19T13:54:03.850783+00:00,2811027.790495,1,4.115234,4.038574,2.985840,93875,93875,6,4816064,1955310,4816057,4816064,4816049,4816056,2131124,1925664,1600000,1600000,4815611,4815336,2132459
2026-07-19T13:54:04.853123+00:00,2811028.792839,1,4.115234,4.038574,2.985840,93750,93750,8,4816170,2721125,4798574,4798586,4798591,4798580,2140289,2680022,4814915,4816170,4812975,4814311,2140568
2026-07-19T13:54:05.852959+00:00,2811029.792671,1,4.115234,4.038574,2.985840,93625,93625,8,4816719,1600000,4816013,4816023,4815994,4816017,1961456,1600000,4814732,4816719,4815045,4816192,1947706
2026-07-19T13:54:06.850174+00:00,2811030.789885,1,4.115234,4.038574,2.985840,93625,93625,7,4816030,2042454,4816026,4816026,4816030,4816026,1600000,2132352,4816012,4815973,4813255,1600000,1926116
2026-07-19T13:54:07.850420+00:00,2811031.790132,1,4.115234,4.038574,2.985840,93750,93750,8,4816029,1925299,4815982,4815988,4815977,4815975,1925912,1925080,4815362,4814914,4816029,4815854,1924985
2026-07-19T13:54:08.851523+00:00,2811032.791235,1,4.105957,4.037598,2.991699,93625,93625,8,4822707,1925568,4816040,4816030,4816030,4816032,1925216,1925958,4816057,4822707,4816029,4815491,1925800
2026-07-19T13:54:09.853252+00:00,2811033.792961,1,4.105957,4.037598,2.991699,93625,93625,7,4816050,1600000,4816050,4816040,4816046,4816035,2254737,1925802,4815580,4814666,1600000,4815933,1925788
2026-07-19T13:54:10.853015+00:00,2811034.792727,1,4.105957,4.037598,2.991699,93500,93500,6,4817352,1600000,4816049,4816060,4816062,4816048,1600000,1925120,4815376,1600000,4817352,1600000,1600000
2026-07-19T13:54:11.852726+00:00,2811035.792437,1,4.105957,4.037598,2.991699,93625,93625,10,4793797,4790850,4791089,4791078,4791084,4791079,2128473,4789909,4789032,4790245,4786166,4793797,2126804
2026-07-19T13:54:12.853311+00:00,2811036.793023,1,4.105957,4.037598,2.991699,93625,93625,7,4816313,1924851,4815954,4815966,4815965,4815963,2139004,1600000,4815768,1600000,4816313,4812634,2138437
2026-07-19T13:54:13.853100+00:00,2811037.792812,1,4.097168,4.036621,2.997559,94000,94000,6,4816037,1925385,4816021,4816015,4816037,4816018,1944175,1600000,1600000,4814472,4810784,1600000,1600000
2026-07-19T13:54:14.853746+00:00,2811038.793458,1,4.097168,4.036621,2.997559,93875,93875,7,4816057,1925446,4816052,4816051,4816054,4816057,3148203,1925832,1600000,4815734,4813541,4815445,1926429
2026-07-19T13:54:15.853386+00:00,2811039.793097,1,4.097168,4.036621,2.997559,93750,93750,8,4817613,1925256,4816059,4816056,4816055,4816053,1600000,1600000,4815990,4816128,4817613,4815448,1925748
2026-07-19T13:54:16.852977+00:00,2811040.792689,1,4.097168,4.036621,2.997559,93625,93625,8,4816054,1926165,4816046,4816051,4816043,4816054,2751601,1924806,4811809,4815051,4814916,4814205,2752052
2026-07-19T13:54:17.852919+00:00,2811041.792630,1,4.097168,4.036621,2.997559,93500,93500,6,4818179,1921619,4815970,4815975,4815969,4815966,1926633,1917987,4795723,4818179,1600000,1600000,1926387
2026-07-19T13:54:18.852845+00:00,2811042.792553,1,4.089355,4.035645,3.003418,93500,93500,8,4816009,2639996,4816009,4815993,4815999,4816001,1925960,1926270,4815735,4815513,4815004,4813993,1925834
2026-07-19T13:54:19.853067+00:00,2811043.792779,1,4.089355,4.035645,3.003418,93500,93500,5,4816029,2751436,4816023,4816019,4816029,4816012,1925900,1926424,4815396,1600000,1600000,1600000,1931873
2026-07-19T13:54:20.851591+00:00,2811044.791303,1,4.089355,4.035645,3.003418,93500,93500,6,4816010,1925673,4816010,4816007,4816007,4816007,1927124,1600000,4815122,4812510,1600000,1600000,1940307
2026-07-19T13:54:21.853481+00:00,2811045.793192,1,4.089355,4.035645,3.003418,93500,93500,7,4816063,1926067,4816050,4816054,4816049,4816063,2068025,1600000,4803922,4814419,4815553,1600000,1600000
2026-07-19T13:54:22.853094+00:00,2811046.792807,1,4.089355,4.035645,3.003418,93500,93500,6,4816048,1600000,4816041,4816044,4816048,4816041,1961080,1926188,4812913,4812294,1600000,1600000,1925399
2026-07-19T13:54:23.850330+00:00,2811047.790042,1,4.162598,4.051758,3.014160,93500,93500,8,4816061,1925628,4816049,4816061,4816051,4816042,1600000,1600000,4814666,4812795,4814959,4814287,1600000
2026-07-19T13:54:24.853531+00:00,2811048.793242,1,4.162598,4.051758,3.014160,93500,93500,7,4818480,1600000,4815999,4816003,4816015,4816019,2140387,1600000,4816269,4818480,1600000,4815623,1600000
2026-07-19T13:54:25.850720+00:00,2811049.790431,1,4.162598,4.051758,3.014160,93500,93500,6,4816061,1925818,4816056,4816047,4816061,4816049,1925468,1600000,1600000,4806833,4815939,1600000,1600000
2026-07-19T13:54:26.853084+00:00,2811050.792798,1,4.162598,4.051758,3.014160,93500,93500,8,4820168,1924914,4816058,4816045,4816059,4816043,1951582,1925292,4820020,4820168,4815948,4815627,2200000
2026-07-19T13:54:27.853591+00:00,2811051.793302,1,4.162598,4.051758,3.014160,93625,93625,8,4816065,1925999,4816048,4816054,4816065,4816055,1923639,1935229,4812241,4815005,4815924,4815806,1926204
2026-07-19T13:54:28.853169+00:00,2811052.792881,1,4.149414,4.050781,3.019531,93625,93625,7,4816906,1600000,4816022,4816001,4816008,4816007,1600000,1925707,4816193,4816906,4815194,1600000,1600000
2026-07-19T13:54:29.850593+00:00,2811053.790306,1,4.149414,4.050781,3.019531,93625,93625,6,4816043,1926902,4816043,4816025,4816033,4816034,1925901,1600000,4814911,4815538,1600000,2200000,2080213
2026-07-19T13:54:30.852954+00:00,2811054.792666,1,4.149414,4.050781,3.019531,93500,93500,8,4816052,2139016,4816046,4816052,4816045,4816042,2139479,2080365,4815780,4815778,4813536,4814920,2200000
2026-07-19T13:54:31.853266+00:00,2811055.792978,1,4.149414,4.050781,3.019531,93625,93625,7,4815776,1915076,4803574,4803576,4803573,4803617,1600000,1945860,4806627,4815371,1600000,4815776,1916033
2026-07-19T13:54:32.850585+00:00,2811056.790298,1,4.149414,4.050781,3.019531,93625,93625,7,4816063,1926084,4816063,4816048,4816055,4816061,1600000,1600000,4815244,4815707,4813347,1600000,2139749
2026-07-19T13:54:33.853055+00:00,2811057.792770,1,4.217773,4.066895,3.030273,93875,93875,7,4817884,1600000,4816051,4816048,4816039,4816050,1931963,1925761,4815745,4817884,1600000,4810486,2132165
2026-07-19T13:54:34.853278+00:00,2811058.792989,1,4.217773,4.066895,3.030273,93750,93750,8,4816020,2127310,4815999,4816001,4816002,4816020,2109378,2040638,4791836,4809096,4815278,4815747,2058000
2026-07-19T13:54:35.853029+00:00,2811059.792741,1,4.217773,4.066895,3.030273,93625,93625,8,4819056,2139816,4815990,4815975,4815994,4815981,2045947,1600000,4815690,4819056,4816613,4798505,2031760
2026-07-19T13:54:36.852847+00:00,2811060.792559,1,4.217773,4.066895,3.030273,93625,93625,8,4816209,1925709,4816048,4816043,4816053,4816050,4046115,1924192,4815312,4815474,4815492,4816209,3231313
2026-07-19T13:54:37.853354+00:00,2811061.793066,1,4.217773,4.066895,3.030273,93625,93625,8,4816064,1925931,4816057,4816064,4816057,4816049,1926180,1600000,4815468,4814287,4815690,4815657,1942969
2026-07-19T13:54:38.853466+00:00,2811062.793178,1,4.200195,4.065430,3.035645,93875,93875,7,4816030,1926118,4816013,4816000,4816030,4816006,1600000,1600000,4814864,4813985,1600000,4809013,1925418
2026-07-19T13:54:39.850153+00:00,2811063.789864,1,4.200195,4.065430,3.035645,93875,93875,8,4816106,2061621,4815994,4815997,4815988,4815988,2140402,2067914,4811649,4815097,4816106,4815194,2139470
2026-07-19T13:54:40.853380+00:00,2811064.793091,1,4.200195,4.065430,3.035645,93875,93875,6,4816146,1600000,4815994,4815987,4816011,4815993,1600000,1924690,4813553,4816146,1600000,1600000,1951917
2026-07-19T13:54:41.850584+00:00,2811065.790295,1,4.200195,4.065430,3.035645,93875,93875,8,4816538,1925165,4816007,4816028,4816007,4816003,1600000,1925945,4814342,4816043,4812308,4816538,1925014
2026-07-19T13:54:42.852993+00:00,2811066.792705,1,4.200195,4.065430,3.035645,93750,93750,8,4818550,2139688,4816003,4816005,4816009,4816018,2626864,2139094,4816375,4815540,4818550,4799692,2360231
2026-07-19T13:54:43.853471+00:00,2811067.793183,1,4.184082,4.063965,3.041016,93750,93750,6,4816067,1923747,4816064,4816047,4816039,4816067,1600000,1924615,1600000,4812223,1600000,4812784,1924704
2026-07-19T13:54:44.850632+00:00,2811068.790343,1,4.184082,4.063965,3.041016,93750,93750,7,4816059,1925222,4816059,4816051,4816043,4816041,1925879,1600000,1600000,4811723,4813563,4814794,1925928
2026-07-19T13:54:45.852863+00:00,2811069.792574,1,4.184082,4.063965,3.041016,93750,93750,6,4816055,2002130,4816050,4816055,4816044,4816044,1926330,1924936,1600000,4815465,1600000,4815563,1926383
2026-07-19T13:54:46.853835+00:00,2811070.793551,1,4.184082,4.063965,3.041016,93625,93625,6,4816051,1925566,4816045,4816047,4816051,4816046,1924782,1925695,1600000,4809879,1600000,4815115,1925877
2026-07-19T13:54:47.853093+00:00,2811071.792806,1,4.184082,4.063965,3.041016,93625,93625,7,4816069,1925621,4816069,4816059,4816057,4816066,2001461,1921692,4808227,4814975,1600000,4815073,1925401
2026-07-19T13:54:48.852963+00:00,2811072.792674,1,4.249512,4.079590,3.051758,93500,93500,6,4816057,1926035,4816057,4816048,4816044,4816048,1925490,1600000,4814057,1600000,1600000,4813479,1925869
2026-07-19T13:54:49.852934+00:00,2811073.792645,1,4.249512,4.079590,3.051758,93750,93750,8,4816055,1925947,4816055,4816049,4816055,4816051,2092896,2011542,4813272,4815786,4814825,4813766,2139178
2026-07-19T13:54:50.853134+00:00,2811074.792846,1,4.249512,4.079590,3.051758,93625,93625,6,4816059,1925867,4816043,4816050,4816033,4816059,1600000,1925837,4814380,4812805,1600000,1600000,1600000
2026-07-19T13:54:51.852994+00:00,2811075.792705,1,4.249512,4.079590,3.051758,93750,93750,7,4817493,1925910,4816065,4816046,4816039,4816053,1925188,1600000,4814273,4817493,1600000,4815975,1925605
2026-07-19T13:54:52.853044+00:00,2811076.792755,1,4.249512,4.079590,3.051758,93625,93625,7,4816058,1600000,4816038,4816045,4816057,4816058,1926424,1925567,4815229,4815646,4815095,1600000,1925838
2026-07-19T13:54:53.853191+00:00,2811077.792903,1,4.229492,4.078125,3.057129,93625,93625,8,4820169,1925550,4816061,4816070,4816051,4816054,1600000,1925722,4812879,4814575,4820169,4815106,1925749
2026-07-19T13:54:54.853158+00:00,2811078.792874,1,4.229492,4.078125,3.057129,93500,93500,8,4816862,1925669,4816001,4815996,4815998,4816007,2200000,1600000,4813586,4816862,4816294,4814746,2138986
2026-07-19T13:54:55.851717+00:00,2811079.791431,1,4.229492,4.078125,3.057129,93500,93500,9,4815579,4810914,4810903,4810872,4810913,4810918,1600000,4815449,1600000,4814141,4814925,4815579,1600000
2026-07-19T13:54:56.851215+00:00,2811080.790930,1,4.229492,4.078125,3.057129,93500,93500,5,4816059,1925438,4816050,4816059,4816044,4816046,1925770,1925641,1600000,4813406,1600000,2200000,1600000
2026-07-19T13:54:57.853031+00:00,2811081.792743,1,4.229492,4.078125,3.057129,93500,93500,6,4816055,1925779,4816054,4816046,4816055,4816047,1925148,1926275,1600000,4815772,1600000,4815022,1925549
2026-07-19T13:54:58.854285+00:00,2811082.793997,1,4.371582,4.110352,3.073242,93500,93500,7,4816885,1924288,4816017,4815980,4815994,4816011,1925544,1600000,4816852,4816805,4816885,1600000,1925393
2026-07-19T13:54:59.853297+00:00,2811083.793007,1,4.371582,4.110352,3.073242,93625,93625,8,4818944,1941910,4816058,4816031,4816059,4816052,1925928,1933994,4818944,4807379,4817634,4814092,1925932
2026-07-19T13:55:00.853153+00:00,2811084.792864,1,4.371582,4.110352,3.073242,93625,93625,7,4816060,1925663,4816047,4816045,4816060,4816055,1925309,1925840,4815080,4815277,4813638,1600000,1924230
2026-07-19T13:55:01.853081+00:00,2811085.792793,1,4.371582,4.110352,3.073242,93875,93875,8,4816040,1925232,4816034,4816039,4816039,4816040,1925769,1926276,4810674,4815525,4815673,4815727,1926006
2026-07-19T13:55:02.853386+00:00,2811086.793098,1,4.371582,4.110352,3.073242,93750,93750,7,4817450,1600000,4816061,4816059,4816049,4816042,1600000,2750105,4817450,4816038,1600000,4801473,1923821
2026-07-19T13:55:03.853318+00:00,2811087.793034,1,4.341797,4.108398,3.078613,93875,93875,6,4816053,1925417,4816052,4816053,4816046,4816043,1600000,1924709,4814251,4816035,1600000,1600000,1925300
2026-07-19T13:55:04.852924+00:00,2811088.792637,1,4.341797,4.108398,3.078613,94000,94000,8,4807667,2131672,4807660,4807652,4807667,4807649,2127817,2127680,4788220,4789462,4787751,4789309,2129439
2026-07-19T13:55:05.850310+00:00,2811089.790022,1,4.341797,4.108398,3.078613,94000,94000,6,4814563,1925258,4809549,4809489,4809551,4809547,2745582,1926227,4814563,4814089,1600000,1600000,2750391
2026-07-19T13:55:06.853067+00:00,2811090.792780,1,4.341797,4.108398,3.078613,94000,94000,8,4816058,1926017,4816058,4816034,4816033,4816051,1600000,1925935,4815033,4815360,4815676,4815465,1926359
2026-07-19T13:55:07.853115+00:00,2811091.792828,1,4.341797,4.108398,3.078613,94000,94000,8,4816076,1925404,4815993,4815984,4815977,4815988,1925760,1925535,4816056,4816076,4815503,4815911,1925981
2026-07-19T13:55:08.850435+00:00,2811092.790148,1,4.313965,4.106445,3.083984,93875,93875,8,4816060,1925147,4816043,4816046,4816040,4816060,1923536,1925948,4813790,4813161,4815119,4810829,1923503
2026-07-19T13:55:09.853414+00:00,2811093.793130,1,4.313965,4.106445,3.083984,93750,93750,7,4816397,1925585,4816059,4816058,4816051,4816048,1925849,1600000,4816397,4815393,4815697,1600000,1926307
2026-07-19T13:55:10.855123+00:00,2811094.794835,1,4.313965,4.106445,3.083984,93500,93500,6,4816015,1924623,4816015,4816006,4816004,4816001,1925182,1600000,1600000,4814352,4815717,1600000,1925872
2026-07-19T13:55:11.853888+00:00,2811095.793600,1,4.313965,4.106445,3.083984,93625,93625,6,4816372,1925236,4816052,4816052,4816065,4816046,1600000,1600000,1600000,4816372,4813684,1600000,2065589
2026-07-19T13:55:12.853108+00:00,2811096.792819,1,4.313965,4.106445,3.083984,93625,93625,7,4817265,1925293,4816026,4816021,4816025,4816004,2136990,1600000,4815797,4816935,4817265,1600000,1600000
2026-07-19T13:55:13.852763+00:00,2811097.792475,1,5.410156,4.337402,3.164551,93875,93875,8,4816058,2108988,4816046,4816051,4816051,4816058,1926641,1600000,4815117,4815700,4815029,4814986,1924589
2026-07-19T13:55:14.853004+00:00,2811098.792720,1,5.410156,4.337402,3.164551,93750,93750,8,4822702,2140101,4816053,4816049,4816047,4816049,1924037,1600000,4815102,4822702,4816300,4815330,1600000
2026-07-19T13:55:15.853329+00:00,2811099.793041,1,5.410156,4.337402,3.164551,93750,93750,8,4816544,2139117,4816055,4816059,4816058,4816057,1925376,1600000,4813767,4816544,4812889,4812113,1927373
2026-07-19T13:55:16.853066+00:00,2811100.792777,1,5.410156,4.337402,3.164551,93750,93750,7,4816051,1924903,4816025,4816051,4816026,4816028,1600000,1600000,4816005,4815685,4814722,1600000,1925926
2026-07-19T13:55:17.852965+00:00,2811101.792677,1,5.410156,4.337402,3.164551,93625,93625,8,4816061,1925353,4816031,4816023,4816024,4816023,2139979,1925871,4815748,4815602,4815709,4816061,2139939
2026-07-19T13:55:18.853214+00:00,2811102.792926,1,5.296875,4.331543,3.169434,93500,93500,8,4823483,1926125,4816009,4816009,4816002,4815994,2140453,1926065,4817973,4823483,4815593,4812270,2200000
2026-07-19T13:55:19.853141+00:00,2811103.792853,1,5.296875,4.331543,3.169434,93500,93500,7,4816056,1600000,4816043,4816056,4816040,4816051,1925371,1922780,1600000,4813251,4814991,4809265,1926179
2026-07-19T13:55:20.853035+00:00,2811104.792747,1,5.296875,4.331543,3.169434,93500,93500,5,4816054,1922682,4816054,4816040,4816041,4816037,1925090,1600000,1600000,4813888,1600000,1600000,1600000
2026-07-19T13:55:21.853615+00:00,2811105.793332,1,5.296875,4.331543,3.169434,93625,93625,7,4816057,1925630,4816028,4816052,4816048,4816057,1925339,1925475,4814414,4814622,4815011,1600000,1600000
2026-07-19T13:55:22.853240+00:00,2811106.792956,1,5.296875,4.331543,3.169434,93625,93625,7,4816046,1925806,4816044,4816046,4816037,4816046,1600000,1925296,4350000,4814134,4815469,4814716,1600000
2026-07-19T13:55:23.850664+00:00,2811107.790375,1,5.192871,4.325684,3.174316,93625,93625,7,4817286,1925811,4816058,4816017,4816059,4816041,1600000,1600000,4817164,4814011,4817286,1600000,1925820
2026-07-19T13:55:24.853349+00:00,2811108.793061,1,5.192871,4.325684,3.174316,93625,93625,6,4816058,1925170,4816058,4816056,4816049,4816048,1600000,1600000,1600000,4812833,1600000,4814465,1925817
2026-07-19T13:55:25.853091+00:00,2811109.792802,1,5.192871,4.325684,3.174316,93750,93750,6,4816057,1925840,4816057,4816047,4816046,4816037,1600000,1988163,4350000,4767742,4815694,1600000,1600000
2026-07-19T13:55:26.853147+00:00,2811110.792859,1,5.192871,4.325684,3.174316,93750,93750,5,4816023,1925644,4816006,4815998,4816004,4816023,1600000,1925411,1600000,1600000,4815466,1600000,1925665
2026-07-19T13:55:27.853419+00:00,2811111.793131,1,5.192871,4.325684,3.174316,93750,93750,7,4818753,1926239,4816054,4816034,4816053,4816065,2140407,2139987,4815408,4818753,1600000,4817271,1600000
2026-07-19T13:55:28.850582+00:00,2811112.790294,1,5.097168,4.319824,3.179199,93875,93875,7,4817146,2487097,4816050,4816034,4816047,4816049,2138091,2139711,4817146,4729740,2200000,4816023,2001080
2026-07-19T13:55:29.851403+00:00,2811113.791115,1,5.097168,4.319824,3.179199,94000,94000,8,4791637,2099569,4791072,4791062,4791065,4791064,2002174,1964628,4791637,4789744,4790085,4789562,2602802
2026-07-19T13:55:30.853412+00:00,2811114.793123,1,5.097168,4.319824,3.179199,94000,94000,5,4815650,1925684,4809719,4809711,4809717,4809720,1600000,1925300,1600000,4815650,1600000,1600000,2029445
2026-07-19T13:55:31.853024+00:00,2811115.792733,1,5.097168,4.319824,3.179199,94000,94000,6,4816011,1600000,4816001,4816003,4816011,4815994,1600000,1925704,4816007,4812792,1600000,1600000,1600000
2026-07-19T13:55:32.853237+00:00,2811116.792949,1,5.097168,4.319824,3.179199,93875,93875,6,4817877,1925545,4816045,4816058,4816053,4816054,1600000,1600000,4814532,4817877,1600000,1600000,1924854
2026-07-19T13:55:33.853501+00:00,2811117.793212,1,5.089355,4.331543,3.189453,93750,93750,5,4815981,1925893,4815980,4815979,4815981,4815972,1925887,1926150,4809899,1600000,1600000,2200000,1600000
2026-07-19T13:55:34.853227+00:00,2811118.792939,1,5.089355,4.331543,3.189453,93875,93875,6,4816005,1925412,4816004,4815984,4816005,4816004,1924612,1600000,4815304,4814424,1600000,1600000,1925819
2026-07-19T13:55:35.853289+00:00,2811119.793002,1,5.089355,4.331543,3.189453,93875,93875,7,4816055,1925381,4816044,4816044,4816055,4816039,1925032,1925265,4814540,4815087,1600000,4813744,1600000
2026-07-19T13:55:36.853547+00:00,2811120.793258,1,5.089355,4.331543,3.189453,94000,94000,8,4810359,1600000,4810358,4810323,4810312,4810354,1925895,1600000,4810359,4809064,4799018,4752076,1925829
2026-07-19T13:55:37.853138+00:00,2811121.792849,1,5.089355,4.331543,3.189453,93875,93875,7,4816723,1924136,4815991,4815997,4815968,4815990,1600000,1600000,4816723,4815962,2200000,4815068,1925598
2026-07-19T13:55:38.857579+00:00,2811122.797290,1,5.001953,4.325684,3.193848,93875,93875,8,4816635,1925977,4816042,4816033,4816048,4816055,1925521,1600000,4816248,4816635,4815974,4814761,1925801
2026-07-19T13:55:39.857214+00:00,2811123.796925,1,5.001953,4.325684,3.193848,93750,93750,8,4815964,1925652,4798557,4798561,4798565,4798554,1923567,1921706,4815192,4815852,4815590,4815964,1978037
2026-07-19T13:55:40.853195+00:00,2811124.792911,1,5.001953,4.325684,3.193848,93625,93625,8,4817542,1925720,4816041,4816044,4816053,4816045,1925283,1925525,4815119,4810908,4817542,4814020,1600000
2026-07-19T13:55:41.852983+00:00,2811125.792696,1,5.001953,4.325684,3.193848,93625,93625,8,4822683,1925716,4816049,4816060,4816051,4816052,1600000,1600000,4822683,4817237,4815111,4818495,1924217
2026-07-19T13:55:42.852985+00:00,2811126.792700,1,5.001953,4.325684,3.193848,93625,93625,8,4816004,2040394,4816004,4815992,4815994,4816001,2207388,1946892,4814240,4809334,4805573,4811387,1922684
2026-07-19T13:55:43.853244+00:00,2811127.792955,1,4.921387,4.319824,3.198242,93500,93500,8,4817548,1934138,4816046,4816043,4816035,4816044,3214538,2200000,4813549,4813925,4814585,4817548,2124448
2026-07-19T13:55:44.852947+00:00,2811128.792658,1,4.921387,4.319824,3.198242,93500,93500,8,4816055,2139530,4816052,4816039,4816051,4816055,1600000,2200000,4815166,4814989,4813894,4814233,2750318
2026-07-19T13:55:45.852803+00:00,2811129.792517,1,4.921387,4.319824,3.198242,93500,93500,9,4816306,1925596,4803814,4803813,4803811,4803816,1925980,1926120,4816306,4815070,4813336,4815965,4502184
2026-07-19T13:55:46.853294+00:00,2811130.793001,1,4.921387,4.319824,3.198242,93500,93500,8,4816023,1925644,4816008,4815998,4816023,4816015,1925810,1600000,4814543,4812853,4815978,4815601,2139244
2026-07-19T13:55:47.853003+00:00,2811131.792718,1,4.921387,4.319824,3.198242,93500,93500,8,4818321,1925574,4816043,4816055,4816063,4816050,1600000,1925518,4814261,4818321,4816817,4813805,1925110
2026-07-19T13:55:48.852781+00:00,2811132.792491,1,4.927734,4.331543,3.208008,93500,93500,8,4816025,1925885,4816015,4816025,4816005,4816009,4350000,1600000,4813465,4815985,4815426,4814409,1600000
2026-07-19T13:55:49.853378+00:00,2811133.793090,1,4.927734,4.331543,3.208008,93375,93375,8,4813361,1926302,4791098,4791085,4791096,4791086,1600000,1600000,4810398,4793059,4754570,4813361,1926055
2026-07-19T13:55:50.853149+00:00,2811134.792861,1,4.927734,4.331543,3.208008,93375,93375,7,4816806,1925633,4816054,4816048,4816037,4816059,1925957,1600000,4814701,4816806,1600000,4815662,1600000
2026-07-19T13:55:51.852972+00:00,2811135.792684,1,4.927734,4.331543,3.208008,93375,93375,8,4816050,1934679,4816039,4816040,4816046,4816050,1926399,2416393,4815362,4815355,4815952,4815315,1925792
2026-07-19T13:55:52.853464+00:00,2811136.793176,1,4.927734,4.331543,3.208008,93500,93500,7,4819562,1925724,4816044,4816035,4816024,4816022,1925295,1600000,4815246,4819562,1600000,4815234,1925812
2026-07-19T13:55:53.853035+00:00,2811137.792746,1,5.253906,4.409180,3.239258,93875,93875,5,4816059,1925700,4816051,4816046,4816059,4816053,1925110,1923770,1600000,4814196,1600000,1600000,1974030
2026-07-19T13:55:54.852982+00:00,2811138.792694,1,5.253906,4.409180,3.239258,93875,93875,8,4733371,1908991,4712673,4712686,4712683,4712683,1891206,1890004,4712676,4713593,4730561,4733371,1893110
2026-07-19T13:55:55.853472+00:00,2811139.793183,1,5.253906,4.409180,3.239258,93750,93750,4,4816052,1925620,4816046,4816052,4816045,4816044,1924330,1600000,1600000,1600000,1600000,2200000,1925625
2026-07-19T13:55:56.853066+00:00,2811140.792777,1,5.253906,4.409180,3.239258,93750,93750,6,4816006,1925139,4815999,4815997,4816006,4816002,1925571,1600000,4815055,4814180,1600000,1600000,1600000
2026-07-19T13:55:57.852910+00:00,2811141.792621,1,5.253906,4.409180,3.239258,93625,93625,8,4816054,1926122,4816054,4816046,4816053,4816054,2140143,1926095,4815155,4815728,4815650,4815609,2140314
2026-07-19T13:55:58.852290+00:00,2811142.792014,1,5.153320,4.402344,3.243652,93500,93500,7,4817998,1924386,4816058,4816057,4816057,4816048,1600000,1923092,4815415,4812850,4817998,1600000,1979414
2026-07-19T13:55:59.853117+00:00,2811143.792828,1,5.153320,4.402344,3.243652,93625,93625,7,4817450,1925674,4816061,4816049,4816044,4816056,1600000,1923112,4816557,4817450,4815879,1600000,1923449
2026-07-19T13:56:00.853102+00:00,2811144.792813,1,5.153320,4.402344,3.243652,93625,93625,7,4816049,1925555,4816047,4816049,4816042,4816037,1925269,1925837,4815410,4814923,4815806,1600000,1925726
2026-07-19T13:56:01.850507+00:00,2811145.790218,1,5.153320,4.402344,3.243652,93875,93875,8,4815990,1925766,4815990,4815949,4815987,4815985,1925982,1926258,4815888,4815435,4815943,4815616,1926095
2026-07-19T13:56:02.853164+00:00,2811146.792875,1,5.153320,4.402344,3.243652,93875,93875,9,4815644,2532603,4796575,4796575,4796577,4796575,1930862,4413860,4806483,4791744,4815511,4815644,2071823
2026-07-19T13:56:03.850376+00:00,2811147.790087,1,5.060547,4.395508,3.248047,93875,93875,8,4818180,1925520,4816055,4816049,4816052,4816043,1925506,1600000,4812847,4816039,4812109,4818180,1600000
2026-07-19T13:56:04.853072+00:00,2811148.792784,1,5.060547,4.395508,3.248047,93750,93750,8,4816702,1926206,4816046,4816046,4816056,4816035,2007075,1925768,4814832,4815774,4808962,4816702,1925969
2026-07-19T13:56:05.850469+00:00,2811149.790181,1,5.060547,4.395508,3.248047,94125,94125,7,4816046,1914742,4816035,4816040,4816028,4816046,1925442,1600000,4815514,4815470,1600000,4814064,1925830
2026-07-19T13:56:06.853054+00:00,2811150.792770,1,5.060547,4.395508,3.248047,93875,93875,6,4816059,1925497,4816052,4816051,4816044,4816059,1925639,1600000,4815731,1600000,4812123,1600000,1600000
2026-07-19T13:56:07.852960+00:00,2811151.792671,1,5.060547,4.395508,3.248047,93875,93875,5,4816084,1600000,4816055,4816062,4816053,4816046,1600000,1600000,1600000,1600000,4816084,1600000,1926313
2026-07-19T13:56:08.853269+00:00,2811152.792981,1,4.975586,4.388672,3.252441,93625,93625,4,4816061,1925408,4816058,4816061,4816049,4816058,1926077,1600000,1600000,4350000,2200000,1600000,1926075
2026-07-19T13:56:09.853046+00:00,2811153.792758,1,4.975586,4.388672,3.252441,93625,93625,5,4816061,1925606,4816061,4816044,4816044,4816048,1600000,1600000,4813264,1600000,1600000,1600000,1925762
2026-07-19T13:56:10.852510+00:00,2811154.792227,1,4.975586,4.388672,3.252441,93500,93500,6,4817671,1902358,4816010,4816002,4816004,4816000,1600000,1600000,1600000,4815366,4817671,1600000,1600000
2026-07-19T13:56:11.850300+00:00,2811155.790013,1,4.975586,4.388672,3.252441,93625,93625,8,4816534,1926502,4816056,4816051,4816052,4816072,1925967,1925461,4811722,4816534,4815628,4803796,1924425
2026-07-19T13:56:12.853044+00:00,2811156.792755,1,4.975586,4.388672,3.252441,93750,93750,6,4816055,2140347,4816050,4816051,4816055,4816046,1600000,1600000,4814745,4814701,1600000,2200000,1925060
2026-07-19T13:56:13.853026+00:00,2811157.792737,1,4.897461,4.381836,3.256836,93750,93750,5,4816062,1600000,4816060,4816048,4816061,4816062,1925500,1600000,1600000,4811942,1600000,1600000,1600000
2026-07-19T13:56:14.853525+00:00,2811158.793237,1,4.897461,4.381836,3.256836,93875,93875,8,4791088,1915905,4791088,4791081,4791074,4791066,2129224,1600000,4790337,4790306,4790487,4790622,2124859
2026-07-19T13:56:15.853050+00:00,2811159.792766,1,4.897461,4.381836,3.256836,93875,93875,6,4816057,1600000,4816057,4816037,4816055,4816054,1920827,1924475,1600000,4814825,4815697,1600000,1600000
2026-07-19T13:56:16.853066+00:00,2811160.792779,1,4.897461,4.381836,3.256836,93875,93875,8,4815749,1981106,4804580,4804587,4804594,4804577,1925083,1600000,4796860,4813926,4815749,4812889,1923525
2026-07-19T13:56:17.853048+00:00,2811161.792757,1,4.897461,4.381836,3.256836,93750,93750,9,4815666,2754972,4802170,4802175,4802187,4802183,2139832,4461331,4801792,4813924,4815666,4793788,2140425
2026-07-19T13:56:18.853031+00:00,2811162.792743,1,4.825195,4.375488,3.261230,93750,93750,7,4816051,2043873,4816045,4816051,4816041,4816044,2200000,1926231,4815297,1600000,4813840,4814201,1600000
2026-07-19T13:56:19.860177+00:00,2811163.799889,1,4.825195,4.375488,3.261230,93875,93875,10,4790072,2127036,4726557,4726544,4726548,4726588,4726539,2122041,4790072,4784151,4784825,4769289,4789220
2026-07-19T13:56:20.850498+00:00,2811164.790210,1,4.825195,4.375488,3.261230,93875,93875,7,4816065,1925698,4816065,4816044,4816055,4816053,1925696,1600000,1600000,4814347,4813483,4814332,1925255
2026-07-19T13:56:21.853101+00:00,2811165.792812,1,4.825195,4.375488,3.261230,93875,93875,8,4816057,2140060,4816050,4816050,4816052,4816057,1600000,2140085,4815439,4815817,4791035,4815964,1923161
2026-07-19T13:56:22.850679+00:00,2811166.790392,1,4.825195,4.375488,3.261230,93750,93750,6,4816907,1925870,4816040,4816046,4816062,4816050,1925049,1925912,4814781,1600000,4816907,2200000,1600000
2026-07-19T13:56:23.851145+00:00,2811167.790857,1,4.758789,4.369141,3.265625,93750,93750,8,4816011,1600000,4816001,4816011,4816002,4816005,1600000,1924385,4815193,4813286,4813952,4815632,1600000
2026-07-19T13:56:24.853141+00:00,2811168.792853,1,4.758789,4.369141,3.265625,93750,93750,6,4816053,1924937,4816053,4816040,4816049,4816051,1924786,1925482,1600000,4815866,1600000,4814637,1925350
2026-07-19T13:56:25.853010+00:00,2811169.792721,1,4.758789,4.369141,3.265625,93625,93625,7,4832746,1600000,4816052,4816047,4816054,4816061,1964151,1924834,4814641,4809317,4832746,1600000,1925774
2026-07-19T13:56:26.853577+00:00,2811170.793289,1,4.758789,4.369141,3.265625,93500,93500,7,4817010,1925582,4816000,4816006,4816012,4816007,1600000,1600000,4817010,4816425,4808120,1600000,1925440
2026-07-19T13:56:27.853203+00:00,2811171.792914,1,4.758789,4.369141,3.265625,93500,93500,8,4815142,1925087,4791118,4791115,4791108,4791119,2138652,1924148,4813752,4810202,4797131,4815142,1925699
2026-07-19T13:56:28.853071+00:00,2811172.792782,1,4.697754,4.362793,3.270020,93500,93500,7,4816418,1925994,4816043,4816040,4816049,4816050,1925166,1600000,4816418,4815578,4815219,1600000,1925804
2026-07-19T13:56:29.853035+00:00,2811173.792746,1,4.697754,4.362793,3.270020,93625,93625,6,4816022,1925441,4816022,4816022,4816015,4816021,1925552,1923292,1600000,4814697,4815474,1600000,1925393
2026-07-19T13:56:30.853266+00:00,2811174.792978,1,4.697754,4.362793,3.270020,93625,93625,5,4815997,2139702,4815995,4815997,4815995,4815996,1925442,2200000,1600000,4814834,1600000,1600000,1600000
2026-07-19T13:56:31.853020+00:00,2811175.792731,1,4.697754,4.362793,3.270020,93625,93625,5,4816061,1925676,4816061,4816059,4816059,4816052,1600000,1925768,1600000,4815905,1600000,1600000,1926025
2026-07-19T13:56:32.853084+00:00,2811176.792796,1,4.697754,4.362793,3.270020,93500,93500,5,4803831,1925893,4803825,4803831,4803831,4803826,1600000,1925024,4800641,1600000,1600000,1600000,1924848
2026-07-19T13:56:33.853281+00:00,2811177.792992,1,4.641602,4.356445,3.274414,93875,93875,6,4815946,1925628,4815938,4815941,4815932,4815946,2046192,1925614,4815240,4814087,1600000,1600000,1916431
2026-07-19T13:56:34.853109+00:00,2811178.792821,1,4.641602,4.356445,3.274414,93750,93750,7,4816053,1925269,4816040,4816042,4816051,4816053,1600000,1600000,4815402,4814432,4814517,1600000,1600000
2026-07-19T13:56:35.853144+00:00,2811179.792856,1,4.641602,4.356445,3.274414,94250,94250,6,4816058,1600000,4816058,4816046,4816052,4816052,1600000,1600000,1600000,1600000,4815141,4813049,1924002
2026-07-19T13:56:36.853385+00:00,2811180.793097,1,4.641602,4.356445,3.274414,94125,94125,7,4816061,1925283,4816059,4816056,4816050,4816061,1915719,1924733,4806435,4803306,1600000,4815243,1600000
2026-07-19T13:56:37.853119+00:00,2811181.792830,1,4.641602,4.356445,3.274414,94000,94000,4,4816062,1925620,4816054,4816062,4816055,4816056,1600000,1925679,1600000,1600000,2200000,1600000,1600000
2026-07-19T13:56:38.853022+00:00,2811182.792738,1,4.589844,4.350098,3.278320,93875,93875,6,4818204,1926390,4816020,4816016,4816031,4816014,1925515,1600000,1600000,4818204,4814958,1600000,1925589
2026-07-19T13:56:39.851007+00:00,2811183.790719,1,4.589844,4.350098,3.278320,93750,93750,7,4816052,1924490,4816030,4816023,4816032,4816052,1925923,1600000,1600000,4815422,4815503,4804461,1923741
2026-07-19T13:56:40.853089+00:00,2811184.792801,1,4.589844,4.350098,3.278320,93875,93875,6,4816803,1879230,4816055,4816065,4816067,4816053,1600000,1600000,1600000,4816803,4808811,4350000,1600000
2026-07-19T13:56:41.853245+00:00,2811185.792957,1,4.589844,4.350098,3.278320,93625,93625,6,4816054,1924877,4816053,4816052,4816039,4816054,1925570,1600000,4814448,4815530,1600000,1600000,1600000
2026-07-19T13:56:42.853476+00:00,2811186.793187,1,4.589844,4.350098,3.278320,93625,93625,8,4816033,1924003,4809825,4809789,4809819,4809823,1923077,1600000,4815329,4816033,4814329,4814533,1600000
2026-07-19T13:56:43.853063+00:00,2811187.792779,1,4.623047,4.361328,3.287598,93500,93500,8,4816069,1925548,4816053,4816063,4816069,4816049,1925037,1925467,4811710,4814878,4797934,4815598,1936907
2026-07-19T13:56:44.853075+00:00,2811188.792787,1,4.623047,4.361328,3.287598,93500,93500,6,4819432,1925699,4816004,4815985,4816013,4816008,1600000,1925842,4815394,1600000,1600000,4819432,1600000
2026-07-19T13:56:45.853489+00:00,2811189.793202,1,4.623047,4.361328,3.287598,93500,93500,6,4816068,1925345,4816068,4816063,4816057,4816063,1925613,1600000,1600000,4813610,4813883,4350000,1600000
2026-07-19T13:56:46.853123+00:00,2811190.792836,1,4.623047,4.361328,3.287598,93500,93500,6,4816014,2129247,4816012,4816014,4816009,4816004,1923309,1976930,4815003,1600000,1600000,4816006,1600000
2026-07-19T13:56:47.853004+00:00,2811191.792715,1,4.623047,4.361328,3.287598,93500,93500,6,4816382,1925542,4816050,4816045,4816040,4816051,1600000,1926017,4816382,1600000,4812888,1600000,1924759
2026-07-19T13:56:48.853571+00:00,2811192.793282,1,4.572754,4.354980,3.291504,93500,93500,8,4817370,2050687,4816047,4816055,4816062,4816047,2138010,2042199,4816580,4815357,4815489,4817370,2139609
2026-07-19T13:56:49.854355+00:00,2811193.794067,1,4.572754,4.354980,3.291504,93625,93625,8,4816051,2139602,4816051,4816049,4816043,4816043,2139049,1923451,4814187,4814173,4814880,4813605,2138683
2026-07-19T13:56:50.852936+00:00,2811194.792648,1,4.572754,4.354980,3.291504,93625,93625,8,4815863,1953134,4806478,4806477,4806495,4806527,2139798,1956266,4814035,4815863,4814538,4815406,2139898
2026-07-19T13:56:51.852970+00:00,2811195.792682,1,4.572754,4.354980,3.291504,93625,93625,7,4816057,1925844,4816051,4816050,4816057,4816057,2138703,1922625,4811226,4813394,4815668,1600000,2103486
2026-07-19T13:56:52.853215+00:00,2811196.792926,1,4.572754,4.354980,3.291504,93625,93625,6,4817265,1926125,4816043,4816057,4816041,4816042,2139876,1952420,4814965,1600000,4817265,1600000,2200000
2026-07-19T13:56:53.850578+00:00,2811197.790290,1,4.526855,4.348633,3.295410,93625,93625,8,4816008,1925828,4816003,4816007,4816008,4816007,1600000,1925724,4815655,4815412,4801006,4815890,1925859
2026-07-19T13:56:54.850419+00:00,2811198.790131,1,4.526855,4.348633,3.295410,93750,93750,7,4816062,1925491,4816052,4816059,4816056,4816062,1924791,1925878,1600000,4815592,4815058,4815352,1925949
2026-07-19T13:56:55.850857+00:00,2811199.790569,1,4.526855,4.348633,3.295410,94250,94250,8,4816046,1925396,4816038,4816017,4816002,4816046,1600000,1600000,4813608,4813572,4802870,4812980,1924973
2026-07-19T13:56:56.853064+00:00,2811200.792775,1,4.526855,4.348633,3.295410,94000,94000,6,4815109,1925716,4805826,4805814,4805814,4805816,1600000,1926011,4815109,1600000,4814674,1600000,1600000
2026-07-19T13:56:57.852871+00:00,2811201.792583,1,4.526855,4.348633,3.295410,94125,94125,8,4816023,2061780,4816016,4816023,4816011,4816018,2137055,1933177,4813334,4814104,4815810,4815272,2136964
2026-07-19T13:56:58.853339+00:00,2811202.793051,1,4.484375,4.342773,3.299316,94000,94000,7,4816057,1600000,4816055,4816056,4816057,4816047,1600000,1600000,4815922,4813691,4815904,1600000,1923574
2026-07-19T13:56:59.850522+00:00,2811203.790235,1,4.484375,4.342773,3.299316,93875,93875,7,4814720,1924807,4798683,4798680,4798675,4798710,3999479,1926356,4787598,4814720,4813258,1600000,1926154
2026-07-19T13:57:00.853123+00:00,2811204.792835,1,4.484375,4.342773,3.299316,93875,93875,8,4819680,1600000,4816057,4816059,4816038,4816051,1600000,1926030,4819680,4817900,4817585,4812790,1925922
2026-07-19T13:57:01.853388+00:00,2811205.793100,1,4.484375,4.342773,3.299316,93875,93875,6,4816022,2139287,4816022,4816003,4816020,4816017,1925847,2200000,4815989,4808782,1600000,1600000,1925379
2026-07-19T13:57:02.852971+00:00,2811206.792684,1,4.484375,4.342773,3.299316,93750,93750,7,4816608,1926163,4816039,4816044,4816036,4816052,4350000,1600000,4816005,4813946,4816608,1600000,2751370
2026-07-19T13:57:03.850306+00:00,2811207.790019,1,4.445312,4.336914,3.303223,93750,93750,6,4816066,1600000,4816021,4816059,4816042,4816066,1600000,1600000,1600000,4813365,1600000,4814549,1600000
2026-07-19T13:57:04.852253+00:00,2811208.791966,1,4.445312,4.336914,3.303223,93875,93875,9,4803012,4791008,4791000,4791002,4791004,4791002,1925642,4797678,1600000,4803012,4794916,4799461,1918546
2026-07-19T13:57:05.850638+00:00,2811209.790349,1,4.445312,4.336914,3.303223,94375,94375,8,4743458,1946327,4730070,4730076,4730073,4730070,1919177,1888626,4743458,4693292,4730063,4692943,1925883
2026-07-19T13:57:06.852927+00:00,2811210.792639,1,4.445312,4.336914,3.303223,94250,94250,8,4816059,1935811,4816039,4816047,4816054,4816059,1925912,1926040,4814217,4815180,4815327,4815213,1925280
2026-07-19T13:57:07.852938+00:00,2811211.792650,1,4.445312,4.336914,3.303223,94125,94125,8,4816021,2129974,4816017,4816004,4816021,4816010,2112042,1924571,4813028,4815653,4806349,4814650,2139816
2026-07-19T13:57:08.857216+00:00,2811212.796927,1,4.569824,4.364746,3.317871,94000,94000,8,4816053,2139345,4816050,4816050,4816053,4816045,2698041,2200000,4814836,4814135,4787053,4815855,2129649
2026-07-19T13:57:09.850296+00:00,2811213.790008,1,4.569824,4.364746,3.317871,94000,94000,8,4798635,4790087,4791098,4791101,4791107,4791101,1914880,4791094,4790639,1600000,1600000,4798635,1914116
2026-07-19T13:57:10.853700+00:00,2811214.793411,1,4.569824,4.364746,3.317871,94375,94375,7,4817130,1921925,4810275,4810274,4810278,4810286,1922387,1923579,1600000,4817130,4815283,4814613,1920953
2026-07-19T13:57:11.853128+00:00,2811215.792839,1,4.569824,4.364746,3.317871,94125,94125,7,4815992,1925693,4815987,4815984,4815985,4815992,2244583,1600000,4810621,4815112,1600000,4797535,2689344
2026-07-19T13:57:12.852781+00:00,2811216.792493,1,4.569824,4.364746,3.317871,94000,94000,8,4816051,1925791,4816042,4816040,4816047,4816038,1600000,1925203,4816051,4812404,4814082,4815916,1926417
2026-07-19T13:57:13.852905+00:00,2811217.792617,1,4.523926,4.358398,3.321777,93875,93875,8,4817596,1600000,4798276,4798264,4798279,4798275,2115167,1925967,4814416,4817596,4815750,4817020,1925813
2026-07-19T13:57:14.851220+00:00,2811218.790932,1,4.523926,4.358398,3.321777,94000,94000,7,4816770,1916485,4803633,4803664,4803663,4803647,2136873,1925129,4816770,4814383,4814417,1600000,2140565
2026-07-19T13:57:15.852980+00:00,2811219.792692,1,4.523926,4.358398,3.321777,93875,93875,7,4818358,1926190,4816054,4816053,4816041,4816057,1925517,2137724,4817166,4818358,4816226,1600000,1600000
2026-07-19T13:57:16.852974+00:00,2811220.792686,1,4.523926,4.358398,3.321777,93875,93875,7,4816016,1925506,4816016,4816014,4816007,4816014,1600000,1600000,4812604,4813641,1600000,4810695,1926788
2026-07-19T13:57:17.853397+00:00,2811221.793110,1,4.523926,4.358398,3.321777,93875,93875,7,4816522,1925835,4816059,4816044,4816054,4816045,1919670,1600000,4816035,4816522,4815512,1600000,1925431
2026-07-19T13:57:18.853306+00:00,2811222.793018,1,4.481934,4.352051,3.325684,93875,93875,6,4816015,1924356,4816005,4816000,4816015,4816014,1925123,1600000,1600000,4815973,1600000,4814369,1924454
2026-07-19T13:57:19.853045+00:00,2811223.792756,1,4.481934,4.352051,3.325684,93750,93750,6,4816056,1925767,4816056,4816050,4816042,4816039,1600000,1600000,4815593,4815431,1600000,1600000,1600000
2026-07-19T13:57:20.850916+00:00,2811224.790629,1,4.481934,4.352051,3.325684,93750,93750,7,4819096,1925285,4815940,4815931,4815942,4815942,1922971,1600000,1600000,4815656,4815758,4819096,1915225
2026-07-19T13:57:21.851703+00:00,2811225.791414,1,4.481934,4.352051,3.325684,93750,93750,7,4816326,1925253,4816044,4816055,4816041,4816052,1600000,1600000,4813972,4816326,1600000,4814029,1926080
2026-07-19T13:57:22.853099+00:00,2811226.792811,1,4.481934,4.352051,3.325684,93750,93750,7,4819371,1600000,4816047,4816059,4816051,4816048,1600000,1925727,1600000,4816031,4819371,4817570,1925284
2026-07-19T13:57:23.853363+00:00,2811227.793075,1,4.442871,4.346191,3.329590,93750,93750,6,4816055,1925660,4816055,4816049,4816043,4816053,1600000,1925977,1600000,1600000,4814613,4814497,1600000
2026-07-19T13:57:24.853008+00:00,2811228.792719,1,4.442871,4.346191,3.329590,93750,93750,7,4820022,1925375,4816030,4816033,4816034,4816033,1600000,1600000,4815921,4820022,4817013,1600000,1924969
2026-07-19T13:57:25.853094+00:00,2811229.792806,1,4.442871,4.346191,3.329590,93750,93750,6,4813259,1919255,4798907,4798907,4798901,4798903,1600000,2345686,1600000,4794379,4813259,1600000,1919857
2026-07-19T13:57:26.853371+00:00,2811230.793083,1,4.442871,4.346191,3.329590,93625,93625,6,4816221,1600000,4816022,4816018,4816027,4816016,1600000,1925565,1600000,4816221,1600000,4813481,1925349
2026-07-19T13:57:27.853009+00:00,2811231.792721,1,4.442871,4.346191,3.329590,93625,93625,6,4816059,1925490,4816059,4816042,4816048,4816046,1924453,1925428,1600000,4811223,1600000,4815708,1925453
2026-07-19T13:57:28.853070+00:00,2811232.792781,1,4.407227,4.340332,3.333496,93625,93625,7,4816060,4120608,4816049,4816060,4816060,4816050,1925941,2643678,1600000,4815678,4815472,4815608,1925720
2026-07-19T13:57:29.850480+00:00,2811233.790194,1,4.407227,4.340332,3.333496,93750,93750,7,4816252,1925386,4798565,4798563,4798578,4798565,1925774,1925980,1600000,4815757,4813893,4816252,1925961
2026-07-19T13:57:30.853065+00:00,2811234.792777,1,4.407227,4.340332,3.333496,93750,93750,6,4816052,1925958,4816042,4816052,4816047,4816041,1966419,1600000,1600000,4813944,1600000,4815336,2140027
2026-07-19T13:57:31.852941+00:00,2811235.792653,1,4.407227,4.340332,3.333496,93875,93875,8,4817960,1925317,4816054,4816048,4816055,4816048,2136726,1924805,4816089,4812269,4791147,4817960,1916033
2026-07-19T13:57:32.851113+00:00,2811236.790824,1,4.407227,4.340332,3.333496,93875,93875,7,4816066,1924921,4816043,4816066,4816051,4816054,1600000,1600000,4813958,4814815,4809138,1600000,1926132
2026-07-19T13:57:33.853102+00:00,2811237.792813,1,4.374512,4.334473,3.337402,93750,93750,6,4816052,1925585,4816050,4816051,4816052,4816045,1600000,1926048,1600000,4814967,2200000,4813583,1925470
2026-07-19T13:57:34.853006+00:00,2811238.792717,1,4.374512,4.334473,3.337402,93750,93750,7,4812750,1925620,4798610,4798601,4798588,4798566,1924685,1600000,4812624,4809280,1600000,4812750,1925070
2026-07-19T13:57:35.853584+00:00,2811239.793302,1,4.374512,4.334473,3.337402,93875,93875,5,4816823,1925804,4791100,4791109,4791095,4791027,1600000,1600000,1600000,4816823,1600000,1600000,1600000
2026-07-19T13:57:36.850751+00:00,2811240.790463,1,4.374512,4.334473,3.337402,93875,93875,6,4817451,1926368,4816044,4816065,4816052,4816047,1925889,1925980,1600000,4817451,4815010,1600000,1600000
2026-07-19T13:57:37.852995+00:00,2811241.792707,1,4.374512,4.334473,3.337402,93750,93750,7,4816182,1925423,4816042,4816059,4816050,4816050,2008851,1925722,1600000,4816182,4814260,4815284,1925117
2026-07-19T13:57:38.852982+00:00,2811242.792696,1,4.584961,4.378906,3.357422,94500,94500,8,4817866,1924106,4816017,4816008,4816017,4816014,1918092,1925767,4814092,4817866,4816006,4816016,1925524
2026-07-19T13:57:39.850164+00:00,2811243.789876,1,4.584961,4.378906,3.357422,94875,94875,8,4780710,2831271,4766028,4766034,4766030,4766036,2123174,2555805,4715183,4780710,4763565,4776086,2124173
2026-07-19T13:57:40.852875+00:00,2811244.792586,1,4.584961,4.378906,3.357422,95125,95125,9,4785281,2129006,4775796,4775798,4775798,4775803,4000458,2114276,4785281,4776476,4769742,4762856,4482247
2026-07-19T13:57:41.850075+00:00,2811245.789787,1,4.584961,4.378906,3.357422,95125,95125,8,4748944,2110224,4746254,4746255,4746264,4746269,4045686,2103837,4745275,4748944,4745918,4747258,3538871
2026-07-19T13:57:42.851382+00:00,2811246.791093,1,4.584961,4.378906,3.357422,95000,95000,6,4810869,1916340,4810820,4810827,4810848,4810869,1600000,1600000,4791869,4796082,2200000,1600000,1833873
2026-07-19T13:57:43.850482+00:00,2811247.790194,1,4.538086,4.372559,3.361328,94875,94875,7,4830536,1947317,4813294,4813535,4813532,4813529,2139491,1600000,4815842,4813523,4830536,1600000,1600000
2026-07-19T13:57:44.853037+00:00,2811248.792754,1,4.538086,4.372559,3.361328,94625,94625,8,4819372,1924363,4815997,4816005,4815999,4816021,1925748,1600000,4815108,4819372,4814535,4815967,1600000
2026-07-19T13:57:45.853319+00:00,2811249.793032,1,4.538086,4.372559,3.361328,94375,94375,5,4816016,1924761,4816016,4816003,4816012,4816004,1600000,1921627,4815905,1600000,1600000,1600000,1925325
2026-07-19T13:57:46.852997+00:00,2811250.792707,1,4.538086,4.372559,3.361328,94375,94375,6,4818302,1916758,4816011,4816020,4816006,4816015,1600000,1600000,1600000,4818059,4818302,1600000,1915094
2026-07-19T13:57:47.853206+00:00,2811251.792919,1,4.538086,4.372559,3.361328,94250,94250,7,4815133,1926061,4807596,4807608,4807592,4807621,1996234,1600000,4792020,4812013,4815133,1600000,1600000
2026-07-19T13:57:48.852732+00:00,2811252.792443,1,4.735352,4.416504,3.381348,94375,94375,8,4816064,1924781,4816064,4816048,4816041,4816046,2752002,1600000,4815279,4815993,4815983,4812255,4350000
2026-07-19T13:57:49.853021+00:00,2811253.792732,1,4.735352,4.416504,3.381348,94500,94500,8,4804624,2129369,4792023,4792017,4792018,4792017,2129682,2130061,4788208,4790510,4793879,4804624,2129580
2026-07-19T13:57:50.853215+00:00,2811254.792929,1,4.735352,4.416504,3.381348,94750,94750,6,4816012,1925907,4816004,4816005,4816012,4816010,1926080,1923280,1600000,4815994,4788495,1600000,1600000
2026-07-19T13:57:51.853450+00:00,2811255.793162,1,4.735352,4.416504,3.381348,94750,94750,8,4816061,1925544,4816058,4816061,4816040,4816043,1600000,1600000,4757114,4762493,4808255,4815727,1600000
2026-07-19T13:57:52.853055+00:00,2811256.792769,1,4.735352,4.416504,3.381348,94875,94875,7,4816066,1923688,4816049,4816061,4816052,4816066,1600000,1600000,4811039,1600000,4815885,4803192,1923142
2026-07-19T13:57:53.853270+00:00,2811257.792981,1,4.676270,4.409180,3.384766,94625,94625,7,4820049,1925486,4798888,4798935,4798936,4798941,1600000,1600000,4820049,4818617,1600000,4814469,1925981
2026-07-19T13:57:54.853521+00:00,2811258.793233,1,4.676270,4.409180,3.384766,94750,94750,7,4815305,1600000,4809661,4809612,4809609,4809630,1926049,1600000,1600000,4787729,4815305,4809610,1926073
2026-07-19T13:57:55.853127+00:00,2811259.792839,1,4.676270,4.409180,3.384766,94875,94875,8,4841823,1935254,4825049,4825043,4825044,4825040,4824365,1600000,4841823,4841453,4817211,1600000,2074428
2026-07-19T13:57:56.853029+00:00,2811260.792740,1,4.676270,4.409180,3.384766,94625,94625,8,4816021,1924743,4816021,4816000,4815998,4815999,2139644,1923918,4815216,4812583,4815436,4810687,2139149
2026-07-19T13:57:57.853558+00:00,2811261.793271,1,4.676270,4.409180,3.384766,94500,94500,7,4817070,1924932,4798594,4798583,4798532,4798586,1600000,1600000,1600000,4817070,4816515,4813816,2008370
2026-07-19T13:57:58.853132+00:00,2811262.792843,1,4.702637,4.419434,3.393555,94625,94625,8,4791035,1916132,4791019,4791016,4791035,4791012,1913442,1915702,4789961,4788850,4789884,4790530,1915847
2026-07-19T13:57:59.850812+00:00,2811263.790525,1,4.702637,4.419434,3.393555,94500,94500,8,4816013,1936744,4816003,4815999,4816007,4816013,2111124,1960743,4813723,4815497,4815815,4795164,1600000
2026-07-19T13:58:00.853251+00:00,2811264.792963,1,4.702637,4.419434,3.393555,94500,94500,8,4816060,1926406,4816060,4816054,4816036,4816048,1926251,1925199,4806753,4815985,4811923,4815700,1923047
2026-07-19T13:58:01.850775+00:00,2811265.790487,1,4.702637,4.419434,3.393555,94750,94750,8,4858806,1917760,4818564,4818573,4818576,4818572,1915743,1600000,4858806,4837974,4841275,4763677,2153126
2026-07-19T13:58:02.852943+00:00,2811266.792657,1,4.702637,4.419434,3.393555,94625,94625,6,4816060,1990139,4816055,4816051,4816060,4816052,2737290,1600000,4791159,1600000,1600000,4807578,1600000
2026-07-19T13:58:03.852758+00:00,2811267.792468,1,4.645996,4.412109,3.396973,94625,94625,7,4810631,1600000,4808654,4808650,4808647,4808644,4796111,1890870,4810631,1600000,1600000,1600000,4660563
2026-07-19T13:58:04.850880+00:00,2811268.790592,1,4.645996,4.412109,3.396973,94500,94500,8,4818122,1901620,4815999,4816002,4816003,4815995,1925776,1600000,4794618,4818122,4816406,4794209,1600000
2026-07-19T13:58:05.853035+00:00,2811269.792746,1,4.645996,4.412109,3.396973,94375,94375,5,4816015,1958566,4816015,4816011,4816011,4816006,2130265,1925864,1600000,4811251,2200000,1600000,1600000
2026-07-19T13:58:06.853009+00:00,2811270.792721,1,4.645996,4.412109,3.396973,94250,94250,4,4816015,1925331,4816015,4815996,4815991,4815989,1925364,1600000,1600000,1600000,1600000,1600000,1600000
2026-07-19T13:58:07.853296+00:00,2811271.793008,1,4.645996,4.412109,3.396973,94250,94250,5,4815138,1925000,4801433,4801410,4801416,4801417,1922405,1600000,1600000,1600000,1600000,4815138,1600000
2026-07-19T13:58:08.853079+00:00,2811272.792791,1,4.594238,4.404785,3.400391,94125,94125,4,4806512,1600000,4806509,4806508,4806512,4806480,1600000,1920003,1600000,1600000,4350000,1600000,1925640
2026-07-19T13:58:09.853008+00:00,2811273.792719,1,4.594238,4.404785,3.400391,94000,94000,6,4819429,1600000,4798600,4798603,4798591,4798634,2200000,1600000,4815961,1600000,1600000,4819429,2139583
2026-07-19T13:58:10.853744+00:00,2811274.793460,1,4.594238,4.404785,3.400391,94000,94000,7,4815995,1924489,4798572,4798568,4798573,4798623,2200000,1600000,4812669,4813284,4815995,1600000,1925708
2026-07-19T13:58:11.853064+00:00,2811275.792778,1,4.594238,4.404785,3.400391,93875,93875,8,4815999,2045560,4815996,4815999,4815996,4815985,1933676,2185957,4815200,4815534,4815798,4815282,1925917
2026-07-19T13:58:12.851756+00:00,2811276.791467,1,4.594238,4.404785,3.400391,94000,94000,8,4815539,1600000,4804423,4804450,4804455,4804459,1924409,1600000,4815539,4803596,4814585,4814624,1925467
2026-07-19T13:58:13.853423+00:00,2811277.793134,1,4.626953,4.415039,3.409180,94375,94375,6,4812618,1922095,4798499,4798502,4798499,4798544,1920484,1600000,4812618,4810358,1600000,1600000,1600000
2026-07-19T13:58:14.853023+00:00,2811278.792737,1,4.626953,4.415039,3.409180,94375,94375,7,4814438,1925860,4807198,4807199,4807184,4807187,1600000,1600000,4813413,4811900,4350000,4814438,1925765
2026-07-19T13:58:15.853245+00:00,2811279.792956,1,4.626953,4.415039,3.409180,94750,94750,8,4817919,1600000,4816049,4816050,4816037,4816044,1925418,1922112,4814694,4817919,4817148,4814810,2096555
2026-07-19T13:58:16.853485+00:00,2811280.793202,1,4.626953,4.415039,3.409180,94875,94875,7,4816005,1916053,4815997,4816001,4816000,4816005,1922083,1926611,4810382,4808499,1600000,4791972,1923857
2026-07-19T13:58:17.851886+00:00,2811281.791600,1,4.626953,4.415039,3.409180,94750,94750,8,4816297,1926110,4816007,4816023,4816010,4816021,1940315,1919607,4815000,4814983,4790058,4816297,2139696
2026-07-19T13:58:18.853172+00:00,2811282.792883,1,4.657227,4.424805,3.417969,95000,95000,6,4807733,1923458,4797592,4797602,4797624,4797610,1600000,1600000,1600000,4807733,1600000,4806871,1919955
2026-07-19T13:58:19.850421+00:00,2811283.790135,1,4.657227,4.424805,3.417969,94750,94750,8,4816494,1922920,4816004,4816026,4816016,4816021,1600000,1925673,4815490,4815581,4816494,4812035,1600000
2026-07-19T13:58:20.850736+00:00,2811284.790448,1,4.657227,4.424805,3.417969,94500,94500,8,4816028,2750535,4816018,4816020,4816028,4816017,1600000,2751335,4815577,4814118,4815048,4804612,1600000
2026-07-19T13:58:21.850662+00:00,2811285.790378,1,4.657227,4.424805,3.417969,94375,94375,6,4816262,1925721,4816028,4816050,4816041,4816027,1987853,1600000,1600000,4816262,1600000,4813207,1925759
2026-07-19T13:58:22.850173+00:00,2811286.789885,1,4.657227,4.424805,3.417969,94250,94250,7,4816615,2008767,4816023,4816022,4816005,4816020,1925996,1926181,4815081,4814485,1600000,4816615,1924638
2026-07-19T13:58:23.853165+00:00,2811287.792877,1,4.604492,4.417480,3.421387,94125,94125,7,4817800,1926023,4815996,4815909,4816002,4815989,1925982,2750739,4817800,4812149,1600000,4815396,1927226
2026-07-19T13:58:24.853165+00:00,2811288.792878,1,4.604492,4.417480,3.421387,94000,94000,7,4818426,2139493,4816048,4816047,4816047,4816053,1600000,1915770,4800548,4816122,1600000,4818426,1600000
2026-07-19T13:58:25.855289+00:00,2811289.795002,1,4.604492,4.417480,3.421387,94125,94125,9,4773767,4389685,4734001,4733997,4734009,4733978,2107731,4773767,2200000,4741472,4750915,4750870,2119387
2026-07-19T13:58:26.853219+00:00,2811290.792931,1,4.604492,4.417480,3.421387,94125,94125,7,4816536,1925817,4816054,4816048,4816051,4816038,1926390,1600000,4816218,4816536,1600000,4815648,1600000
2026-07-19T13:58:27.850463+00:00,2811291.790176,1,4.604492,4.417480,3.421387,94000,94000,6,4816057,1925618,4816032,4816051,4816045,4816057,2139795,1600000,1600000,4810023,1600000,4815972,1600000
2026-07-19T13:58:28.853032+00:00,2811292.792743,1,4.555664,4.410156,3.424805,93875,93875,7,4821553,1925073,4816003,4816011,4816000,4815993,1600000,1600000,1600000,4821553,4815484,4820799,1923079
2026-07-19T13:58:29.850885+00:00,2811293.790596,1,4.555664,4.410156,3.424805,94125,94125,7,4826051,1924496,4816044,4816049,4816041,4816040,1923903,1924938,4826051,4810107,1600000,4814422,1925491
2026-07-19T13:58:30.852948+00:00,2811294.792660,1,4.555664,4.410156,3.424805,94000,94000,8,4817884,2139814,4798597,4798597,4798589,4798595,2139737,2200000,4814893,4817884,4815700,4815773,2140009
2026-07-19T13:58:31.853155+00:00,2811295.792866,1,4.555664,4.410156,3.424805,93875,93875,7,4815741,2139465,4808111,4808132,4808109,4808109,1600000,1922279,1600000,4797866,4815741,4815426,1924401
2026-07-19T13:58:32.853514+00:00,2811296.793226,1,4.555664,4.410156,3.424805,93875,93875,7,4806664,2130754,4791105,4791003,4791099,4791170,2748164,2128906,1600000,4800980,4806664,4791956,2068539
2026-07-19T13:58:33.852942+00:00,2811297.792654,1,4.510742,4.403320,3.428223,93750,93750,8,4815646,1949623,4799153,4799208,4799206,4799202,2248177,1923048,4815294,4815646,4799477,4812349,2615206
2026-07-19T13:58:34.853035+00:00,2811298.792747,1,4.510742,4.403320,3.428223,93750,93750,8,4814219,1909368,4804328,4804296,4804321,4804320,2139533,1926019,4740912,4772941,4814219,4809351,2135245
2026-07-19T13:58:35.853392+00:00,2811299.793099,1,4.510742,4.403320,3.428223,93875,93875,8,4818832,1956925,4816059,4816063,4816050,4816056,2139759,1927405,4816632,4814926,4815599,4818832,1960716
2026-07-19T13:58:36.853087+00:00,2811300.792799,1,4.510742,4.403320,3.428223,93875,93875,8,4816060,1925902,4816057,4816060,4816042,4816038,1600000,1925608,4813930,4807615,4813250,4813346,1600000
2026-07-19T13:58:37.852930+00:00,2811301.792642,1,4.510742,4.403320,3.428223,94250,94250,11,4791003,4790299,4790997,4790998,4791002,4791003,4357552,4790986,4790094,4790139,4789311,4790905,3335320
2026-07-19T13:58:38.853466+00:00,2811302.793177,1,4.469727,4.396484,3.431641,94250,94250,7,4802291,2008107,4802276,4802287,4802278,4802291,2140370,1959534,4788381,1600000,4787674,4791033,2072254
2026-07-19T13:58:39.853059+00:00,2811303.792771,1,4.469727,4.396484,3.431641,94125,94125,7,4822488,1945402,4816038,4816024,4816027,4816034,1924753,1600000,4812664,4822488,1600000,4814831,1926260
2026-07-19T13:58:40.853272+00:00,2811304.792982,1,4.469727,4.396484,3.431641,94000,94000,6,4815747,1921980,4804961,4804975,4804972,4804945,1922706,1600000,4815747,1600000,1600000,4813514,1984047
2026-07-19T13:58:41.853543+00:00,2811305.793254,1,4.469727,4.396484,3.431641,94000,94000,6,4816055,1925603,4816050,4816047,4816049,4816055,1925710,1600000,4815665,1600000,1600000,4813077,1926177
2026-07-19T13:58:42.853095+00:00,2811306.792807,1,4.469727,4.396484,3.431641,93875,93875,8,4815965,1925675,4815958,4815962,4815965,4815957,1925072,1600000,4815682,4814964,4813108,4813160,1600000
2026-07-19T13:58:43.850306+00:00,2811307.790017,1,4.431641,4.389648,3.435059,93875,93875,7,4816051,1922860,4816021,4816025,4816028,4816051,2200000,1600000,4804569,4815752,1600000,4815067,2138919
2026-07-19T13:58:44.853184+00:00,2811308.792896,1,4.431641,4.389648,3.435059,93875,93875,6,4819978,1600000,4798560,4798558,4798616,4798611,1924830,1600000,1600000,4819978,4798762,2200000,1600000
2026-07-19T13:58:45.851298+00:00,2811309.791010,1,4.431641,4.389648,3.435059,93875,93875,8,4814975,1916706,4804092,4804087,4804080,4804102,1923314,2293688,4814975,4791350,4800073,4799906,1917773
2026-07-19T13:58:46.852905+00:00,2811310.792617,1,4.431641,4.389648,3.435059,93875,93875,8,4812879,2137550,4805659,4805682,4805676,4805641,2139550,2138371,4812132,4812585,4793042,4812879,2135560
2026-07-19T13:58:47.853606+00:00,2811311.793318,1,4.431641,4.389648,3.435059,94000,94000,8,4815532,1925894,4803245,4803262,4803258,4803246,2138108,1925704,4814989,4815532,4813724,4811441,2139968
2026-07-19T13:58:48.850826+00:00,2811312.790537,1,4.958008,4.499512,3.476074,94250,94250,8,4816065,1926059,4816039,4816065,4816052,4816047,2140442,1926005,4815561,4815159,4815236,4815448,2140386
2026-07-19T13:58:49.853224+00:00,2811313.792941,1,4.958008,4.499512,3.476074,94125,94125,5,4816016,1923965,4816016,4816014,4816012,4816006,1917018,1600000,1600000,4815134,1600000,1600000,1600000
2026-07-19T13:58:50.852982+00:00,2811314.792696,1,4.958008,4.499512,3.476074,94125,94125,8,4816079,2131976,4803506,4803509,4803508,4803510,1925870,1926128,4816079,4815627,4803134,4814976,1925432
2026-07-19T13:58:51.853286+00:00,2811315.792997,1,4.958008,4.499512,3.476074,94000,94000,7,4816462,1917126,4816016,4816026,4816027,4816015,1600000,1600000,1600000,4816462,4814269,4812659,1902374
2026-07-19T13:58:52.853089+00:00,2811316.792801,1,4.958008,4.499512,3.476074,94000,94000,8,4818629,1600000,4816045,4816040,4816045,4816051,1600000,1600000,4818629,4812565,4801934,4815444,1600000
2026-07-19T13:58:53.853057+00:00,2811317.792768,1,4.880859,4.491211,3.479004,93875,93875,7,4815839,1600000,4798646,4798684,4798643,4798692,1600000,1925991,4814679,1600000,4815839,4813615,1600000
2026-07-19T13:58:54.850929+00:00,2811318.790641,1,4.880859,4.491211,3.479004,94000,94000,6,4818392,1925731,4816058,4816045,4816059,4816056,1600000,1926229,4814736,4818392,1600000,1600000,2200000
2026-07-19T13:58:55.853100+00:00,2811319.792812,1,4.880859,4.491211,3.479004,93875,93875,7,4816068,1920700,4816041,4816068,4816057,4816054,1923046,2130558,4815563,4772088,4813403,2200000,1924411
2026-07-19T13:58:56.852999+00:00,2811320.792711,1,4.880859,4.491211,3.479004,93875,93875,8,4820668,1924531,4816044,4816042,4816053,4816043,1600000,1600000,4815675,4812372,4820668,4815161,1925627
2026-07-19T13:58:57.851021+00:00,2811321.790732,1,4.880859,4.491211,3.479004,93750,93750,7,4816607,1600000,4798600,4798606,4798596,4798602,1600000,2480645,1600000,4816607,4795370,4815663,1917617
2026-07-19T13:58:58.850604+00:00,2811322.790315,1,4.810059,4.482910,3.481934,93750,93750,7,4816055,1925987,4815978,4816055,4816046,4816048,1600000,1600000,4814091,4815879,1600000,4813880,1925279
2026-07-19T13:58:59.853129+00:00,2811323.792840,1,4.810059,4.482910,3.481934,93875,93875,7,4824566,1923848,4816007,4816004,4815995,4815999,1923714,1600000,4815009,4819305,1600000,4824566,1926134
2026-07-19T13:59:00.853436+00:00,2811324.793148,1,4.810059,4.482910,3.481934,93875,93875,7,4816055,3242378,4816055,4816043,4816055,4816052,1600000,3836187,4812832,4815143,1600000,4815880,1956035
2026-07-19T13:59:01.853044+00:00,2811325.792757,1,4.810059,4.482910,3.481934,94250,94250,7,4818888,1917702,4816042,4816052,4816056,4816047,1926001,1600000,4815976,4818888,4818270,1600000,1925146
2026-07-19T13:59:02.852992+00:00,2811326.792704,1,4.810059,4.482910,3.481934,94250,94250,8,4815534,1925612,4798594,4798574,4798592,4798588,1926104,1925182,4813750,4815534,4815347,4809583,1925770
2026-07-19T13:59:03.850521+00:00,2811327.790232,1,4.745117,4.474609,3.484863,94125,94125,8,4816919,1926295,4816047,4816057,4816069,4816062,1925324,1600000,4816165,4815443,4815938,4816919,1970345
2026-07-19T13:59:04.850666+00:00,2811328.790378,1,4.745117,4.474609,3.484863,94125,94125,8,4815995,2116838,4815993,4815987,4815995,4815985,2140016,2138405,4815101,4813354,4815609,4815309,2139356
2026-07-19T13:59:05.850464+00:00,2811329.790176,1,4.745117,4.474609,3.484863,94125,94125,7,4816001,1925199,4815987,4815982,4816001,4815995,2064492,1925935,4814077,4815544,1600000,4794416,1978121
2026-07-19T13:59:06.853538+00:00,2811330.793250,1,4.745117,4.474609,3.484863,94250,94250,7,4816207,1925927,4815966,4815971,4815979,4815972,1600000,1924013,4813573,4816207,4815573,1600000,2114754
2026-07-19T13:59:07.853134+00:00,2811331.792847,1,4.745117,4.474609,3.484863,94250,94250,5,4819153,1925747,4816016,4816020,4816013,4816019,1925539,1925966,1600000,1600000,1600000,4819153,1925415
2026-07-19T13:59:08.852922+00:00,2811332.792634,1,4.765625,4.483398,3.493164,94125,94125,8,4812279,1931012,4805539,4805531,4805540,4805532,1923296,1925359,4787796,4790707,4812279,4799452,1921245
2026-07-19T13:59:09.850026+00:00,2811333.789739,1,4.765625,4.483398,3.493164,94250,94250,10,4802100,4791101,4791087,4791106,4791080,4791093,2130213,4797442,4778181,4802100,4790244,4777224,2128689
2026-07-19T13:59:10.853512+00:00,2811334.793229,1,4.765625,4.483398,3.493164,94125,94125,6,4818728,1924399,4803602,4803608,4803612,4803611,2071963,1600000,4814890,1600000,4818728,1600000,1925830
2026-07-19T13:59:11.852888+00:00,2811335.792600,1,4.765625,4.483398,3.493164,94250,94250,8,4791282,1914518,4791104,4791092,4791086,4791103,2105687,2648626,4789046,4789451,4789834,4791282,1936895
2026-07-19T13:59:12.852947+00:00,2811336.792658,1,4.765625,4.483398,3.493164,94125,94125,6,4791269,1924313,4791253,4791257,4791265,4791269,1925570,1925222,4567315,4660304,1600000,1600000,1917346
2026-07-19T13:59:13.853238+00:00,2811337.792950,1,4.704102,4.475098,3.496094,94000,94000,7,4816051,1925453,4816051,4816051,4816049,4816051,1926067,1600000,4813196,4815620,4815191,1600000,1925831
2026-07-19T13:59:14.853015+00:00,2811338.792726,1,4.704102,4.475098,3.496094,94125,94125,8,4816058,1925582,4816052,4816051,4816042,4816058,1924759,1600000,4813135,4814724,4815962,4815784,1924892
2026-07-19T13:59:15.853686+00:00,2811339.793397,1,4.704102,4.475098,3.496094,94125,94125,8,4815758,1925328,4803769,4803763,4803779,4803768,1996270,1920352,4813774,4815758,4811632,4814173,1884518
2026-07-19T13:59:16.853285+00:00,2811340.792997,1,4.704102,4.475098,3.496094,94000,94000,7,4816031,1925754,4816031,4816030,4816028,4816027,1925667,1600000,1600000,4815436,4811751,4812091,2008642
2026-07-19T13:59:17.853062+00:00,2811341.792774,1,4.704102,4.475098,3.496094,94000,94000,6,4816063,1925223,4816063,4816045,4816050,4816054,1925081,1956142,4798234,4809657,1600000,1600000,1924791
2026-07-19T13:59:18.853085+00:00,2811342.792797,1,4.647461,4.466797,3.499023,93875,93875,8,4816062,1924699,4816062,4816038,4816059,4816048,2139598,1920864,4814765,4814035,4815049,4811515,2125737
2026-07-19T13:59:19.853340+00:00,2811343.793052,1,4.647461,4.466797,3.499023,93875,93875,8,4819772,1926482,4816006,4816017,4816023,4816011,1600000,1923325,4815668,4816912,4819772,4815786,2066045
2026-07-19T13:59:20.850598+00:00,2811344.790310,1,4.647461,4.466797,3.499023,93750,93750,7,4816045,2670121,4816030,4816041,4816044,4816045,2139660,4652319,4810736,4813242,1600000,1600000,2072418
2026-07-19T13:59:21.853083+00:00,2811345.792794,1,4.647461,4.466797,3.499023,93750,93750,6,4816025,1924355,4816017,4816009,4816025,4816008,2200000,1600000,1600000,4813160,4316323,4800853,2115793
2026-07-19T13:59:22.852198+00:00,2811346.791909,1,4.647461,4.466797,3.499023,93875,93875,8,4815973,1924985,4809520,4809531,4809504,4809519,2139475,1925672,4814437,4815667,4815973,4815136,1921585
2026-07-19T13:59:23.853000+00:00,2811347.792712,1,4.595215,4.458984,3.501953,93875,93875,8,4820671,1915596,4816014,4816004,4815995,4815997,4684779,1926024,4795740,4812570,2200000,4820671,2737592
2026-07-19T13:59:24.853017+00:00,2811348.792732,1,4.595215,4.458984,3.501953,93875,93875,8,4816059,1925864,4816039,4816050,4816059,4816056,1926345,1926123,4815420,4815032,4804762,4806173,1926405
2026-07-19T13:59:25.850242+00:00,2811349.789954,1,4.595215,4.458984,3.501953,93875,93875,6,4816073,1925989,4816060,4816073,4816055,4816056,1942070,1600000,1600000,4796201,1600000,4816068,2140565
2026-07-19T13:59:26.853062+00:00,2811350.792770,1,4.595215,4.458984,3.501953,93875,93875,6,4816058,1994894,4816038,4816058,4816044,4816047,2138406,1923690,4811338,1600000,4815711,1600000,2014236
2026-07-19T13:59:27.853175+00:00,2811351.792887,1,4.595215,4.458984,3.501953,93750,93750,7,4811074,1600000,4798610,4798604,4798573,4798601,2135482,1600000,4786723,1600000,4811074,4809501,1925799
2026-07-19T13:59:28.853666+00:00,2811352.793378,1,4.547363,4.451172,3.504883,93875,93875,8,4816624,1924683,4801975,4801981,4801981,4802018,1600000,1985332,4790809,4807390,4814464,4816624,2128975
2026-07-19T13:59:29.853095+00:00,2811353.792807,1,4.547363,4.451172,3.504883,93875,93875,7,4814526,1925020,4790759,4790801,4790866,4790807,1927464,1926136,1600000,4812578,4814526,4810969,1925935
2026-07-19T13:59:30.850355+00:00,2811354.790067,1,4.547363,4.451172,3.504883,93875,93875,8,4816044,1993290,4816034,4816043,4816038,4816044,1926234,1944987,4814704,4815984,4815655,4815276,1925650
2026-07-19T13:59:31.849937+00:00,2811355.789650,1,4.547363,4.451172,3.504883,93750,93750,6,4816022,1600000,4816022,4815987,4816021,4816022,2859681,1924861,1600000,4814888,1600000,4815633,1600000
2026-07-19T13:59:32.852243+00:00,2811356.791955,1,4.547363,4.451172,3.504883,93875,93875,6,4816054,1925920,4816054,4816053,4816053,4816050,1600000,1924938,1600000,4814353,1600000,4815977,1925875
2026-07-19T13:59:33.853030+00:00,2811357.792742,1,4.503418,4.443359,3.507812,93875,93875,6,4815483,1921872,4805710,4805712,4805716,4805704,1925746,1951387,1600000,4815483,1600000,4789877,1924104
2026-07-19T13:59:34.852956+00:00,2811358.792668,1,4.503418,4.443359,3.507812,93875,93875,8,4816018,1947371,4816018,4816015,4816009,4816013,1970376,2016759,4814041,4814697,4813847,4810277,1925368
2026-07-19T13:59:35.853207+00:00,2811359.792921,1,4.503418,4.443359,3.507812,93875,93875,6,4808978,1918858,4800811,4800858,4800871,4800862,1925855,1925509,4808978,4805104,1600000,1600000,2135615
2026-07-19T13:59:36.850574+00:00,2811360.790286,1,4.503418,4.443359,3.507812,93875,93875,8,4818253,1924880,4816047,4816048,4816060,4816043,1926920,1600000,4814411,4815305,4799438,4818253,1925503
2026-07-19T13:59:37.852984+00:00,2811361.792695,1,4.503418,4.443359,3.507812,93875,93875,5,4816008,1922598,4816008,4815998,4816007,4816003,1925248,1926015,1600000,4815617,1600000,1600000,1925866
2026-07-19T13:59:38.850918+00:00,2811362.790630,1,4.703613,4.485840,3.526855,93875,93875,7,4827600,1925739,4816021,4816022,4816017,4816009,1926054,1921610,4827600,4816379,1600000,4815006,1600000
2026-07-19T13:59:39.853080+00:00,2811363.792791,1,4.703613,4.485840,3.526855,93875,93875,7,4821728,1923907,4816054,4816053,4816042,4816058,1925586,1925457,4814148,4815734,1600000,4821728,1926148
2026-07-19T13:59:40.852877+00:00,2811364.792589,1,4.703613,4.485840,3.526855,94000,94000,6,4815248,1921838,4798938,4798928,4798924,4798972,2139876,1600000,4788564,4815248,1600000,1600000,2140847
2026-07-19T13:59:41.857453+00:00,2811365.797164,1,4.703613,4.485840,3.526855,94000,94000,7,4815032,1600000,4803569,4803571,4803585,4803550,2140280,2139709,4812585,4802991,1600000,4815032,1600000
2026-07-19T13:59:42.853316+00:00,2811366.793031,1,4.703613,4.485840,3.526855,94000,94000,7,4817093,1925566,4816058,4816056,4816056,4816054,2139956,1947911,4817093,4814952,4794796,2200000,1600000
2026-07-19T13:59:43.853052+00:00,2811367.792764,1,4.646973,4.477539,3.529785,93875,93875,7,4816058,1925778,4816058,4816056,4816046,4816052,2140214,1926458,4814427,4810998,1600000,4815314,2139331
2026-07-19T13:59:44.850120+00:00,2811368.789832,1,4.646973,4.477539,3.529785,93875,93875,8,4820330,1925887,4801741,4801733,4801755,4801741,2138923,1923204,4817146,4815928,4820330,4816815,2137778
2026-07-19T13:59:45.850673+00:00,2811369.790384,1,4.646973,4.477539,3.529785,94000,94000,8,4815769,1925833,4798585,4798527,4798568,4798562,1600000,1925914,4815545,4799408,4815769,4815099,1925803
2026-07-19T13:59:46.853252+00:00,2811370.792963,1,4.646973,4.477539,3.529785,94000,94000,6,4816009,1926160,4815992,4815991,4816009,4815994,1923249,1924843,1600000,4815899,1600000,4815870,1924699
2026-07-19T13:59:47.853438+00:00,2811371.793150,1,4.646973,4.477539,3.529785,94000,94000,7,4816055,1924536,4816052,4816041,4816045,4816055,1600000,1600000,4811162,4811354,1600000,4790718,1925718
2026-07-19T13:59:48.855471+00:00,2811372.795182,1,4.755371,4.502930,3.543457,94500,94500,10,4690092,4689608,4690092,4689628,4689656,4689897,2624514,4633968,4553025,4593755,4610395,4605162,2624337
2026-07-19T13:59:49.852735+00:00,2811373.792448,1,4.755371,4.502930,3.543457,95125,95125,8,4594504,1836375,4589385,4589388,4589382,4589387,2804571,1836446,4594041,4589382,4589380,4594504,4017601
2026-07-19T13:59:50.852846+00:00,2811374.792559,1,4.755371,4.502930,3.543457,95500,95500,10,4816192,4696823,4812087,4812009,4812017,4812030,2108640,4812026,4812828,4816192,4691606,4694228,2608589
2026-07-19T13:59:51.853080+00:00,2811375.792792,1,4.755371,4.502930,3.543457,95750,95750,8,4697397,2563603,4652060,4652062,4652057,4652075,2073961,2636233,4652069,4662614,4697397,4664984,2077847
2026-07-19T13:59:52.852777+00:00,2811376.792486,1,4.755371,4.502930,3.543457,96000,96000,10,4817029,2122780,4768816,4768814,4768820,4768809,4768833,2136044,4764304,4816278,4817029,4764528,4786429
2026-07-19T13:59:53.865535+00:00,2811377.805247,1,4.775391,4.511230,3.551758,96125,96125,8,4758321,1903087,4746300,4746293,4746284,4746298,4746289,1903982,1600000,4745654,4732927,4758321,2200000
2026-07-19T13:59:54.850745+00:00,2811378.790457,1,4.775391,4.511230,3.551758,96000,96000,6,4780653,1906140,4771167,4771196,4771195,4771200,1905135,1911096,4780653,4760183,1600000,1600000,1600000
2026-07-19T13:59:55.860799+00:00,2811379.800514,1,4.775391,4.511230,3.551758,95875,95875,12,4669174,4636406,4669000,4668998,4669002,4669048,4669002,4669036,4669008,4669174,4668995,4668988,4669007
2026-07-19T13:59:56.860782+00:00,2811380.800496,1,4.775391,4.511230,3.551758,95875,95875,12,4591299,4591214,4591256,4591204,4591299,4591198,4591206,4591195,4591208,4591192,4591202,4591002,4591208
2026-07-19T13:59:57.852440+00:00,2811381.792155,1,4.775391,4.511230,3.551758,95875,95875,12,4572494,4572460,4572482,4572452,4572453,4572463,4572449,4572456,4572477,4572494,4572451,4572467,4572459
2026-07-19T13:59:58.856602+00:00,2811382.796315,1,5.674316,4.702148,3.618652,95875,95875,12,4615060,4614854,4614864,4615060,4614876,4614883,4614849,4614859,4614864,4614864,4614869,4614866,4614869
2026-07-19T13:59:59.850496+00:00,2811383.790210,1,5.674316,4.702148,3.618652,95875,95875,12,4581375,4581239,4581257,4581258,4581375,4581218,4581253,4581254,4581240,4581248,4581243,4581244,4581231
2026-07-19T14:00:00.852691+00:00,2811384.792406,1,5.674316,4.702148,3.618652,95875,95875,12,4516434,4516427,4516423,4516422,4516425,4516421,4516417,4516418,4516434,4516422,4516420,4516426,4516424
2026-07-19T14:00:01.852842+00:00,2811385.792554,1,5.674316,4.702148,3.618652,95875,95875,12,4521840,4521324,4521322,4521326,4521323,4521371,4521316,4521327,4521322,4521256,4521840,4516127,4521356
2026-07-19T14:00:02.855472+00:00,2811386.795186,1,5.674316,4.702148,3.618652,95875,95875,12,4605886,4604790,4604820,4604714,4604813,4605886,4604804,4604790,4604765,4604729,4604862,4604688,4604858
2026-07-19T14:00:03.868920+00:00,2811387.808633,1,6.661621,4.923340,3.696289,95875,95875,12,4571620,4571578,4571571,4571593,4571620,4571580,4571571,4571584,4571586,4571592,4571586,4571588,4571589
2026-07-19T14:00:04.856624+00:00,2811388.796336,1,6.661621,4.923340,3.696289,95875,95875,12,4601460,4601297,4601460,4601302,4601309,4601321,4601300,4601311,4601314,4601317,4601326,4601310,4601315
2026-07-19T14:00:05.856610+00:00,2811389.796323,1,6.661621,4.923340,3.696289,95750,95750,12,4541235,4541091,4541098,4541090,4541235,4541162,4541095,4541090,4541093,4541102,4541102,4541099,4541095
2026-07-19T14:00:06.860613+00:00,2811390.800325,1,6.661621,4.923340,3.696289,95750,95750,12,4532928,4532897,4532928,4532907,4532912,4532907,4532911,4532426,4532912,4532916,4532912,4532919,4532921
2026-07-19T14:00:07.860582+00:00,2811391.800294,1,6.661621,4.923340,3.696289,95750,95750,12,4564680,4564635,4564659,4564650,4564657,4564637,4564653,4564612,4564659,4564653,4564680,4564609,4564652
2026-07-19T14:00:08.873040+00:00,2811392.812752,1,8.370605,5.306641,3.827148,95750,95750,12,4549880,4548631,4548636,4548618,4548638,4548657,4548639,4548632,4548641,4548636,4548636,4549880,4548631
2026-07-19T14:00:09.881048+00:00,2811393.820761,1,8.370605,5.306641,3.827148,95750,95750,12,4597522,4597247,4597241,4597187,4597262,4597268,4597247,4597264,4597246,4597253,4597257,4597250,4597522
2026-07-19T14:00:10.855528+00:00,2811394.795244,1,8.370605,5.306641,3.827148,95750,95750,12,4507709,4507666,4507555,4507662,4507617,4507663,4507669,4507655,4507665,4507661,4507673,4507622,4507709
2026-07-19T14:00:11.856725+00:00,2811395.796438,1,8.370605,5.306641,3.827148,95750,95750,12,4528269,4528086,4528014,4528088,4528083,4528071,4528080,4528069,4528088,4528269,4528089,4528028,4528095
2026-07-19T14:00:12.860655+00:00,2811396.800369,1,8.370605,5.306641,3.827148,95750,95750,12,4551485,4551377,4551372,4551379,4551485,4551407,4551436,4551382,4551384,4551379,4551424,4551377,4551385
2026-07-19T14:00:13.860663+00:00,2811397.800378,1,9.862793,5.666992,3.951660,95750,95750,12,4524747,4524653,4524733,4524648,4524650,4524666,4524747,4524663,4524651,4524654,4524641,4524647,4524643
2026-07-19T14:00:14.868612+00:00,2811398.808326,1,9.862793,5.666992,3.951660,95750,95750,12,4628010,4627930,4627995,4627991,4627992,4627946,4627977,4627940,4627983,4627997,4628010,4627984,4627989
2026-07-19T14:00:15.857129+00:00,2811399.796843,1,9.862793,5.666992,3.951660,95750,95750,12,4531313,4531140,4531148,4531127,4531126,4531116,4531143,4531139,4531100,4530940,4531133,4531190,4531313
2026-07-19T14:00:16.856743+00:00,2811400.796457,1,9.862793,5.666992,3.951660,95750,95750,12,4515488,4515389,4515479,4515417,4515470,4515432,4515471,4515488,4515487,4515480,4515485,4515478,4515468
2026-07-19T14:00:17.856614+00:00,2811401.796328,1,9.862793,5.666992,3.951660,95750,95750,12,4451497,4451326,4451307,4451192,4451302,4451301,4451316,4451241,4451319,4451304,4451317,4451497,4451323
2026-07-19T14:00:18.856573+00:00,2811402.796286,1,10.354492,5.838867,4.016602,95625,95625,12,4498868,4498828,4498835,4498642,4498558,4498628,4498647,4498626,4498624,4498636,4498868,4498814,4498634
2026-07-19T14:00:19.892776+00:00,2811403.832487,1,10.354492,5.838867,4.016602,95625,95625,12,4600110,4600099,4599943,4600098,4600107,4600110,4600088,4600095,4599985,4600090,4600090,4600100,4600106
2026-07-19T14:00:20.856622+00:00,2811404.796336,1,10.354492,5.838867,4.016602,95625,95625,12,4609043,4608856,4608846,4608845,4609043,4608865,4608851,4608971,4608929,4608848,4608846,4608840,4608939
2026-07-19T14:00:21.856600+00:00,2811405.796314,1,10.354492,5.838867,4.016602,95750,95750,12,4503155,4502857,4502915,4502908,4502830,4502939,4502895,4503038,4502899,4503155,4503048,4502909,4502907
2026-07-19T14:00:22.856856+00:00,2811406.796570,1,10.354492,5.838867,4.016602,95750,95750,12,4547532,4547450,4547532,4547455,4547451,4547494,4547453,4547456,4547458,4547458,4547455,4547460,4547412
2026-07-19T14:00:23.860619+00:00,2811407.800334,1,10.966797,6.041016,4.091797,95750,95750,12,4571686,4571454,4571458,4571686,4571394,4571446,4571462,4571449,4571448,4571449,4571447,4571455,4571435
2026-07-19T14:00:24.856591+00:00,2811408.796302,1,10.966797,6.041016,4.091797,95875,95875,12,4548933,4548813,4548887,4548933,4548868,4548885,4548821,4548887,4548875,4548882,4548883,4548874,4548869
2026-07-19T14:00:25.856862+00:00,2811409.796576,1,10.966797,6.041016,4.091797,95875,95875,12,4599005,4598837,4599005,4598886,4598840,4598812,4598842,4598769,4598833,4598684,4598826,4598840,4598947
2026-07-19T14:00:26.856597+00:00,2811410.796312,1,10.966797,6.041016,4.091797,95750,95750,12,4544171,4544057,4544049,4544059,4544057,4544068,4544060,4544049,4544132,4544050,4544056,4544171,4544067
2026-07-19T14:00:27.860903+00:00,2811411.800618,1,10.966797,6.041016,4.091797,95750,95750,12,4564110,4564058,4564070,4564070,4564110,4564066,4564067,4564070,4564061,4564061,4564066,4564069,4564067
2026-07-19T14:00:28.856940+00:00,2811412.796653,1,11.370117,6.206543,4.155762,95750,95750,12,4565473,4565288,4565473,4565184,4565281,4565321,4565179,4565276,4565191,4565278,4556847,4565290,4565293
2026-07-19T14:00:29.855492+00:00,2811413.795206,1,11.370117,6.206543,4.155762,95750,95750,12,4563994,4563846,4563984,4563908,4563883,4563895,4563940,4563994,4563904,4563905,4563916,4563906,4563908
2026-07-19T14:00:30.860971+00:00,2811414.800685,1,11.370117,6.206543,4.155762,95875,95875,12,4572773,4572694,4572689,4572705,4572710,4572667,4572713,4572713,4572692,4572685,4572697,4572773,4572530
2026-07-19T14:00:31.868959+00:00,2811415.808671,1,11.370117,6.206543,4.155762,95875,95875,12,4509907,4509827,4509825,4509907,4509885,4509814,4509820,4509817,4509830,4509829,4509755,4509832,4509727
2026-07-19T14:00:32.860612+00:00,2811416.800324,1,11.370117,6.206543,4.155762,95750,95750,12,4500919,4500627,4500774,4500775,4500769,4500786,4500919,4500768,4500725,4500716,4500730,4500619,4500769
2026-07-19T14:00:33.856591+00:00,2811417.796304,1,11.981445,6.418945,4.235840,95750,95750,12,4501064,4500938,4500950,4500938,4500950,4500942,4500937,4500931,4500981,4500973,4501064,4500875,4500975
2026-07-19T14:00:34.858288+00:00,2811418.798001,1,11.981445,6.418945,4.235840,95750,95750,12,4555292,4555125,4555292,4554993,4555127,4555145,4555122,4554982,4555276,4555124,4555123,4555126,4555121
2026-07-19T14:00:35.856599+00:00,2811419.796311,1,11.981445,6.418945,4.235840,95750,95750,12,4516476,4516312,4516380,4516388,4516476,4516385,4516370,4516474,4516385,4516393,4516431,4516390,4516290
2026-07-19T14:00:36.856635+00:00,2811420.796350,1,11.981445,6.418945,4.235840,95750,95750,12,4545634,4545634,4545563,4545572,4545612,4545585,4545479,4545572,4545575,4545583,4545582,4545576,4545633
2026-07-19T14:00:37.850128+00:00,2811421.789840,1,11.981445,6.418945,4.235840,95750,95750,12,4525644,4525566,4525582,4525569,4525421,4525583,4525471,4525586,4525556,4525644,4525569,4525568,4525568
2026-07-19T14:00:38.868700+00:00,2811422.808414,1,12.383789,6.594727,4.304688,95750,95750,12,4580084,4580017,4580074,4580035,4580084,4580071,4580068,4580075,4579988,4580001,4580072,4580083,4580066
2026-07-19T14:00:39.856604+00:00,2811423.796318,1,12.383789,6.594727,4.304688,95625,95625,12,4579640,4579501,4579322,4579441,4579452,4579440,4579451,4579546,4579439,4579640,4579401,4579448,4579224
2026-07-19T14:00:40.857142+00:00,2811424.796856,1,12.383789,6.594727,4.304688,95625,95625,12,4549018,4548972,4548895,4549018,4548892,4548974,4548981,4548842,4548970,4548864,4548966,4548971,4548911
2026-07-19T14:00:41.860615+00:00,2811425.800328,1,12.383789,6.594727,4.304688,95625,95625,12,4481188,4481015,4481026,4481005,4481073,4481011,4481018,4481188,4481026,4481060,4481027,4481017,4481070
2026-07-19T14:00:42.855490+00:00,2811426.795204,1,12.383789,6.594727,4.304688,95625,95625,12,4513570,4513315,4513516,4513517,4513566,4513556,4513513,4513439,4513547,4513472,4513566,4513510,4513570
2026-07-19T14:00:43.864628+00:00,2811427.804342,1,12.833984,6.784180,4.378418,95625,95625,12,4509022,4508827,4508824,4508722,4508790,4508816,4508813,4508940,4509022,4508985,4508931,4508833,4508959
2026-07-19T14:00:44.868776+00:00,2811428.808491,1,12.833984,6.784180,4.378418,95625,95625,12,4543674,4543428,4543479,4543490,4543485,4543543,4543427,4543490,4543611,4543674,4543491,4543494,4543533
2026-07-19T14:00:45.864855+00:00,2811429.804570,1,12.833984,6.784180,4.378418,95625,95625,12,4511034,4510959,4510891,4511034,4510896,4510879,4510885,4510891,4510894,4510698,4510885,4510889,4510898
2026-07-19T14:00:46.856582+00:00,2811430.796294,1,12.833984,6.784180,4.378418,95625,95625,12,4522089,4521830,4521981,4521870,4522089,4521873,4521927,4521820,4521874,4521870,4521876,4521868,4521988
2026-07-19T14:00:47.856855+00:00,2811431.796570,1,12.833984,6.784180,4.378418,95625,95625,12,4531671,4531653,4531654,4531617,4531653,4531643,4531653,4531671,4531659,4531656,4531632,4531647,4531650
2026-07-19T14:00:48.856611+00:00,2811432.796325,1,13.167969,6.954102,4.446289,95625,95625,12,4489966,4489763,4489754,4489961,4489725,4489775,4489760,4489770,4489900,4489756,4489966,4489706,4489703
2026-07-19T14:00:49.856595+00:00,2811433.796308,1,13.167969,6.954102,4.446289,95625,95625,12,4579695,4578282,4579377,4579689,4579273,4578826,4579695,4566749,4579609,4579678,4579271,4579540,4579695
2026-07-19T14:00:50.856930+00:00,2811434.796644,1,13.167969,6.954102,4.446289,95625,95625,12,4577343,4577320,4577239,4577090,4577099,4577232,4577252,4577311,4577067,4577343,4577260,4577247,4577100
2026-07-19T14:00:51.856610+00:00,2811435.796325,1,13.167969,6.954102,4.446289,95625,95625,12,4571849,4571837,4571839,4571661,4571710,4571838,4571827,4571832,4571836,4571833,4571849,4571839,4571838
2026-07-19T14:00:52.857322+00:00,2811436.797036,1,13.167969,6.954102,4.446289,95750,95750,12,4493916,4493811,4493880,4493831,4493843,4493857,4493916,4493896,4493841,4493888,4493843,4493844,4493847
2026-07-19T14:00:53.868969+00:00,2811437.808682,1,13.555176,7.137695,4.519531,95625,95625,12,4591159,4591081,4591019,4591065,4591067,4591070,4591142,4591159,4591083,4591123,4591066,4590993,4591078
2026-07-19T14:00:54.861327+00:00,2811438.801038,1,13.555176,7.137695,4.519531,95625,95625,12,4535489,4535394,4535427,4535428,4535430,4535419,4535390,4535389,4535489,4535473,4535436,4535434,4535308
2026-07-19T14:00:55.856596+00:00,2811439.796311,1,13.555176,7.137695,4.519531,95625,95625,12,4528397,4528195,4528213,4528218,4528216,4528205,4528068,4528366,4528298,4528054,4528196,4528216,4528397
2026-07-19T14:00:56.860645+00:00,2811440.800361,1,13.555176,7.137695,4.519531,95625,95625,12,4540827,4518762,4518660,4540762,4540827,4540785,4540769,4540781,4540781,4540768,4540749,4540783,4540769
2026-07-19T14:00:57.868597+00:00,2811441.808309,1,13.555176,7.137695,4.519531,95625,95625,12,4524453,4524453,4524337,4524344,4524331,4524356,4524348,4524332,4524346,4524360,4524337,4524368,4524349
2026-07-19T14:00:58.852740+00:00,2811442.792454,1,13.510254,7.235352,4.565430,95625,95625,12,4715603,4713552,4713566,4713558,4713575,4713558,4713553,4713568,4713631,4713568,4713565,4713638,4715603
2026-07-19T14:00:59.864587+00:00,2811443.804299,1,13.510254,7.235352,4.565430,95625,95625,12,4475414,4475228,4475317,4475304,4475252,4475313,4475301,4475301,4475292,4475414,4475303,4475403,4475304
2026-07-19T14:01:00.868630+00:00,2811444.808345,1,13.510254,7.235352,4.565430,95625,95625,12,4550309,4550117,4550264,4550261,4550218,4550274,4550261,4550269,4550173,4550269,4550309,4550220,4550272
2026-07-19T14:01:01.861089+00:00,2811445.800801,1,13.510254,7.235352,4.565430,95625,95625,12,4499452,4499376,4499395,4499392,4499378,4499397,4499379,4499358,4499358,4499346,4499383,4499390,4499452
2026-07-19T14:01:02.852864+00:00,2811446.792578,1,13.510254,7.235352,4.565430,95625,95625,10,4580334,4580305,4580313,4580321,4580303,4580334,1826952,4580299,4580308,4574505,4580298,4580317,1832124
2026-07-19T14:01:03.853443+00:00,2811447.793155,1,13.469238,7.331055,4.610840,95625,95625,12,4602873,4602795,4602767,4602765,4602831,4602844,4602805,4602817,4519491,4599281,4602823,4602873,4602757
2026-07-19T14:01:04.866203+00:00,2811448.805913,1,13.469238,7.331055,4.610840,95625,95625,12,4513785,4488443,4488436,4488453,4488432,4488428,4513785,4488429,4488438,4493764,4488318,4488441,4488422
2026-07-19T14:01:05.856562+00:00,2811449.796272,1,13.469238,7.331055,4.610840,95625,95625,12,4642469,4640233,4616198,4616191,4616200,4616182,4616188,4616182,4616215,4642469,4640210,4616180,4616196
2026-07-19T14:01:06.868710+00:00,2811450.808420,1,13.469238,7.331055,4.610840,95750,95750,12,4628091,4500925,4500910,4500923,4500892,4500905,4563110,4535163,4568737,4500917,4500824,4628091,4500934
2026-07-19T14:01:07.853113+00:00,2811451.792829,1,13.469238,7.331055,4.610840,95625,95625,8,4666199,4666199,4666187,4666175,4666183,4666186,1855976,4350000,1600000,4666191,4666182,4666194,1866166
2026-07-19T14:01:08.854195+00:00,2811452.793907,1,13.031250,7.342285,4.629395,95625,95625,12,4591432,4518886,4518871,4518872,4518942,4518862,4483337,4557144,4538940,4518875,4518877,4591432,4518872
2026-07-19T14:01:09.856794+00:00,2811453.796508,1,13.031250,7.342285,4.629395,95750,95750,12,4523965,4523897,4523965,4523905,4523851,4523910,4523910,4523889,4523914,4523911,4523885,4523907,4523909
2026-07-19T14:01:10.861744+00:00,2811454.801456,1,13.031250,7.342285,4.629395,95625,95625,8,4640775,4640775,4616282,4616398,4616269,4616274,1852936,4616263,1600000,4616271,4616258,1600000,1845704
2026-07-19T14:01:11.850420+00:00,2811455.790133,1,13.031250,7.342285,4.629395,95625,95625,10,4646493,4646493,4591763,4591751,4591758,4591763,1845499,4591762,4603673,4591690,4591761,4612426,2022020
2026-07-19T14:01:12.853253+00:00,2811456.792967,1,13.031250,7.342285,4.629395,95625,95625,10,4621972,4621912,4621885,4621972,4621903,4621890,1600000,4591071,4596789,4621965,4621917,4603619,1768712
2026-07-19T14:01:13.852892+00:00,2811457.792605,1,12.547852,7.336426,4.642578,95625,95625,12,4663620,4588240,4591437,4591449,4591442,4591444,4637140,4591308,4663620,4591445,4658711,4658696,4592623
2026-07-19T14:01:14.852609+00:00,2811458.792320,1,12.547852,7.336426,4.642578,95625,95625,9,4715247,1885702,4707642,4707656,4707647,4707630,4707742,1860870,4664851,4707652,1600000,4715247,4657111
2026-07-19T14:01:15.852937+00:00,2811459.792648,1,12.547852,7.336426,4.642578,95625,95625,12,4709311,4709311,4661015,4661019,4661108,4661018,4661023,4661197,4661028,4697003,4659271,4663936,4640673
2026-07-19T14:01:16.850158+00:00,2811460.789868,1,12.547852,7.336426,4.642578,95625,95625,10,4688129,1865348,4688115,4688070,4688068,4688129,4688087,1870390,4667572,4671497,4667616,4641362,4674672
2026-07-19T14:01:17.852678+00:00,2811461.792388,1,12.547852,7.336426,4.642578,95625,95625,9,4731579,1869467,4660463,4660484,4660518,4660535,4660472,1600000,4710020,4722278,4731579,4697906,2200000
2026-07-19T14:01:18.852726+00:00,2811462.792438,1,11.943359,7.297363,4.644531,95625,95625,10,4764924,2062832,4696832,4696814,4696816,4696817,4696771,1883201,4681493,4741978,4764924,4669948,4761526
2026-07-19T14:01:19.850219+00:00,2811463.789929,1,11.943359,7.297363,4.644531,95625,95625,10,4648253,1856562,4648234,4648234,4648246,4648242,4648253,1853990,4646468,4641182,4645552,4624624,4640761
2026-07-19T14:01:20.850231+00:00,2811464.789941,1,11.943359,7.297363,4.644531,95625,95625,9,4784248,1984437,4732070,4732170,4732178,4732268,4732304,1848887,1600000,4784248,4667076,4691526,4705575
2026-07-19T14:01:21.850102+00:00,2811465.789815,1,11.943359,7.297363,4.644531,95625,95625,8,4767368,4752940,4752772,4752774,4752779,4752766,1886584,4767368,4749146,4757214,1600000,1600000,1896425
2026-07-19T14:01:22.852078+00:00,2811466.791792,1,11.943359,7.297363,4.644531,95625,95625,9,4718866,2701786,4691272,4691268,4691272,4691280,4663701,2157798,4683345,4688316,4718866,1600000,4691266
2026-07-19T14:01:23.852724+00:00,2811467.792443,1,11.387207,7.258789,4.646484,95500,95500,10,4784568,4732439,4732568,4732559,4732557,4732596,2124118,4715535,4719194,4718299,4784568,4739015,1998703
2026-07-19T14:01:24.850198+00:00,2811468.789912,1,11.387207,7.258789,4.646484,95500,95500,9,4746692,4717215,4717702,4717714,4717764,4717698,1884818,4716263,1600000,4716280,4746692,4716934,1600000
2026-07-19T14:01:25.849702+00:00,2811469.789413,1,11.387207,7.258789,4.646484,95500,95500,10,4775817,1904301,4692800,4692791,4692799,4692723,4692816,1902586,4775817,4714675,4758046,4764778,4712493
2026-07-19T14:01:26.850281+00:00,2811470.789995,1,11.387207,7.258789,4.646484,95625,95625,10,4767823,4739433,4739803,4739824,4739828,4739819,1922017,4717719,4767823,4705981,4716238,4715823,1888391
2026-07-19T14:01:27.850269+00:00,2811471.789983,1,11.387207,7.258789,4.646484,95625,95625,8,4655003,1881813,4653087,4653181,4653167,4653172,1859465,1600000,4652989,4615772,4645055,4655003,1863167
2026-07-19T14:01:28.850762+00:00,2811472.790476,1,10.875488,7.221191,4.648438,95625,95625,8,4693659,1872938,4648961,4648964,4649122,4648781,1600000,1868254,4648966,4693659,4682396,4676902,1600000
2026-07-19T14:01:29.849670+00:00,2811473.789382,1,10.875488,7.221191,4.648438,95625,95625,9,4766476,4590420,4766468,4766456,4766476,4766447,4307933,4139712,4691026,4766157,4672449,4706752,2289732
2026-07-19T14:01:30.850221+00:00,2811474.789935,1,10.875488,7.221191,4.648438,95750,95750,6,4739105,1600000,4735936,4735942,4735988,4735917,1600000,1600000,1600000,4739105,4589225,1600000,1861723
2026-07-19T14:01:31.850816+00:00,2811475.790529,1,10.875488,7.221191,4.648438,96000,96000,8,4730200,1870897,4652562,4652478,4652461,4652560,1873496,1886210,4730200,4652473,4685885,4635292,1878011
2026-07-19T14:01:32.850416+00:00,2811476.790130,1,10.875488,7.221191,4.648438,95875,95875,7,4743444,1880454,4706710,4706701,4706730,4706701,1600000,1885184,2200000,4706687,4743444,4596625,1885574
2026-07-19T14:01:33.864494+00:00,2811477.804206,1,10.484863,7.200684,4.655762,95875,95875,12,4724939,4692794,4667770,4667761,4667758,4667625,4667730,4667756,4678163,4724939,4716811,4711030,4716023
2026-07-19T14:01:34.858234+00:00,2811478.797945,1,10.484863,7.200684,4.655762,95875,95875,9,4676440,1888644,4671797,4671789,4671803,4671816,4640429,1975605,4341011,4619431,4619970,4676440,4671813
2026-07-19T14:01:35.850415+00:00,2811479.790127,1,10.484863,7.200684,4.655762,95750,95750,8,4784632,4742208,4728819,4728829,4728818,4728818,1891150,4728827,1600000,3630897,4710779,4784632,1892047
2026-07-19T14:01:36.850109+00:00,2811480.789821,1,10.484863,7.200684,4.655762,95750,95750,8,4774822,1897137,4721078,4720897,4720904,4720909,4722016,1861893,4774822,4766072,1600000,4764882,1600000
2026-07-19T14:01:37.849912+00:00,2811481.789623,1,10.484863,7.200684,4.655762,95750,95750,10,4746622,1889468,4738289,4738273,4738279,4738270,4738266,1900484,4746622,4712290,4712954,4735658,4676557
2026-07-19T14:01:38.850556+00:00,2811482.790266,1,10.045410,7.164062,4.657715,95625,95625,9,4779806,1874148,4724359,4724359,4724342,4724363,4724361,1600000,4758768,4759082,4735797,4779806,1600000
2026-07-19T14:01:39.852995+00:00,2811483.792708,1,10.045410,7.164062,4.657715,95625,95625,8,4722941,1886083,4691569,4691566,4691574,4691560,1876139,1884567,4691550,4718103,4716329,4722941,1906383
2026-07-19T14:01:40.853338+00:00,2811484.793051,1,10.045410,7.164062,4.657715,95625,95625,8,4783212,1970366,4706542,4706549,4706557,4706553,2123289,1973680,4706554,4693735,4783212,4697504,2121165
2026-07-19T14:01:41.853133+00:00,2811485.792847,1,10.045410,7.164062,4.657715,95625,95625,10,4741148,4734080,4734078,4734084,4734080,4734091,1898248,4721131,4741148,4701077,4724943,4717375,1893554
2026-07-19T14:01:42.850130+00:00,2811486.789840,1,10.045410,7.164062,4.657715,95625,95625,8,4739785,1977997,4739785,4739732,4739718,4739717,4739415,1890590,1600000,4716663,1600000,4727657,4721173
2026-07-19T14:01:43.852611+00:00,2811487.792321,1,9.641113,7.127930,4.659668,95625,95625,10,4759068,2094107,4735493,4735498,4735559,4735516,4735500,1600000,4740613,4736077,4717217,4739804,4759068
2026-07-19T14:01:44.853022+00:00,2811488.792733,1,9.641113,7.127930,4.659668,95500,95500,10,4765517,1903237,4755279,4755297,4755280,4755294,4755284,1905776,4762426,4764494,4765065,4763411,4765517
2026-07-19T14:01:45.853228+00:00,2811489.792937,1,9.641113,7.127930,4.659668,95500,95500,9,4795857,1908536,4781588,4781568,4781578,4781659,4764945,1600000,4763169,4761382,1600000,4795857,4781572
2026-07-19T14:01:46.852612+00:00,2811490.792324,1,9.641113,7.127930,4.659668,95500,95500,8,4727676,1886897,4727667,4727676,4727669,4727673,4727675,1889068,1600000,4721339,4716612,1600000,4536743
2026-07-19T14:01:47.853067+00:00,2811491.792777,1,9.641113,7.127930,4.659668,95500,95500,10,4735746,1884712,4672635,4672640,4672640,4672688,4672632,1891745,4735746,4711109,4730260,4683740,4708663
2026-07-19T14:01:48.850250+00:00,2811492.789960,1,9.269043,7.092285,4.661621,95625,95625,10,4721335,1982510,4721332,4721326,4721330,4721335,4721248,2101893,4691205,4714285,4693466,4690822,4690581
2026-07-19T14:01:49.852742+00:00,2811493.792453,1,9.269043,7.092285,4.661621,95625,95625,9,4778602,1893269,4753747,4753892,4753931,4753910,4753919,1892213,2200000,4778602,4713570,4702296,4669231
2026-07-19T14:01:50.850717+00:00,2811494.790429,1,9.269043,7.092285,4.661621,95625,95625,9,4716545,2084134,4691274,4691275,4691274,4691274,4691269,1947700,1600000,4692479,4716545,4691649,4689917
2026-07-19T14:01:51.852718+00:00,2811495.792429,1,9.269043,7.092285,4.661621,95625,95625,8,4780113,1912397,4780054,4780104,4780108,4780085,4780113,1913811,1600000,4773102,1600000,4759475,4775792
2026-07-19T14:01:52.850073+00:00,2811496.789784,1,9.269043,7.092285,4.661621,95625,95625,10,4705720,2086390,4705199,4705311,4705205,4705307,4705211,1897386,4699602,4705720,4676110,4688468,4696132
2026-07-19T14:01:53.853188+00:00,2811497.792898,1,8.926758,7.057129,4.663574,95625,95625,9,4762110,2088958,4719503,4719503,4719503,4719511,4719499,2734805,4762110,4757772,4761155,4721984,4264478
2026-07-19T14:01:54.850410+00:00,2811498.790120,1,8.926758,7.057129,4.663574,95625,95625,8,4708644,1872514,4681962,4681972,4681986,4681980,4681981,2046223,4665587,4667589,2200000,4708644,1600000
2026-07-19T14:01:55.858399+00:00,2811499.798110,1,8.926758,7.057129,4.663574,95625,95625,9,4795043,1876163,4691259,4691252,4691269,4691233,4795043,1876360,4691094,4690928,4690793,4691203,4062898
2026-07-19T14:01:56.852640+00:00,2811500.792352,1,8.926758,7.057129,4.663574,95625,95625,10,4741676,1856861,4706588,4706738,4706584,4706648,4706597,1895834,4711061,4733875,4741676,4690181,4647059
2026-07-19T14:01:57.858276+00:00,2811501.797987,1,8.926758,7.057129,4.663574,95625,95625,9,4789494,1903754,4748462,4748466,4748465,4748456,4748464,1903444,4765336,4764678,4789494,4768492,4350000
2026-07-19T14:01:58.852707+00:00,2811502.792416,1,8.612305,7.022949,4.665527,95625,95625,10,4778977,2013693,4738102,4738196,4738202,4737974,4738179,1899043,4654085,4778977,4709517,4684500,4772963
2026-07-19T14:01:59.852683+00:00,2811503.792393,1,8.612305,7.022949,4.665527,95625,95625,10,4748459,3777174,4746571,4746129,4746716,4747609,4748459,4746627,4496481,4715263,4695054,3698441,4625190
2026-07-19T14:02:00.852866+00:00,2811504.792577,1,8.612305,7.022949,4.665527,95625,95625,10,4712936,1881670,4698697,4698697,4698707,4698690,4698715,1875918,4712936,4700278,4689566,4690784,4690425
2026-07-19T14:02:01.853730+00:00,2811505.793446,1,8.612305,7.022949,4.665527,95625,95625,8,4750812,1885952,4750765,4750776,4750812,4750771,1600000,1888084,1600000,4716203,4718290,4683937,4750770
2026-07-19T14:02:02.852695+00:00,2811506.792406,1,8.612305,7.022949,4.665527,95625,95625,10,4751087,1928174,4683549,4683469,4683476,4683476,4683484,1724042,4669299,4668073,4683524,4751087,4671227
2026-07-19T14:02:03.852947+00:00,2811507.792660,1,8.482910,7.022461,4.678223,95625,95625,10,4740645,4731607,4731606,4731615,4731618,4731614,2101862,4739854,4712109,4737974,4740028,4740645,2105882
2026-07-19T14:02:04.852983+00:00,2811508.792695,1,8.482910,7.022461,4.678223,95625,95625,10,4786782,4698932,4698880,4698926,4698869,4698976,1893962,4786782,4736358,4718430,4750187,4733303,1600000
2026-07-19T14:02:05.853413+00:00,2811509.793126,1,8.482910,7.022461,4.678223,95625,95625,8,4794995,4698971,4698996,4698915,4698968,4698927,1905467,1600000,4794995,4713810,1600000,4743114,1885708
2026-07-19T14:02:06.852992+00:00,2811510.792704,1,8.482910,7.022461,4.678223,95500,95500,8,4781368,4781368,4781366,4781364,4781357,4781361,1894670,1600000,4717301,4746237,1600000,4718155,1905271
2026-07-19T14:02:07.852979+00:00,2811511.792692,1,8.482910,7.022461,4.678223,95500,95500,7,4889138,1600000,4724425,4724432,4724439,4724441,1889761,4724416,2200000,4787227,1600000,4889138,1893937
2026-07-19T14:02:08.853420+00:00,2811512.793132,1,8.203613,6.988770,4.680176,95500,95500,8,4760687,4741049,4707071,4707072,4707163,4707165,2103355,4707082,1600000,4692722,1600000,4760687,2045935
2026-07-19T14:02:09.850644+00:00,2811513.790356,1,8.203613,6.988770,4.680176,95500,95500,10,4667656,4664078,4664078,4664076,4664070,4664083,1864239,4664077,4667656,4665674,4664491,4665429,1865311
2026-07-19T14:02:10.852947+00:00,2811514.792660,1,8.203613,6.988770,4.680176,95500,95500,10,4761272,4716120,4716145,4716124,4716135,4716118,1600000,4695317,4761272,4713753,4710864,4716686,2040565
2026-07-19T14:02:11.852693+00:00,2811515.792403,1,8.203613,6.988770,4.680176,95500,95500,10,4745472,2008497,4695137,4695131,4695139,4695139,4695132,1600000,4696126,4745472,4691603,4691871,4720883
2026-07-19T14:02:12.853082+00:00,2811516.792794,1,8.203613,6.988770,4.680176,95625,95625,7,4736735,1887070,4728599,4728600,4728592,4728598,4728596,1880081,1600000,4719430,4736735,1600000,1600000
2026-07-19T14:02:13.852697+00:00,2811517.792409,1,7.946777,6.955566,4.682129,95625,95625,10,4766482,1904134,4748744,4748757,4748750,4748797,4748731,1600000,4741875,4766482,4748077,4703711,4763803
2026-07-19T14:02:14.852736+00:00,2811518.792448,1,7.946777,6.955566,4.682129,95625,95625,10,4714234,2084932,4696468,4696492,4696491,4696474,4696571,2084599,4714234,4689753,4686583,4685319,4709166
2026-07-19T14:02:15.853147+00:00,2811519.792856,1,7.946777,6.955566,4.682129,95625,95625,10,4744520,1902621,4691288,4691270,4691286,4691282,4691286,1600000,4744520,4744277,4690065,4734130,4691555
2026-07-19T14:02:16.852962+00:00,2811520.792672,1,7.946777,6.955566,4.682129,95500,95500,10,4776044,1893295,4753314,4753323,4753312,4753307,4753409,1600000,4740476,4740620,4733195,4740672,4776044
2026-07-19T14:02:17.852711+00:00,2811521.792420,1,7.946777,6.955566,4.682129,95500,95500,8,4770461,2093922,4666455,4666505,4666521,4666516,4666511,2006702,4744233,1600000,4754318,4770461,1600000
2026-07-19T14:02:18.849997+00:00,2811522.789706,1,7.790527,6.939453,4.689453,95625,95625,10,4692683,1793317,4655550,4655548,4655547,4655557,4655510,1875362,4692674,4643521,4692683,4688453,4653046
2026-07-19T14:02:19.852785+00:00,2811523.792495,1,7.790527,6.939453,4.689453,95625,95625,9,4800086,1905708,4766068,4766074,4766071,4766070,4766076,1910236,4779257,4800086,4784382,1600000,4788609
2026-07-19T14:02:20.852626+00:00,2811524.792336,1,7.790527,6.939453,4.689453,95625,95625,9,4780406,1895046,4735476,4735509,4735467,4735508,4735496,1600000,4767409,4662173,1600000,4780406,4756380
2026-07-19T14:02:21.852645+00:00,2811525.792356,1,7.790527,6.939453,4.689453,95625,95625,10,4768932,2114759,4751681,4751684,4751688,4751678,4751690,2113049,4762160,4748554,4768932,4720926,4744875
2026-07-19T14:02:22.852842+00:00,2811526.792553,1,7.790527,6.939453,4.689453,95625,95625,10,4714912,1864472,4713553,4713442,4713550,4713554,4713491,1867618,4702005,4714912,4685633,4700933,4705409
2026-07-19T14:02:23.852745+00:00,2811527.792454,1,7.566895,6.907227,4.691406,95625,95625,10,4781248,1892095,4780619,4781248,4780803,4780876,4779971,1600000,4686328,4673999,4749363,4699881,4703032
2026-07-19T14:02:24.852695+00:00,2811528.792407,1,7.566895,6.907227,4.691406,95625,95625,9,4708622,1862099,4680457,4680710,4680738,4679999,4680822,1911727,4613747,4635881,4636425,4708622,1600000
2026-07-19T14:02:25.852887+00:00,2811529.792597,1,7.566895,6.907227,4.691406,95625,95625,8,4716627,1879377,4716224,4716216,4716231,4716218,4716195,1914133,4715491,4716627,1600000,4714272,1600000
2026-07-19T14:02:26.852604+00:00,2811530.792314,1,7.566895,6.907227,4.691406,95625,95625,10,4708275,1881611,4688935,4688932,4688929,4688937,4688934,1876241,4693092,4698771,4708275,4706552,4700984
2026-07-19T14:02:27.853374+00:00,2811531.793086,1,7.566895,6.907227,4.691406,95625,95625,10,4715946,4713462,4710993,4710955,4710942,4710943,2095142,4710946,4711897,4710325,4707518,4715946,2096160
2026-07-19T14:02:28.853786+00:00,2811532.793498,1,7.361328,6.875488,4.693359,95625,95625,10,4724483,4705848,4705850,4705846,4705844,4705868,2124872,4724483,4706295,4693786,4712356,4696032,2185069
2026-07-19T14:02:29.852169+00:00,2811533.791878,1,7.361328,6.875488,4.693359,95625,95625,11,4739833,4737031,4733101,4733086,4733075,4733071,4300759,4733067,4739267,4739833,4738613,4739424,4733089
2026-07-19T14:02:30.850425+00:00,2811534.790139,1,7.361328,6.875488,4.693359,95625,95625,8,4786684,4755107,4755118,4755118,4755106,4755106,1909654,4738795,1600000,4785139,1600000,4786684,1600000
2026-07-19T14:02:31.853018+00:00,2811535.792730,1,7.361328,6.875488,4.693359,95500,95500,10,4807176,4738403,4738431,4738426,4738421,4738224,1883331,4746082,4807176,4794286,4697482,4721353,1886000
2026-07-19T14:02:32.850285+00:00,2811536.790003,1,7.361328,6.875488,4.693359,95500,95500,10,4734025,4725404,4725391,4725397,4725393,4725435,2695619,4734025,4714991,4729913,4708414,4716170,2737914
2026-07-19T14:02:33.853428+00:00,2811537.793141,1,7.171875,6.844238,4.695312,95500,95500,8,4798953,2022456,4798952,4798933,4798953,4798953,4309985,1600000,4770278,4762884,4796412,4770267,1927327
2026-07-19T14:02:34.853209+00:00,2811538.792921,1,7.171875,6.844238,4.695312,95375,95375,6,4783462,1911871,4767361,4767323,4767365,4767356,2124655,1600000,4783462,1600000,1600000,4744346,2734415
2026-07-19T14:02:35.853003+00:00,2811539.792715,1,7.171875,6.844238,4.695312,95250,95250,7,4790087,1930333,4728760,4728744,4728758,4728903,1915330,1985759,4698141,4694613,4790087,1600000,1891512
2026-07-19T14:02:36.853456+00:00,2811540.793163,1,7.171875,6.844238,4.695312,95250,95250,5,4795327,1921767,4770062,4770062,4770065,4770054,1600000,1923625,1600000,1600000,4795327,1600000,2126422
2026-07-19T14:02:37.853404+00:00,2811541.793120,1,7.171875,6.844238,4.695312,95250,95250,6,4814626,1929817,4791069,4791064,4791065,4791061,1934619,2138705,4814626,4787788,1600000,1600000,2128879
2026-07-19T14:02:38.850279+00:00,2811542.789991,1,6.917480,6.796875,4.691406,95250,95250,8,4795914,2121733,4791078,4791084,4791098,4791091,1922208,2127830,4766332,4791119,4791833,4795914,1911338
2026-07-19T14:02:39.852953+00:00,2811543.792665,1,6.917480,6.796875,4.691406,95250,95250,6,4811075,1914816,4760251,4760333,4760126,4760257,1946450,1600000,1600000,4781323,1600000,4811075,1600000
2026-07-19T14:02:40.853163+00:00,2811544.792875,1,6.917480,6.796875,4.691406,95250,95250,6,4792142,1916619,4791099,4791093,4791097,4791101,1600000,1600000,4791374,4792142,1600000,1600000,1600000
2026-07-19T14:02:41.853084+00:00,2811545.792797,1,6.917480,6.796875,4.691406,95250,95250,8,4811399,1929731,4779979,4779985,4779971,4779891,1916241,1979045,4786058,4811399,4789966,4791951,1921310
2026-07-19T14:02:42.850322+00:00,2811546.790034,1,6.917480,6.796875,4.691406,95250,95250,7,4824424,1926032,4788099,4788102,4788099,4788037,1924929,1600000,4812896,4789214,1600000,4824424,1600000
2026-07-19T14:02:43.853182+00:00,2811547.792894,1,6.683594,6.750000,4.687500,95250,95250,6,4797731,1925698,4793200,4793197,4793200,4793192,1924099,1600000,4792066,4797731,2200000,1600000,1922900
2026-07-19T14:02:44.852820+00:00,2811548.792532,1,6.683594,6.750000,4.687500,95125,95125,7,4816160,1600000,4816004,4816000,4816011,4816000,2139121,1600000,4816160,4788282,1600000,4795186,2140875
2026-07-19T14:02:45.854225+00:00,2811549.793937,1,6.683594,6.750000,4.687500,95125,95125,8,4794100,1921941,4794042,4794040,4794036,4794100,2117991,2110356,4781210,4769204,4775876,4789714,2118463
2026-07-19T14:02:46.852675+00:00,2811550.792385,1,6.683594,6.750000,4.687500,95125,95125,8,4791108,1915474,4791108,4791100,4791099,4791097,2736427,1908518,4702096,4788946,4789931,4787564,2735225
2026-07-19T14:02:47.853071+00:00,2811551.792782,1,6.683594,6.750000,4.687500,95125,95125,6,4816032,1919232,4791062,4791037,4791063,4791049,1600000,1916581,1600000,4813867,4816032,1600000,1600000
2026-07-19T14:02:48.852989+00:00,2811552.792701,1,6.468262,6.704102,4.683594,95125,95125,7,4793733,1929878,4771302,4771300,4771303,4771304,1869954,1600000,4793733,4791282,1600000,4774647,1923465
2026-07-19T14:02:49.850015+00:00,2811553.789728,1,6.468262,6.704102,4.683594,95125,95125,8,4774473,1951878,4771003,4771004,4771004,4771001,4224513,1905237,4765847,4765969,4765485,4774473,3120159
2026-07-19T14:02:50.853237+00:00,2811554.792955,1,6.468262,6.704102,4.683594,95125,95125,5,4800854,1600000,4798936,4798935,4798937,4798944,1922785,1920436,1600000,4800854,1600000,1600000,1600000
2026-07-19T14:02:51.850623+00:00,2811555.790335,1,6.468262,6.704102,4.683594,95125,95125,7,4808470,1913507,4793165,4793155,4793160,4793161,1923266,2130181,4790575,4808470,4785895,1600000,1922502
2026-07-19T14:02:52.853303+00:00,2811556.793012,1,6.468262,6.704102,4.683594,95125,95125,6,4795070,2128525,4774020,4774019,4774026,4774079,1917273,2128029,4758846,1600000,4795070,1600000,1920523
2026-07-19T14:02:53.852949+00:00,2811557.792661,1,6.430664,6.692383,4.690918,95125,95125,8,4781865,2127901,4751704,4751700,4751700,4751844,2127484,2034492,4741139,4781865,4769585,4763441,2087419
2026-07-19T14:02:54.868296+00:00,2811558.808024,1,6.430664,6.692383,4.690918,95250,95250,5,4804557,1916961,4804519,4804557,4804543,4804494,1925305,1914920,4548453,1600000,1600000,1600000,1895350
2026-07-19T14:02:55.853443+00:00,2811559.793156,1,6.430664,6.692383,4.690918,95250,95250,5,4815655,1915914,4787751,4787817,4787754,4787740,1600000,1919412,4815655,1600000,1600000,1600000,1916679
2026-07-19T14:02:56.853004+00:00,2811560.792716,1,6.430664,6.692383,4.690918,95125,95125,8,4811750,2099217,4792437,4792445,4792449,4792437,2139517,1919659,4792788,4811750,4791061,4790971,1924341
2026-07-19T14:02:57.853811+00:00,2811561.793522,1,6.430664,6.692383,4.690918,95125,95125,10,4831804,1879404,4699354,4699366,4699360,4699370,4699366,2148411,4831804,4700591,4815882,4760042,4760406
2026-07-19T14:02:58.853461+00:00,2811562.793174,1,6.235840,6.647461,4.687012,95125,95125,7,4815703,1918605,4802431,4802429,4802425,4802448,1923009,1923116,4800645,4806580,1600000,4815703,1600000
2026-07-19T14:02:59.853077+00:00,2811563.792790,1,6.235840,6.647461,4.687012,95125,95125,7,4814582,2276962,4807300,4807337,4807336,4807299,2875390,3845614,4813907,4814582,4814578,1600000,2747804
2026-07-19T14:03:00.853010+00:00,2811564.792724,1,6.235840,6.647461,4.687012,95125,95125,8,4792306,1936889,4792247,4792296,4792245,4792306,1917102,2030359,4792213,4790377,4789907,4790570,1916163
2026-07-19T14:03:01.850732+00:00,2811565.790445,1,6.235840,6.647461,4.687012,95125,95125,6,4815868,1907050,4780730,4780731,4780714,4780723,1920459,2112033,1600000,4815868,4767817,2200000,2044427
2026-07-19T14:03:02.851273+00:00,2811566.790985,1,6.235840,6.647461,4.687012,95125,95125,7,4815427,1925332,4807652,4807641,4807646,4807643,2139310,1600000,4809137,4815427,4814798,1600000,2136395
2026-07-19T14:03:03.853074+00:00,2811567.792786,1,6.136719,6.619629,4.688965,95125,95125,8,4793788,1921784,4791040,4791040,4791040,4791032,2130333,1921868,4792921,4792034,4793788,4791120,2129670
2026-07-19T14:03:04.853565+00:00,2811568.793278,1,6.136719,6.619629,4.688965,95125,95125,8,4809281,1916612,4809237,4809242,4809281,4809248,2130813,2070562,4788445,4801434,4792140,4790808,2127931
2026-07-19T14:03:05.850727+00:00,2811569.790439,1,6.136719,6.619629,4.688965,95125,95125,9,4807641,1897840,4708778,4708773,4708971,4708779,4493849,2042475,4685351,4759278,4807641,4805800,2687624
2026-07-19T14:03:06.853172+00:00,2811570.792884,1,6.136719,6.619629,4.688965,95125,95125,8,4817989,1935196,4816037,4816028,4816032,4816029,1925046,1924663,4806326,4817989,4799440,4815933,1925724
2026-07-19T14:03:07.853639+00:00,2811571.793351,1,6.136719,6.619629,4.688965,95000,95000,5,4812700,1919525,4793270,4793263,4793268,4793224,1916979,2128707,4812700,1600000,1600000,1600000,1925141
2026-07-19T14:03:08.850201+00:00,2811572.789913,1,5.965332,6.575684,4.685059,95125,95125,8,4820181,1925309,4791186,4791116,4791129,4791125,1916425,1926182,4820181,4816014,4785492,4774303,1909843
2026-07-19T14:03:09.853028+00:00,2811573.792740,1,5.965332,6.575684,4.685059,95125,95125,7,4815082,2126896,4788638,4788638,4788624,4788629,1925941,2101601,4808958,4811395,1600000,4815082,1925177
2026-07-19T14:03:10.850101+00:00,2811574.789813,1,5.965332,6.575684,4.685059,95125,95125,8,4801153,1917530,4801153,4801147,4801151,4801143,2052742,1918268,4795703,4790259,4791395,4790846,1917834
2026-07-19T14:03:11.853234+00:00,2811575.792946,1,5.965332,6.575684,4.685059,95125,95125,8,4817063,2132496,4798601,4798607,4798619,4798613,1916237,2141383,4817063,4813964,4815122,4801496,1924195
2026-07-19T14:03:12.852922+00:00,2811576.792634,1,5.965332,6.575684,4.685059,95125,95125,9,4825496,4765258,4790994,4791070,4791072,4791064,1923160,3776630,4825496,4814128,4772796,4818252,2133780
2026-07-19T14:03:13.853020+00:00,2811577.792736,1,5.807617,6.532715,4.681152,95125,95125,8,4818210,1897681,4818200,4818206,4818199,4818210,2509013,1929361,4797556,4791943,4753298,4702083,1923455
2026-07-19T14:03:14.864113+00:00,2811578.803822,1,5.807617,6.532715,4.681152,95125,95125,8,4816629,2070568,4808895,4808897,4808894,4808898,1600000,1919005,4816255,4816629,4795624,4796602,1924224
2026-07-19T14:03:15.852996+00:00,2811579.792708,1,5.807617,6.532715,4.681152,95250,95250,8,4815710,1922679,4772017,4772032,4772019,4771895,1923846,1908247,4815710,4767598,4747714,4813550,1922155
2026-07-19T14:03:16.853157+00:00,2811580.792869,1,5.807617,6.532715,4.681152,95250,95250,8,4808574,1905293,4802134,4802142,4802131,4802151,1912663,1916058,4808574,4798873,4783954,4800785,2128395
2026-07-19T14:03:17.853386+00:00,2811581.793098,1,5.807617,6.532715,4.681152,95125,95125,8,4798916,1916572,4766503,4766522,4766519,4766438,2026490,1600000,4798916,4764961,4795252,4791762,2125231
2026-07-19T14:03:18.850593+00:00,2811582.790306,1,5.742676,6.506836,4.683105,95125,95125,8,4808994,1921359,4791106,4791079,4791106,4791038,1918124,1924187,4794770,4808994,4791902,4789007,1916102
2026-07-19T14:03:19.850438+00:00,2811583.790149,1,5.742676,6.506836,4.683105,95125,95125,6,4799595,1925651,4796913,4796920,4796925,4796931,1924669,1920871,1600000,4799595,4790104,2200000,1918724
2026-07-19T14:03:20.853423+00:00,2811584.793136,1,5.742676,6.506836,4.683105,95125,95125,8,4813924,2017388,4809019,4809014,4809015,4809121,1913374,2114278,4805573,4804628,4813924,4804036,1977851
2026-07-19T14:03:21.853129+00:00,2811585.792841,1,5.742676,6.506836,4.683105,95000,95000,8,4816059,1925614,4816048,4816044,4816059,4816044,1931813,1924772,4814946,4814797,4815824,4811272,1926165
2026-07-19T14:03:22.852960+00:00,2811586.792672,1,5.742676,6.506836,4.683105,95000,95000,8,4815552,1914850,4799898,4799912,4799897,4799897,1925626,1914567,4813862,4814203,4815552,4814592,1925204
2026-07-19T14:03:23.851100+00:00,2811587.790812,1,5.603027,6.464844,4.679199,95125,95125,5,4796128,1915449,4796109,4796100,4796128,4796108,1941229,1924681,2200000,4790163,1600000,1600000,1915622
2026-07-19T14:03:24.853100+00:00,2811588.792812,1,5.603027,6.464844,4.679199,95000,95000,8,4815588,2109204,4788595,4788596,4788601,4788605,2125378,2133524,4790508,4790796,4789666,4815588,2129382
2026-07-19T14:03:25.853242+00:00,2811589.792953,1,5.603027,6.464844,4.679199,95000,95000,6,4816010,1922492,4816005,4816003,4816005,4816010,2124900,1916989,1600000,4800261,1600000,4802208,1988227
2026-07-19T14:03:26.853546+00:00,2811590.793258,1,5.603027,6.464844,4.679199,95000,95000,8,4822184,1924514,4795773,4795792,4795795,4795796,2053540,1600000,4816093,4815099,4796592,4822184,2021571
2026-07-19T14:03:27.853152+00:00,2811591.792864,1,5.603027,6.464844,4.679199,95000,95000,8,4815928,1931068,4815919,4815917,4815928,4815918,2133640,1600000,4814279,4815379,4788140,4814266,1923171
2026-07-19T14:03:28.850448+00:00,2811592.790160,1,5.554688,6.440430,4.681152,95000,95000,8,4816038,1918630,4798533,4798530,4798504,4798521,1916118,2138906,4789991,4814007,4816038,4790526,1925101
2026-07-19T14:03:29.852970+00:00,2811593.792681,1,5.554688,6.440430,4.681152,95000,95000,7,4767013,3004650,4766145,4766143,4766139,4766141,2126773,3008556,4767013,4766152,4764934,1600000,2128632
2026-07-19T14:03:30.857963+00:00,2811594.797670,1,5.554688,6.440430,4.681152,95125,95125,8,4814824,1600000,4800558,4800545,4800534,4800557,2200000,1600000,4814824,4812903,4813744,4791889,1600000
2026-07-19T14:03:31.852994+00:00,2811595.792707,1,5.554688,6.440430,4.681152,95000,95000,8,4814686,1914732,4796102,4796104,4796100,4796114,1926143,1926013,4814686,4793934,4791740,4790706,1912271
2026-07-19T14:03:32.852902+00:00,2811596.792612,1,5.554688,6.440430,4.681152,95000,95000,5,4815946,2048121,4815940,4815940,4815942,4815946,4350000,2112450,1600000,4811573,1600000,1600000,2751677
2026-07-19T14:03:33.851134+00:00,2811597.790849,1,5.510254,6.416504,4.683105,94875,94875,5,4796053,1904342,4796048,4796053,4796052,4796049,1922815,1914745,1600000,4794180,1600000,1600000,1915794
2026-07-19T14:03:34.852985+00:00,2811598.792696,1,5.510254,6.416504,4.683105,95000,95000,6,4817000,1600000,4806152,4806160,4806156,4806191,2137521,1924774,4817000,4808957,1600000,1600000,2138898
2026-07-19T14:03:35.852830+00:00,2811599.792542,1,5.510254,6.416504,4.683105,95000,95000,7,4791110,1826217,4791087,4791110,4791103,4791091,3947607,1916136,4690192,4790237,4777509,1600000,2737545
2026-07-19T14:03:36.852257+00:00,2811600.791968,1,5.510254,6.416504,4.683105,95000,95000,7,4816295,1925988,4816048,4816051,4816058,4816049,1600000,1600000,4816295,4815057,4809562,1600000,1924562
2026-07-19T14:03:37.853015+00:00,2811601.792727,1,5.510254,6.416504,4.683105,95000,95000,8,4804640,1925541,4791072,4791080,4791077,4791083,1913974,1917727,4798745,4798651,4804640,4794200,1924058
2026-07-19T14:03:38.850326+00:00,2811602.790040,1,5.389160,6.375977,4.679199,95000,95000,6,4816164,2135364,4803924,4803929,4803916,4803923,1913946,2200000,1600000,4816164,1600000,4791223,1907733
2026-07-19T14:03:39.853377+00:00,2811603.793090,1,5.389160,6.375977,4.679199,95000,95000,7,4814563,1925403,4798611,4798616,4798627,4798613,2140937,1922416,4814563,4812407,4801421,1600000,2121114
2026-07-19T14:03:40.852979+00:00,2811604.792690,1,5.389160,6.375977,4.679199,95125,95125,11,4483307,3048630,4483307,4483247,4483257,4483221,4460141,4483210,4483244,4473664,4483211,4483241,4483232
2026-07-19T14:03:41.852918+00:00,2811605.792630,1,5.389160,6.375977,4.679199,95125,95125,6,4806694,1912634,4804218,4804221,4804209,4804212,1923810,1923372,4784744,4806694,1600000,1600000,1924891
2026-07-19T14:03:42.853384+00:00,2811606.793097,1,5.389160,6.375977,4.679199,95000,95000,5,4817669,1600000,4802817,4802832,4802826,4802864,1922889,1921845,4817669,1600000,1600000,1600000,1923750
2026-07-19T14:03:43.850572+00:00,2811607.790284,1,5.277832,6.336426,4.675293,95000,95000,7,4815415,1924403,4799352,4799375,4799371,4799383,2138941,1600000,4815415,4807442,4812434,2200000,1600000
2026-07-19T14:03:44.852667+00:00,2811608.792378,1,5.277832,6.336426,4.675293,95000,95000,9,4794115,2672122,4764600,4764607,4764600,4764541,4374297,2688838,4769237,4738830,4740758,4794115,2143102
2026-07-19T14:03:45.853437+00:00,2811609.793149,1,5.277832,6.336426,4.675293,95000,95000,5,4815053,2056351,4792133,4792191,4792140,4792193,1600000,1600000,4815053,1600000,1600000,1600000,1922426
2026-07-19T14:03:46.850630+00:00,2811610.790342,1,5.277832,6.336426,4.675293,94875,94875,8,4816400,2129824,4798586,4798580,4798561,4798572,1600000,1600000,4816400,4809622,4809706,4816339,1926376
2026-07-19T14:03:47.853027+00:00,2811611.792739,1,5.277832,6.336426,4.675293,94875,94875,7,4823713,1921139,4815999,4815987,4815986,4816008,1917557,1923487,4823713,4814902,1600000,4816175,1921004
2026-07-19T14:03:48.851082+00:00,2811612.790794,1,5.175293,6.297363,4.671387,95000,95000,6,4795810,1600000,4795781,4795763,4795780,4795810,1916058,1600000,4688538,4766297,2200000,1600000,1909457
2026-07-19T14:03:49.853079+00:00,2811613.792791,1,5.175293,6.297363,4.671387,95000,95000,7,4815735,1924969,4798630,4798579,4798634,4798637,1934875,1917619,4815487,4815735,4722435,1600000,1600000
2026-07-19T14:03:50.853063+00:00,2811614.792778,1,5.175293,6.297363,4.671387,95000,95000,6,4809098,1600000,4797671,4797681,4797673,4797642,1923329,2129859,4803350,4809098,1600000,1600000,1920797
2026-07-19T14:03:51.852959+00:00,2811615.792675,1,5.175293,6.297363,4.671387,95000,95000,8,4806729,2087015,4798602,4798596,4798599,4798604,1919131,2134326,4806729,4798005,4798807,4797510,1907676
2026-07-19T14:03:52.853460+00:00,2811616.793175,1,5.175293,6.297363,4.671387,94875,94875,7,4816369,1600000,4798617,4798188,4798619,4798627,1600000,2129230,4814264,4816369,2200000,4815029,1925243
2026-07-19T14:03:53.850586+00:00,2811617.790297,1,5.081055,6.258789,4.667480,94875,94875,6,4821514,2121486,4816041,4816027,4816032,4816025,1600000,2139067,4821514,4813937,1600000,1600000,1925980
2026-07-19T14:03:54.850643+00:00,2811618.790356,1,5.081055,6.258789,4.667480,94875,94875,6,4816802,1925274,4791136,4791123,4791131,4791196,1600000,1923648,4816802,4801600,1600000,1600000,1600000
2026-07-19T14:03:55.853184+00:00,2811619.792899,1,5.081055,6.258789,4.667480,94875,94875,6,4816042,1925833,4816042,4816034,4816030,4816025,1925939,1600000,4815719,1600000,1600000,4800278,1926178
2026-07-19T14:03:56.852956+00:00,2811620.792668,1,5.081055,6.258789,4.667480,94875,94875,5,4818910,1908968,4816038,4816047,4816040,4816053,1600000,1924917,1600000,4818910,1600000,2200000,1923441
2026-07-19T14:03:57.856014+00:00,2811621.795726,1,5.081055,6.258789,4.667480,94875,94875,5,4802532,1600000,4798619,4798581,4798578,4798585,1600000,1925773,4802532,1600000,1600000,1600000,1600000
2026-07-19T14:03:58.850857+00:00,2811622.790569,1,5.074219,6.237793,4.669434,95000,95000,8,4818644,2090331,4766327,4766329,4766537,4766349,2138714,1953179,4775959,4726071,4794853,4818644,2109315
2026-07-19T14:03:59.852844+00:00,2811623.792552,1,5.074219,6.237793,4.669434,94875,94875,9,4815227,2129158,4791060,4791061,4791069,4791072,4788365,2128907,4790539,4810218,4815227,2200000,4791059
2026-07-19T14:04:00.853037+00:00,2811624.792748,1,5.074219,6.237793,4.669434,94875,94875,8,4816178,1925100,4815995,4816002,4816002,4815992,1600000,1980128,4815612,4816178,4815275,4791204,1925429
2026-07-19T14:04:01.853275+00:00,2811625.792985,1,5.074219,6.237793,4.669434,95000,95000,7,4811672,1922226,4793751,4793755,4793756,4793747,1917510,1924981,1600000,4811672,4807342,4792054,1923380
2026-07-19T14:04:02.852956+00:00,2811626.792669,1,5.074219,6.237793,4.669434,95000,95000,8,4814072,1921744,4805726,4805686,4805713,4805724,1600000,1917059,4814072,4804852,4794294,4813704,2673204
2026-07-19T14:04:03.852792+00:00,2811627.792503,1,4.987793,6.200195,4.665527,94875,94875,8,4808148,2317885,4808101,4808114,4808099,4808148,1600000,2066338,4803446,4794714,4804041,4790488,1923233
2026-07-19T14:04:04.853293+00:00,2811628.793000,1,4.987793,6.200195,4.665527,95000,95000,5,4816022,1925240,4816006,4816003,4816012,4816022,1924319,1925828,1600000,4815401,1600000,1600000,1925931
2026-07-19T14:04:05.852968+00:00,2811629.792678,1,4.987793,6.200195,4.665527,95000,95000,8,4795169,1923977,4788643,4788638,4788646,4788645,2114530,1919360,4789003,4791126,4795169,4793035,2004202
2026-07-19T14:04:06.850431+00:00,2811630.790144,1,4.987793,6.200195,4.665527,95000,95000,7,4816070,1925670,4816070,4816054,4816054,4816057,1600000,1600000,4813722,4813748,4813078,1600000,1600000
2026-07-19T14:04:07.853417+00:00,2811631.793129,1,4.987793,6.200195,4.665527,94875,94875,6,4815166,1600000,4783892,4783888,4783895,4783884,2200000,1965068,4814518,1600000,4815166,1600000,2120572
2026-07-19T14:04:08.850634+00:00,2811632.790346,1,4.908691,6.163574,4.661621,94875,94875,8,4815515,2136479,4807024,4807038,4807035,4807010,1925808,2139992,4815264,4815150,4815167,4815515,1926079
2026-07-19T14:04:09.852864+00:00,2811633.792578,1,4.908691,6.163574,4.661621,94875,94875,9,4815669,1912800,4804667,4804655,4804660,4804652,4458878,1921783,4804501,4815669,4804491,4780573,3270945
2026-07-19T14:04:10.853480+00:00,2811634.793193,1,4.908691,6.163574,4.661621,94875,94875,8,4815353,1600000,4809785,4809796,4809795,4809794,1926039,1600000,4815104,4814228,4815353,4815060,1925660
2026-07-19T14:04:11.853028+00:00,2811635.792739,1,4.908691,6.163574,4.661621,94875,94875,7,4812743,1921397,4797319,4797341,4797316,4797322,2745708,1921552,4812743,4806089,4789317,1600000,2738622
2026-07-19T14:04:12.852861+00:00,2811636.792573,1,4.908691,6.163574,4.661621,95000,95000,9,4789427,3964366,4771189,4771174,4771200,4771193,2157750,4552335,4766212,4764835,4771186,4789427,2172408
2026-07-19T14:04:13.853502+00:00,2811637.793214,1,4.835449,6.127441,4.657715,95000,95000,6,4811772,1915990,4796101,4796096,4796106,4796097,1915249,1925892,1600000,4811772,1600000,4803510,1922530
2026-07-19T14:04:14.850684+00:00,2811638.790396,1,4.835449,6.127441,4.657715,94875,94875,8,4815953,1958924,4815936,4815953,4815935,4815930,1902324,1926257,4814697,4815572,4814967,4815462,1925926
2026-07-19T14:04:15.853042+00:00,2811639.792754,1,4.835449,6.127441,4.657715,94875,94875,7,4814854,1919831,4806905,4806863,4806855,4806870,1916412,1600000,4814854,4791977,1600000,4788741,1600000
2026-07-19T14:04:16.853557+00:00,2811640.793269,1,4.835449,6.127441,4.657715,94875,94875,5,4816058,1924278,4816057,4816058,4816054,4816048,1925545,1925862,1600000,4784636,1600000,1600000,1925338
2026-07-19T14:04:17.850776+00:00,2811641.790488,1,4.835449,6.127441,4.657715,94875,94875,8,4809372,1925965,4804172,4804175,4804200,4804208,1600000,1925679,4805912,4791024,4788383,4809372,1915160
2026-07-19T14:04:18.853156+00:00,2811642.792868,1,4.848633,6.108398,4.659668,95125,95125,7,4813104,1917157,4806533,4806544,4806533,4806586,1600000,1600000,1600000,4792059,4813104,4799263,1600000
2026-07-19T14:04:19.853011+00:00,2811643.792723,1,4.848633,6.108398,4.659668,95000,95000,8,4822420,2132644,4798610,4798592,4798605,4798649,1600000,2139416,4814929,4813679,4817560,4822420,1922698
2026-07-19T14:04:20.853525+00:00,2811644.793242,1,4.848633,6.108398,4.659668,95000,95000,6,4808280,1923504,4808280,4808269,4808250,4808251,1600000,1918029,4792402,4806414,1600000,1600000,1600000
2026-07-19T14:04:21.850484+00:00,2811645.790195,1,4.848633,6.108398,4.659668,95250,95250,8,4824626,1915016,4791088,4791099,4791084,4791091,1915471,1915486,4824626,4791458,4788812,4790036,1915011
2026-07-19T14:04:22.855447+00:00,2811646.795158,1,4.848633,6.108398,4.659668,95125,95125,7,4800220,1921163,4800220,4800149,4799865,4800006,2139172,1924297,4779593,4519371,4532161,3990187,2140198
2026-07-19T14:04:23.850877+00:00,2811647.790589,1,4.780273,6.073242,4.655762,95250,95250,8,4843777,1921342,4838411,4838407,4838410,4838420,1600000,1908753,4842059,4843777,4770075,4839747,1935604
2026-07-19T14:04:24.850474+00:00,2811648.790186,1,4.780273,6.073242,4.655762,95250,95250,8,4796127,1923749,4796127,4796118,4796121,4796108,1912129,1915585,4790332,4789401,4786191,4793417,1916386
2026-07-19T14:04:25.850185+00:00,2811649.789897,1,4.780273,6.073242,4.655762,95125,95125,6,4814474,1916021,4796079,4796089,4796104,4796091,1600000,1600000,4792656,4814474,1600000,1600000,1914228
2026-07-19T14:04:26.853368+00:00,2811650.793081,1,4.780273,6.073242,4.655762,95250,95250,7,4841219,1919928,4789641,4789635,4789644,4789630,1600000,1600000,4806958,4841219,1600000,4817952,1933919
2026-07-19T14:04:27.853175+00:00,2811651.792886,1,4.780273,6.073242,4.655762,95125,95125,6,4815507,1600000,4798643,4798635,4798590,4798594,1925688,1917680,4806526,4815507,1600000,1600000,1967590
2026-07-19T14:04:28.853145+00:00,2811652.792857,1,4.717773,6.038574,4.651855,95125,95125,6,4815911,1600000,4804101,4804055,4804090,4804098,1921878,1600000,4815911,4814530,1600000,1600000,1872516
2026-07-19T14:04:29.853365+00:00,2811653.793077,1,4.717773,6.038574,4.651855,95125,95125,8,4813233,2281564,4766350,4766351,4766355,4766348,2123781,3897844,4772123,4813233,4812525,4762163,2132578
2026-07-19T14:04:30.852992+00:00,2811654.792703,1,4.717773,6.038574,4.651855,95125,95125,6,4807974,1922729,4797820,4797817,4797821,4797839,2129928,1922890,1600000,4790377,4807974,1600000,2129132
2026-07-19T14:04:31.850546+00:00,2811655.790258,1,4.717773,6.038574,4.651855,95000,95000,6,4815279,1915920,4797254,4797285,4797290,4797286,1916888,1919095,4797083,4815279,1600000,1600000,1920007
2026-07-19T14:04:32.853379+00:00,2811656.793090,1,4.717773,6.038574,4.651855,95000,95000,5,4810104,1921699,4810036,4810049,4810056,4810104,1916144,1924564,1600000,4802904,1600000,1600000,1876166
2026-07-19T14:04:33.853044+00:00,2811657.792756,1,4.660156,6.004395,4.647949,95000,95000,7,4813894,1923700,4807050,4807066,4807076,4807014,1600000,1915300,4813894,4804827,4795962,1600000,1924650
2026-07-19T14:04:34.853102+00:00,2811658.792814,1,4.660156,6.004395,4.647949,95000,95000,5,4815996,1925346,4815983,4815996,4815973,4815981,1600000,1925755,1600000,1600000,4815030,1600000,1924623
2026-07-19T14:04:35.853476+00:00,2811659.793189,1,4.660156,6.004395,4.647949,95000,95000,7,4815182,1921268,4803645,4803631,4803627,4803629,2133070,1970906,4815182,4814512,2200000,4788399,2060561
2026-07-19T14:04:36.853055+00:00,2811660.792767,1,4.660156,6.004395,4.647949,95000,95000,7,4796829,1925345,4796825,4796821,4796815,4796829,1920857,1919666,4789483,4790347,4789945,1600000,2095838
2026-07-19T14:04:37.853138+00:00,2811661.792850,1,4.660156,6.004395,4.647949,94875,94875,8,4815603,2136122,4807018,4807031,4807051,4807016,1600000,2134391,4795787,4792127,4815603,4814503,1923653
2026-07-19T14:04:38.853500+00:00,2811662.793213,1,4.687500,5.987305,4.649902,94875,94875,7,4816053,2725256,4816053,4816018,4816044,4816046,2000045,1920757,4815540,4813697,1600000,4810912,1925530
2026-07-19T14:04:39.853140+00:00,2811663.792852,1,4.687500,5.987305,4.649902,94875,94875,5,4808100,1918073,4808094,4808094,4808100,4808062,2747016,1600000,4531864,1600000,1600000,1600000,2749274
2026-07-19T14:04:40.853006+00:00,2811664.792718,1,4.687500,5.987305,4.649902,94875,94875,5,4815301,1925920,4797929,4797884,4797899,4797932,1600000,1600000,1600000,4815301,1600000,1600000,1600000
2026-07-19T14:04:41.853006+00:00,2811665.792719,1,4.687500,5.987305,4.649902,94750,94750,7,4808164,2139841,4796089,4796076,4796073,4796084,1600000,2200000,4790300,4808164,2200000,4796536,1600000
2026-07-19T14:04:42.850838+00:00,2811666.790551,1,4.687500,5.987305,4.649902,94750,94750,5,4817763,1919352,4816002,4815993,4816008,4816006,1924797,1925544,4817763,1600000,1600000,2200000,1600000
2026-07-19T14:04:43.852944+00:00,2811667.792656,1,4.632324,5.954102,4.645996,94750,94750,8,4816385,1924077,4798548,4798546,4798590,4798588,1917356,1946612,4808549,4815381,4816385,4790191,1600000
2026-07-19T14:04:44.852872+00:00,2811668.792584,1,4.632324,5.954102,4.645996,94875,94875,8,4816942,2538566,4810736,4810728,4810733,4810739,1925700,2011088,4812850,4816310,4816112,4816942,1965197
2026-07-19T14:04:45.853207+00:00,2811669.792919,1,4.632324,5.954102,4.645996,94875,94875,7,4816021,1924739,4816015,4816003,4816021,4816013,1925960,1925724,4813936,4814983,1600000,4814029,1926049
2026-07-19T14:04:46.853021+00:00,2811670.792735,1,4.632324,5.954102,4.645996,94875,94875,8,4817396,1923917,4798518,4798517,4798515,4798517,1600000,1600000,4802523,4815499,4814275,4817396,1600000
2026-07-19T14:04:47.852723+00:00,2811671.792436,1,4.632324,5.954102,4.645996,94875,94875,10,4811257,1922226,4803499,4803491,4803483,4803493,4616596,1919888,4797733,4798216,4808483,4810260,4811257
2026-07-19T14:04:48.853265+00:00,2811672.792976,1,4.581543,5.921387,4.642090,94750,94750,6,4818532,1921744,4798572,4798576,4798567,4798622,1656594,1600000,4818532,1600000,4817982,1600000,1600000
2026-07-19T14:04:49.853249+00:00,2811673.792964,1,4.581543,5.921387,4.642090,94750,94750,7,4816004,1925517,4816002,4816004,4816002,4816004,1914896,1600000,4814345,4810228,1600000,4802716,1925797
2026-07-19T14:04:50.852923+00:00,2811674.792635,1,4.581543,5.921387,4.642090,94750,94750,8,4816058,1982456,4816037,4816058,4816048,4816052,2200000,2139690,4813822,4814861,4790402,4815732,2139793
2026-07-19T14:04:51.853385+00:00,2811675.793098,1,4.581543,5.921387,4.642090,94875,94875,7,4817487,1920624,4813529,4813532,4813526,4813531,4350000,1925859,4817487,4815872,1600000,4810879,2747385
2026-07-19T14:04:52.853023+00:00,2811676.792736,1,4.581543,5.921387,4.642090,94875,94875,6,4814469,1600000,4799171,4799179,4799179,4799125,1600000,1923310,1600000,4796035,4814469,1600000,2122726
2026-07-19T14:04:53.851336+00:00,2811677.791048,1,4.534668,5.889160,4.638184,94875,94875,8,4815140,1919385,4786843,4786840,4786843,4786834,1600000,1895848,4815140,4812412,4812067,4815032,2129684
2026-07-19T14:04:54.853391+00:00,2811678.793102,1,4.534668,5.889160,4.638184,94875,94875,5,4810231,1919988,4810231,4810208,4810216,4810228,1923727,1924325,1600000,4805032,1600000,1600000,1600000
2026-07-19T14:04:55.853162+00:00,2811679.792872,1,4.534668,5.889160,4.638184,94875,94875,8,4815581,1925820,4805170,4805158,4805165,4805162,2129333,1923418,4815581,4794591,4815232,4790857,2128944
2026-07-19T14:04:56.852986+00:00,2811680.792698,1,4.534668,5.889160,4.638184,94875,94875,7,4815040,1925300,4797416,4797411,4797397,4797404,1600000,1600000,1600000,4815040,4810715,4812139,1600000
2026-07-19T14:04:57.853594+00:00,2811681.793305,1,4.534668,5.889160,4.638184,94875,94875,8,4815877,1921855,4798546,4798549,4798555,4798611,1922379,1914552,4815544,4815424,4815877,4746585,1600000
2026-07-19T14:04:58.853095+00:00,2811682.792808,1,4.491699,5.857422,4.634277,94875,94875,6,4797014,1924074,4797013,4797014,4797002,4797007,1600000,1600000,4796683,4790951,1600000,1600000,1600000
2026-07-19T14:04:59.852859+00:00,2811683.792571,1,4.491699,5.857422,4.634277,94875,94875,8,4817421,1926387,4815994,4816007,4815997,4815996,1600000,1924699,4815736,4814721,4815837,4817421,2500393
2026-07-19T14:05:00.853499+00:00,2811684.793213,1,4.491699,5.857422,4.634277,95000,95000,8,4816598,1916315,4794991,4794984,4795005,4794950,1916206,1924476,4799531,4800247,4816598,4812599,1924295
2026-07-19T14:05:01.853163+00:00,2811685.792875,1,4.491699,5.857422,4.634277,95000,95000,6,4811615,1600000,4804485,4804485,4804486,4804486,1600000,1600000,1600000,4789798,1600000,4811615,1916593
2026-07-19T14:05:02.852792+00:00,2811686.792504,1,4.491699,5.857422,4.634277,95125,95125,7,4813266,1915449,4788608,4788619,4788636,4788636,2733446,1600000,1600000,4803407,4811659,4813266,2735036
2026-07-19T14:05:03.852350+00:00,2811687.792062,1,4.532715,5.842773,4.636719,95125,95125,8,4816048,1915303,4816048,4816011,4816039,4816042,1916444,1921557,4788406,4790555,4808544,4813998,1925978
2026-07-19T14:05:04.853169+00:00,2811688.792877,1,4.532715,5.842773,4.636719,95375,95375,10,4789217,2118336,4775422,4775414,4775409,4775424,4525521,2126794,4788058,4737419,4789195,4789217,4784216
2026-07-19T14:05:05.850397+00:00,2811689.790110,1,4.532715,5.842773,4.636719,95375,95375,7,4799147,1600000,4799138,4799106,4799147,4799112,1917671,1916032,1600000,4789297,4767155,4792281,1917024
2026-07-19T14:05:06.855317+00:00,2811690.795029,1,4.532715,5.842773,4.636719,95250,95250,8,4815122,1925863,4791084,4791102,4791093,4791088,2025389,1925933,4813846,4815122,4811863,4798637,2026320
2026-07-19T14:05:07.853179+00:00,2811691.792891,1,4.532715,5.842773,4.636719,95125,95125,8,4803789,2124591,4796383,4796391,4796391,4796394,1920876,1920269,4790707,4790997,4803789,4800551,1920849
2026-07-19T14:05:08.852954+00:00,2811692.792666,1,4.489746,5.812012,4.632812,95125,95125,6,4819502,1600000,4815961,4815948,4815949,4815958,1920131,1600000,4819502,1600000,1600000,4814747,1925750
2026-07-19T14:05:09.852908+00:00,2811693.792620,1,4.489746,5.812012,4.632812,95000,95000,8,4816023,2140136,4816014,4815979,4816023,4816022,1925869,2138907,4815586,4815119,4815547,4813028,1927039
2026-07-19T14:05:10.853272+00:00,2811694.792983,1,4.489746,5.812012,4.632812,95000,95000,8,4815999,1600000,4815958,4815953,4815955,4815947,2140365,1837814,4679080,4808763,4814995,4815999,2139633
2026-07-19T14:05:11.852934+00:00,2811695.792647,1,4.489746,5.812012,4.632812,95000,95000,6,4798508,1920394,4798496,4798507,4798503,4798508,1921139,1917735,4630105,4790217,1600000,1600000,1915081
2026-07-19T14:05:12.852977+00:00,2811696.792689,1,4.489746,5.812012,4.632812,95000,95000,8,4803599,1879250,4784972,4784995,4784927,4784995,2128912,1922642,4803599,4769888,4802073,4793768,2131595
2026-07-19T14:05:13.853320+00:00,2811697.793032,1,4.530762,5.798340,4.635254,95000,95000,8,4818030,1896679,4791396,4791320,4791380,4791395,1924563,1918800,4818030,4813332,4810103,4813642,1582715
2026-07-19T14:05:14.852989+00:00,2811698.792702,1,4.530762,5.798340,4.635254,95125,95125,8,4815991,1926019,4815980,4815985,4815991,4815988,2138862,1925650,4787657,4813760,4794194,4815190,1913393
2026-07-19T14:05:15.853083+00:00,2811699.792795,1,4.530762,5.798340,4.635254,95125,95125,5,4806431,1923766,4798577,4798434,4798573,4798621,2136876,1925802,1600000,4806431,1600000,1600000,2139433
2026-07-19T14:05:16.853320+00:00,2811700.793032,1,4.530762,5.798340,4.635254,95125,95125,7,4814802,1600000,4791403,4791387,4791384,4791395,1927062,1600000,4814802,4796508,4806912,1600000,1916688
2026-07-19T14:05:17.852996+00:00,2811701.792708,1,4.530762,5.798340,4.635254,95000,95000,8,4815961,1916483,4815948,4815961,4815953,4815958,1600000,1921819,4814684,4815109,4815216,4811108,1925534
2026-07-19T14:05:18.853092+00:00,2811702.792809,1,4.487793,5.768066,4.631836,95000,95000,7,4719876,1600000,4714655,4714543,4714681,4714677,1985382,1912587,4714675,4717100,1600000,4719876,2039611
2026-07-19T14:05:19.853412+00:00,2811703.793124,1,4.487793,5.768066,4.631836,95125,95125,6,4815944,1600000,4809472,4809483,4809480,4809475,1600000,1925196,1600000,4815944,1600000,4814641,1924358
2026-07-19T14:05:20.853039+00:00,2811704.792751,1,4.487793,5.768066,4.631836,95000,95000,8,4818922,2737925,4804725,4804716,4804727,4804722,1600000,2746641,4818922,4811882,4792081,4798399,2136679
2026-07-19T14:05:21.853070+00:00,2811705.792783,1,4.487793,5.768066,4.631836,95000,95000,8,4807959,1918844,4804614,4804605,4804642,4804637,1917683,1919369,4807959,4763952,4794706,4791962,1917894
2026-07-19T14:05:22.853459+00:00,2811706.793170,1,4.487793,5.768066,4.631836,95000,95000,8,4815352,1915858,4792375,4792331,4792391,4792385,1924443,1918802,4814796,4814093,4798056,4815352,1925215
2026-07-19T14:05:23.853093+00:00,2811707.792806,1,4.448730,5.738281,4.628418,95125,95125,8,4815871,2133855,4791087,4791082,4791107,4791099,1922960,1954529,4798719,4812084,4815871,4814302,1600000
2026-07-19T14:05:24.853246+00:00,2811708.792955,1,4.448730,5.738281,4.628418,95125,95125,8,4811527,1920636,4804910,4804933,4804940,4804942,1920584,1915237,4811527,4794591,4785824,4795322,2021334
2026-07-19T14:05:25.850500+00:00,2811709.790213,1,4.448730,5.738281,4.628418,95125,95125,7,4816597,1600000,4809388,4809401,4809391,4809388,1872046,1923188,4807402,1600000,4816597,4790724,1916925
2026-07-19T14:05:26.853104+00:00,2811710.792816,1,4.448730,5.738281,4.628418,95250,95250,8,4816045,1922894,4816040,4816045,4816037,4816037,1926106,1925712,4815184,4814528,4815960,4814487,1924634
2026-07-19T14:05:27.850435+00:00,2811711.790147,1,4.448730,5.738281,4.628418,95250,95250,6,4814946,1600000,4799284,4799295,4799329,4799295,1915417,1924015,4814946,1600000,4801536,1600000,1917013
2026-07-19T14:05:28.852988+00:00,2811712.792700,1,4.412598,5.708984,4.625000,95250,95250,7,4800022,1917936,4794251,4794208,4794247,4794256,2470017,1915903,4800022,4788543,4798316,1600000,2605584
2026-07-19T14:05:29.853232+00:00,2811713.792945,1,4.412598,5.708984,4.625000,95250,95250,7,4815722,2135141,4804074,4804100,4804074,4804080,2783738,2131968,4681200,4786836,4815722,2200000,2833369
2026-07-19T14:05:30.858882+00:00,2811714.798594,1,4.412598,5.708984,4.625000,95250,95250,8,4815492,1976680,4773969,4773954,4773955,4773951,2443691,2009218,4755755,4815492,2200000,4793128,4556115
2026-07-19T14:05:31.852970+00:00,2811715.792683,1,4.412598,5.708984,4.625000,95250,95250,8,4861515,4316456,4804309,4804306,4804283,4804152,2026347,2159742,4861515,4847523,4860745,4716441,2125315
2026-07-19T14:05:32.852613+00:00,2811716.792324,1,4.412598,5.708984,4.625000,95250,95250,8,4790823,2126793,4788592,4788579,4788594,4788569,2128256,2129239,4786345,4790823,4753922,4752891,2129437
2026-07-19T14:05:33.853250+00:00,2811717.792962,1,4.379395,5.680176,4.621582,95250,95250,8,4817612,2132854,4816040,4816012,4816020,4816020,1922806,1955043,4813937,4817612,4814012,4816022,1922128
2026-07-19T14:05:34.852979+00:00,2811718.792691,1,4.379395,5.680176,4.621582,95125,95125,8,4816073,1925640,4796076,4796066,4796070,4796078,2138506,1926360,4791972,4799720,4816073,4815909,2139781
2026-07-19T14:05:35.853617+00:00,2811719.793333,1,4.379395,5.680176,4.621582,95125,95125,7,4815994,1925994,4815994,4815982,4815985,4815993,1969532,1600000,4814006,4790801,4801746,1600000,2127773
2026-07-19T14:05:36.852893+00:00,2811720.792603,1,4.379395,5.680176,4.621582,95125,95125,7,4745863,1896473,4745744,4745737,4745744,4745863,2109227,1896283,4741114,4741222,4740981,1600000,2106993
2026-07-19T14:05:37.853084+00:00,2811721.792796,1,4.379395,5.680176,4.621582,95000,95000,8,4815225,1924856,4803788,4803781,4803785,4803776,2000193,1928509,4815153,4800821,4815225,4812924,1920302
2026-07-19T14:05:38.853406+00:00,2811722.793117,1,4.348633,5.651855,4.618164,95000,95000,8,4818468,1924524,4815960,4815964,4815957,4815966,2129121,1924498,4815322,4817437,4815948,4818468,2140402
2026-07-19T14:05:39.850536+00:00,2811723.790248,1,4.348633,5.651855,4.618164,95000,95000,8,4814705,1978783,4791625,4791614,4791627,4791629,1920671,1919031,4813890,4810242,4814705,4807798,2129271
2026-07-19T14:05:40.852962+00:00,2811724.792675,1,4.348633,5.651855,4.618164,95000,95000,8,4809126,1919178,4796110,4796097,4796089,4796101,1925195,1914127,4790486,4791356,4809126,4797853,1914593
2026-07-19T14:05:41.853383+00:00,2811725.793094,1,4.348633,5.651855,4.618164,95000,95000,8,4817521,1925167,4791433,4791429,4791426,4791435,1919352,1600000,4817521,4816638,4807335,4796580,1915927
2026-07-19T14:05:42.853089+00:00,2811726.792801,1,4.348633,5.651855,4.618164,95000,95000,8,4816299,1921153,4799438,4799432,4799434,4799430,1920535,1925449,4811767,4816299,4810427,4797920,1923290
2026-07-19T14:05:43.853144+00:00,2811727.792855,1,4.320312,5.624023,4.614746,95000,95000,8,4814137,1924703,4804536,4804514,4804504,4804510,1995330,1925366,4814137,4806211,4810100,4813635,1925863
2026-07-19T14:05:44.853423+00:00,2811728.793135,1,4.320312,5.624023,4.614746,95125,95125,8,4794751,1965337,4794751,4794742,4794735,4794749,2132998,1922953,4790481,4789813,4791519,4790438,2132025
2026-07-19T14:05:45.853014+00:00,2811729.792726,1,4.320312,5.624023,4.614746,95125,95125,7,4817274,1922531,4791089,4791089,4791091,4791074,1925196,1600000,4814245,4817274,4793714,1600000,1925728
2026-07-19T14:05:46.853020+00:00,2811730.792733,1,4.320312,5.624023,4.614746,95000,95000,8,4815534,1925629,4791175,4791183,4791182,4791182,1917133,1916831,4815534,4789647,4813669,4811461,1917408
2026-07-19T14:05:47.855883+00:00,2811731.795593,1,4.320312,5.624023,4.614746,95125,95125,12,4656850,4656757,4656811,4656806,4656812,4656744,4656811,4656814,4656815,4656820,4656787,4656850,4656675
2026-07-19T14:05:48.853071+00:00,2811732.792783,1,4.294434,5.596680,4.611328,95125,95125,7,4816056,1925846,4816056,4815974,4816039,4816036,2121496,1600000,4815699,4815937,1600000,4811488,2013904
2026-07-19T14:05:49.853197+00:00,2811733.792909,1,4.294434,5.596680,4.611328,95000,95000,6,4815993,1600000,4815993,4815989,4815974,4815977,1925034,1926291,1600000,4815875,4814933,1600000,1600000
2026-07-19T14:05:50.852935+00:00,2811734.792647,1,4.294434,5.596680,4.611328,95000,95000,7,4816879,1925425,4810533,4810528,4810521,4810527,4350000,1600000,4814086,4816879,4815145,1600000,2750280
2026-07-19T14:05:51.850726+00:00,2811735.790441,1,4.294434,5.596680,4.611328,95000,95000,8,4816031,1916044,4816017,4816020,4816031,4816018,1923587,1916102,4815593,4814977,4814103,4812586,1925064
2026-07-19T14:05:52.852994+00:00,2811736.792706,1,4.294434,5.596680,4.611328,95000,95000,8,4817561,1923951,4805487,4805492,4805499,4805446,1923221,1924183,4817561,4794885,4815554,4814501,1922915
2026-07-19T14:05:53.852992+00:00,2811737.792703,1,4.270508,5.569824,4.607910,95000,95000,7,4815982,1925935,4815982,4815934,4815981,4815978,1915121,1925958,1600000,4815419,4813781,4811296,2139608
2026-07-19T14:05:54.853209+00:00,2811738.792921,1,4.270508,5.569824,4.607910,95000,95000,8,4815376,1926049,4791057,4791067,4791060,4791058,1600000,1900288,4795005,4691424,4806613,4815376,1925020
2026-07-19T14:05:55.852967+00:00,2811739.792678,1,4.270508,5.569824,4.607910,95000,95000,8,4811501,2135572,4806349,4806344,4806333,4806396,1917950,2137854,4808411,4788749,4811501,4792589,1925597
2026-07-19T14:05:56.853004+00:00,2811740.792717,1,4.270508,5.569824,4.607910,95000,95000,8,4815987,1926132,4815980,4815987,4815980,4815984,2008777,1917868,4815468,4815063,4753235,4783295,1600000
2026-07-19T14:05:57.853223+00:00,2811741.792935,1,4.270508,5.569824,4.607910,95125,95125,5,4815209,1922655,4800978,4800981,4800971,4800952,1600000,1913351,2200000,4815209,1600000,1600000,1916174
2026-07-19T14:05:58.852932+00:00,2811742.792644,1,4.248535,5.543457,4.604492,95125,95125,6,4815956,1924824,4815956,4815943,4815941,4815955,1600000,1925713,4809106,4810570,1600000,1600000,2139015
2026-07-19T14:05:59.853008+00:00,2811743.792717,1,4.248535,5.543457,4.604492,95000,95000,8,4816860,1912990,4798592,4798604,4798543,4798603,1600000,2095159,4759140,4816860,4808998,4779181,1926402
2026-07-19T14:06:00.853717+00:00,2811744.793429,1,4.248535,5.543457,4.604492,95125,95125,8,4812919,2129718,4791091,4791107,4791096,4791098,1916390,2123255,4812919,4793801,4791483,4791768,1916937
2026-07-19T14:06:01.852942+00:00,2811745.792655,1,4.248535,5.543457,4.604492,95125,95125,8,4811857,1924746,4805736,4805735,4805726,4805763,1600000,1600000,4793865,4791167,4795348,4811857,2200000
2026-07-19T14:06:02.853769+00:00,2811746.793481,1,4.248535,5.543457,4.604492,95125,95125,7,4820407,1921312,4817575,4817576,4817639,4817645,1600000,1916516,4791959,4820407,4778606,1600000,1916126
2026-07-19T14:06:03.853383+00:00,2811747.793095,1,4.389160,5.551270,4.612305,95125,95125,8,4801086,1912777,4791035,4791041,4791057,4791051,1912858,1918991,4801086,4763778,4779465,4767759,1905768
2026-07-19T14:06:04.853079+00:00,2811748.792791,1,4.389160,5.551270,4.612305,95125,95125,6,4813936,1925192,4806735,4806697,4806722,4806728,1600000,1915638,1600000,4813936,1600000,4812132,1924035
2026-07-19T14:06:05.852987+00:00,2811749.792699,1,4.389160,5.551270,4.612305,95125,95125,7,4817800,1916735,4817729,4817747,4817752,4817800,1927860,1926546,1600000,4793317,4793362,4789078,1918358
2026-07-19T14:06:06.853399+00:00,2811750.793111,1,4.389160,5.551270,4.612305,95125,95125,7,4816876,1923838,4816061,4816063,4816036,4816054,1923657,1931162,4816876,4815749,4795636,1600000,1866289
2026-07-19T14:06:07.852984+00:00,2811751.792696,1,4.389160,5.551270,4.612305,95125,95125,8,4811439,2136769,4805130,4805084,4805090,4805106,2137201,1600000,4811439,4806091,4808885,4770419,2130627
2026-07-19T14:06:08.852604+00:00,2811752.792316,1,4.357910,5.525391,4.608887,95125,95125,7,4805450,2121332,4796124,4796110,4796111,4796130,1915804,1914478,4805450,4790760,4790585,1600000,1915454
2026-07-19T14:06:09.851356+00:00,2811753.791072,1,4.357910,5.525391,4.608887,95125,95125,6,4811912,1925337,4798541,4798523,4798527,4798532,1600000,1600000,4793315,4811912,1600000,1600000,1925219
2026-07-19T14:06:10.853040+00:00,2811754.792751,1,4.357910,5.525391,4.608887,95000,95000,5,4797372,1922986,4797335,4797332,4797372,4797324,1600000,1915642,1600000,4790897,1600000,1600000,1923775
2026-07-19T14:06:11.853053+00:00,2811755.792770,1,4.357910,5.525391,4.608887,95000,95000,6,4813462,2134295,4798574,4798579,4798576,4798577,1916006,1921507,4813462,4810258,1600000,1600000,1921849
2026-07-19T14:06:12.853915+00:00,2811756.793628,1,4.357910,5.525391,4.608887,95000,95000,7,4815163,1922169,4792562,4792546,4792534,4792479,1925674,1925066,4814499,4815163,4785025,1600000,1925601
2026-07-19T14:06:13.853084+00:00,2811757.792795,1,4.409668,5.516602,4.611328,95000,95000,8,4816061,2139748,4816055,4816048,4816046,4816061,1924358,1937650,4806987,4815359,4813653,4813566,1925644
2026-07-19T14:06:14.852695+00:00,2811758.792405,1,4.409668,5.516602,4.611328,95125,95125,10,4703249,4652575,4649839,4649891,4649863,4649845,2082561,4668959,4667730,4668341,4703249,4673175,2067695
2026-07-19T14:06:15.850796+00:00,2811759.790508,1,4.409668,5.516602,4.611328,95125,95125,7,4814892,1931279,4798634,4798617,4798627,4798677,1925044,1924746,4812540,4814892,4812752,1600000,1925736
2026-07-19T14:06:16.853131+00:00,2811760.792843,1,4.409668,5.516602,4.611328,95000,95000,7,4815286,1926499,4807998,4807992,4807956,4808007,1926461,1923525,4815286,4808871,1600000,4811791,1925753
2026-07-19T14:06:17.850597+00:00,2811761.790310,1,4.409668,5.516602,4.611328,95125,95125,8,4685070,4293568,4607097,4607142,4607180,4607140,2644797,2695648,4607123,4627653,4685070,4670307,2621021
2026-07-19T14:06:18.853023+00:00,2811762.792735,1,4.457031,5.507812,4.613770,95250,95250,7,4812980,1600000,4798598,4798604,4798590,4798560,1914167,1600000,4787776,4811667,4812980,1600000,1924355
2026-07-19T14:06:19.853565+00:00,2811763.793282,1,4.457031,5.507812,4.613770,95250,95250,8,4817676,1925182,4808317,4808323,4808328,4808292,2750824,2130536,4817676,4816419,4808883,4815576,4350000
2026-07-19T14:06:20.850447+00:00,2811764.790162,1,4.457031,5.507812,4.613770,95250,95250,8,4783991,3802963,4737307,4737296,4737290,4737293,2080035,3371448,4744187,4592160,4783991,4700072,2107835
2026-07-19T14:06:21.853019+00:00,2811765.792731,1,4.457031,5.507812,4.613770,95250,95250,8,4817104,1925706,4816001,4816003,4816003,4815995,1925732,1926112,4816133,4815003,4722031,4817104,1925644
2026-07-19T14:06:22.854617+00:00,2811766.794330,1,4.457031,5.507812,4.613770,95250,95250,8,4764423,1932731,4691606,4691604,4691589,4691599,1916794,1907110,4742840,4732490,4691598,4764423,1900798
2026-07-19T14:06:23.852828+00:00,2811767.792536,1,4.420410,5.482422,4.610352,95250,95250,8,4773578,1905987,4773575,4773573,4773578,4773573,2118620,1915971,4768478,4765263,4768737,4765416,2129868
2026-07-19T14:06:24.852956+00:00,2811768.792667,1,4.420410,5.482422,4.610352,95250,95250,8,4791074,2134300,4791074,4791052,4791062,4791054,1915963,1600000,4790470,4790336,4790108,4788427,1916531
2026-07-19T14:06:25.853336+00:00,2811769.793045,1,4.420410,5.482422,4.610352,95250,95250,8,4791071,2128959,4791054,4791059,4791046,4791057,2437936,2129085,4790769,4790824,4791031,4791071,2548872
2026-07-19T14:06:26.852891+00:00,2811770.792603,1,4.420410,5.482422,4.610352,95250,95250,8,4814771,1917937,4788620,4788618,4788610,4788604,2128104,2637101,4814771,4790872,4792185,4770703,2137515
2026-07-19T14:06:27.852993+00:00,2811771.792705,1,4.420410,5.482422,4.610352,95125,95125,8,4791050,1914564,4791042,4791030,4791039,4791050,2129186,1916859,4785582,4787986,4788734,4789208,2126060
2026-07-19T14:06:28.853371+00:00,2811772.793084,1,4.467285,5.474121,4.612793,95125,95125,8,4812292,1914018,4789874,4789868,4789873,4789921,1907614,1600000,4790046,4766708,4773466,4812292,1840542
2026-07-19T14:06:29.852947+00:00,2811773.792658,1,4.467285,5.474121,4.612793,95250,95250,8,4818988,1926400,4815996,4815997,4816006,4816001,1917959,1920274,4794096,4815971,4818988,4795265,2139216
2026-07-19T14:06:30.853779+00:00,2811774.793491,1,4.467285,5.474121,4.612793,95250,95250,6,4821921,1974319,4814333,4814337,4814355,4814350,1927964,2125276,4821921,4814588,1600000,1600000,1932858
2026-07-19T14:06:31.853414+00:00,2811775.793127,1,4.467285,5.474121,4.612793,95250,95250,8,4815760,1926501,4801999,4802005,4802014,4802005,1925197,1926652,4815760,4800928,4797729,4813373,1925058
2026-07-19T14:06:32.853084+00:00,2811776.792797,1,4.467285,5.474121,4.612793,95250,95250,7,4816026,1924763,4792154,4792161,4792163,4792096,2064492,1922804,4816026,4810985,4798040,1600000,1923746
2026-07-19T14:06:33.852996+00:00,2811777.792709,1,4.429688,5.449219,4.609375,95250,95250,8,4815430,1920934,4791204,4791207,4791220,4791219,2128094,1922687,4769973,4815430,4777817,4773176,2138275
2026-07-19T14:06:34.850421+00:00,2811778.790133,1,4.429688,5.449219,4.609375,95125,95125,8,4812111,1925707,4791132,4791116,4791123,4791125,1600000,1926470,4796900,4812111,4794857,4797341,1925192
2026-07-19T14:06:35.850664+00:00,2811779.790376,1,4.429688,5.449219,4.609375,95250,95250,8,4837000,1934842,4832372,4832374,4832364,4832364,1934314,1929810,4837000,4803617,4836588,4833512,1935725
2026-07-19T14:06:36.852966+00:00,2811780.792677,1,4.429688,5.449219,4.609375,95250,95250,6,4796996,1924275,4791143,4791079,4791090,4791086,1600000,1923112,4793532,4796996,1600000,1600000,1924215
2026-07-19T14:06:37.853151+00:00,2811781.792863,1,4.429688,5.449219,4.609375,95125,95125,8,4815937,1925108,4791080,4791014,4791088,4791067,1600000,1924186,4794844,4793995,4814223,4815937,1866899
2026-07-19T14:06:38.853148+00:00,2811782.792860,1,4.395020,5.424805,4.605957,95125,95125,8,4815981,2129197,4792793,4792803,4792816,4792802,1924741,2138312,4814954,4815981,4815879,4807224,1921816
2026-07-19T14:06:39.853098+00:00,2811783.792812,1,4.395020,5.424805,4.605957,95125,95125,8,4812542,1600000,4797853,4797910,4797906,4797904,1600000,2135558,4794427,4812542,4807417,4798293,1600000
2026-07-19T14:06:40.853558+00:00,2811784.793271,1,4.395020,5.424805,4.605957,95125,95125,8,4814194,2134935,4796111,4796084,4796109,4796129,1910052,2113100,4791489,4810541,4814194,4789382,1915441
2026-07-19T14:06:41.853193+00:00,2811785.792905,1,4.395020,5.424805,4.605957,95125,95125,8,4816209,1924968,4808164,4808338,4808155,4808147,2139606,1600000,4816209,4795436,4814840,4793200,2140395
2026-07-19T14:06:42.852932+00:00,2811786.792644,1,4.395020,5.424805,4.605957,95125,95125,8,4813680,1925731,4790703,4790705,4790713,4790711,2130775,1922992,4810944,4809304,4813680,4763785,2138186
2026-07-19T14:06:43.852965+00:00,2811787.792676,1,4.363281,5.400879,4.602539,95000,95000,8,4815300,2135569,4793297,4793301,4793292,4793304,1940132,2127044,4791586,4811615,4815300,4811527,2109620
2026-07-19T14:06:44.853247+00:00,2811788.792958,1,4.363281,5.400879,4.602539,95000,95000,8,4816336,1924962,4816043,4816052,4816052,4816053,1924467,1600000,4815667,4816336,4810616,4815666,1925827
2026-07-19T14:06:45.852981+00:00,2811789.792692,1,4.363281,5.400879,4.602539,95000,95000,7,4811790,1923928,4798645,4798601,4798587,4798609,2200000,1925449,4804879,4807970,1600000,4811790,2139960
2026-07-19T14:06:46.850461+00:00,2811790.790172,1,4.363281,5.400879,4.602539,95000,95000,7,4815996,1925407,4815986,4815986,4815996,4815993,1912878,1922982,4812593,4795929,4794674,1600000,1925893
2026-07-19T14:06:47.853290+00:00,2811791.793002,1,4.363281,5.400879,4.602539,95000,95000,8,4815739,1926151,4795921,4795933,4795924,4795994,2129062,1952268,4786042,4815739,4790632,4790747,2130752
2026-07-19T14:06:48.854127+00:00,2811792.793840,1,4.333984,5.377441,4.599121,95000,95000,8,4816148,2140166,4798598,4798611,4798614,4798601,1925544,2138728,4813883,4814203,4815101,4816148,1926385
2026-07-19T14:06:49.852881+00:00,2811793.792593,1,4.333984,5.377441,4.599121,95000,95000,8,4816020,1923821,4815998,4816001,4816017,4816020,2002818,1926408,4815881,4815419,4815243,4815571,2020918
2026-07-19T14:06:50.851120+00:00,2811794.790834,1,4.333984,5.377441,4.599121,95000,95000,6,4810385,2366006,4810385,4810334,4810329,4810321,2130410,2180142,4789540,4806204,1600000,1600000,1600000
2026-07-19T14:06:51.852961+00:00,2811795.792673,1,4.333984,5.377441,4.599121,95000,95000,8,4820873,1918613,4799143,4799144,4799151,4799140,2134441,1923631,4816051,4816265,4813633,4820873,2137206
2026-07-19T14:06:52.853080+00:00,2811796.792793,1,4.333984,5.377441,4.599121,95000,95000,8,4816081,2275097,4794979,4794962,4794968,4794970,2019528,2212811,4812874,4805805,4813813,4816081,2027897
2026-07-19T14:06:53.853397+00:00,2811797.793108,1,4.307129,5.354492,4.595703,95125,95125,8,4795132,2094541,4786771,4786860,4786845,4786846,1916692,1922692,4795132,4780009,4792884,4784139,1921557
2026-07-19T14:06:54.850565+00:00,2811798.790277,1,4.307129,5.354492,4.595703,95125,95125,8,4815659,2658001,4806890,4806936,4806929,4806895,2132276,2606410,4815659,4792076,4812013,4811680,2134358
2026-07-19T14:06:55.850198+00:00,2811799.789910,1,4.307129,5.354492,4.595703,95000,95000,8,4816014,1925108,4816007,4816014,4816006,4816004,2129511,1925886,4812501,4809478,4815888,4643639,2140022
2026-07-19T14:06:56.852765+00:00,2811800.792477,1,4.307129,5.354492,4.595703,95000,95000,8,4814339,3085196,4791092,4791118,4791130,4791113,2770111,2895991,4797712,4814339,4793199,4798108,2936671
2026-07-19T14:06:57.853040+00:00,2811801.792752,1,4.307129,5.354492,4.595703,95000,95000,8,4816061,1918503,4816046,4816047,4816051,4816061,1600000,1917634,4808816,4810528,4814583,4812586,1600000
2026-07-19T14:06:58.853134+00:00,2811802.792846,1,4.362793,5.348145,4.598145,95000,95000,7,4816006,1925449,4816003,4815990,4815991,4816006,2329754,1920989,4799807,4816002,4815995,1600000,1918371
2026-07-19T14:06:59.850297+00:00,2811803.790006,1,4.362793,5.348145,4.598145,95125,95125,7,4815981,1932045,4815981,4815976,4815980,4815964,1926387,1957735,4815788,4814740,2200000,4799905,1928297
2026-07-19T14:07:00.853097+00:00,2811804.792809,1,4.362793,5.348145,4.598145,95125,95125,6,4814730,1920095,4798584,4798598,4798554,4798568,1600000,1916087,4814130,1600000,4814730,1600000,1924638
2026-07-19T14:07:01.852832+00:00,2811805.792544,1,4.362793,5.348145,4.598145,95125,95125,8,4815450,2134123,4797719,4797705,4797710,4797665,2752196,2741753,4814904,4814228,4814355,4815450,3018093
2026-07-19T14:07:02.853553+00:00,2811806.793265,1,4.362793,5.348145,4.598145,95125,95125,8,4799559,1957218,4798621,4798570,4798559,4798554,1919153,1943766,4779141,4774415,4799559,4785218,1991591
2026-07-19T14:07:03.856737+00:00,2811807.796445,1,4.333496,5.325684,4.594727,95250,95250,7,4816052,1920675,4816047,4816049,4816037,4816052,1917540,1925716,4813839,4814430,4801048,1600000,1600000
2026-07-19T14:07:04.852991+00:00,2811808.792704,1,4.333496,5.325684,4.594727,95125,95125,8,4818375,2138977,4816052,4816047,4816059,4816050,1600000,1906167,4808949,4817476,4818375,4813830,1918360
2026-07-19T14:07:05.852411+00:00,2811809.792121,1,4.333496,5.325684,4.594727,95125,95125,8,4810418,1916608,4801474,4801483,4801480,4801478,1600000,1923979,4808206,4798270,4810418,4765851,1917135
2026-07-19T14:07:06.853216+00:00,2811810.792928,1,4.333496,5.325684,4.594727,95125,95125,7,4814338,1924787,4800737,4800670,4800728,4800733,1918815,1924596,1600000,4812578,4795414,4814338,1600000
2026-07-19T14:07:07.850600+00:00,2811811.790311,1,4.333496,5.325684,4.594727,95125,95125,7,4816869,1925015,4805838,4805845,4805828,4805809,1921502,1600000,4816827,4803571,4816869,1600000,1600000
2026-07-19T14:07:08.852980+00:00,2811812.792692,1,4.387207,5.319824,4.597168,95000,95000,6,4814905,1926072,4791138,4791084,4791082,4791142,1917507,1916961,1600000,4791452,4814905,1600000,1923111
2026-07-19T14:07:09.850298+00:00,2811813.790008,1,4.387207,5.319824,4.597168,95000,95000,8,4791281,1890117,4716526,4716611,4716494,4716488,4716552,1892655,4648987,4105166,4791281,4742669,4287371
2026-07-19T14:07:10.850499+00:00,2811814.790214,1,4.387207,5.319824,4.597168,95125,95125,8,4790805,2128972,4773643,4773657,4773642,4773652,2127854,2128794,4789729,4790805,4764068,4790238,2127701
2026-07-19T14:07:11.852974+00:00,2811815.792686,1,4.387207,5.319824,4.597168,95125,95125,5,4800904,1892654,4800904,4800902,4800899,4800903,1899562,1924035,1600000,4782361,1600000,1600000,1875888
2026-07-19T14:07:12.853285+00:00,2811816.792998,1,4.387207,5.319824,4.597168,95125,95125,8,4817195,1919521,4798532,4798517,4798529,4798522,1925445,1924598,4816082,4802270,4817195,4810732,1918254
2026-07-19T14:07:13.855297+00:00,2811817.795009,1,4.997070,5.431152,4.637207,95000,95000,6,4815426,1921292,4805372,4805372,4805378,4805366,1924797,1925514,4810666,4815426,1600000,1600000,1921611
2026-07-19T14:07:14.850641+00:00,2811818.790353,1,4.997070,5.431152,4.637207,95000,95000,8,4815221,2133213,4789482,4789456,4789483,4789462,1923785,2133959,4800812,4785531,4815221,4813623,1922432
2026-07-19T14:07:15.853363+00:00,2811819.793074,1,4.997070,5.431152,4.637207,95000,95000,8,4816765,1923548,4816062,4816057,4816056,4816051,2130325,1925872,4816765,4795608,4815603,4811855,2136710
2026-07-19T14:07:16.853010+00:00,2811820.792723,1,4.997070,5.431152,4.637207,95000,95000,8,4816151,1925365,4816042,4816050,4816032,4816047,2059433,1906947,4816033,4815285,4816151,4744793,2030922
2026-07-19T14:07:17.853106+00:00,2811821.792818,1,4.997070,5.431152,4.637207,95125,95125,8,4815292,2139734,4796832,4796823,4796827,4796817,1925105,2129827,4813984,4809946,4812992,4815292,1925348
2026-07-19T14:07:18.850414+00:00,2811822.790127,1,4.916992,5.407227,4.633301,95000,95000,8,4813915,2137353,4792719,4792723,4792712,4792721,2092531,2135523,4540456,4808716,4810515,4813915,1918820
2026-07-19T14:07:19.853099+00:00,2811823.792811,1,4.916992,5.407227,4.633301,95000,95000,8,4812681,2743348,4788634,4788640,4788631,4788653,2125834,2731268,4798943,4812681,4791659,4804110,2134549
2026-07-19T14:07:20.850249+00:00,2811824.789963,1,4.916992,5.407227,4.633301,95125,95125,8,4837375,1970329,4804883,4804882,4804892,4804889,2146568,2140487,4837133,4834005,4832787,4837375,2002535
2026-07-19T14:07:21.855157+00:00,2811825.794872,1,4.916992,5.407227,4.633301,95125,95125,8,4810989,2137620,4802326,4802340,4802335,4802321,2091010,2133322,4805477,4800764,4810989,4790080,1923154
2026-07-19T14:07:22.853176+00:00,2811826.792885,1,4.916992,5.407227,4.633301,95125,95125,8,4796073,2126727,4796059,4796069,4796073,4796072,1905963,2117109,4785593,4787388,4788996,4788686,1915916
2026-07-19T14:07:23.850267+00:00,2811827.789978,1,4.923828,5.400391,4.635742,95125,95125,8,4816055,1925914,4816055,4816055,4816045,4816048,1926415,1926338,4814886,4815961,4815169,4815527,1926022
2026-07-19T14:07:24.853559+00:00,2811828.793272,1,4.923828,5.400391,4.635742,95125,95125,8,4815097,1923390,4810030,4810021,4810026,4810029,2140048,1925585,4814547,4815097,4813038,4814528,1951847
2026-07-19T14:07:25.861813+00:00,2811829.801525,1,4.923828,5.400391,4.635742,95125,95125,8,4815543,1944721,4807611,4807606,4807625,4807580,2140121,2096032,4815543,4815268,4815342,4814961,2140001
2026-07-19T14:07:26.853122+00:00,2811830.792833,1,4.923828,5.400391,4.635742,95125,95125,8,4815597,1925591,4805329,4805317,4805324,4805317,1926460,1925812,4720528,4814578,4815597,4815234,2095471
2026-07-19T14:07:27.853598+00:00,2811831.793311,1,4.923828,5.400391,4.635742,95125,95125,8,4816459,1944523,4792195,4792187,4792193,4792081,2138418,2016931,4810149,4816459,4787612,4814148,2140244
2026-07-19T14:07:28.853163+00:00,2811832.792875,1,4.930176,5.393555,4.638184,95125,95125,8,4798536,1901782,4798501,4798495,4798536,4798443,2112590,1912096,4731325,4779952,4771024,4765915,2101469
2026-07-19T14:07:29.852783+00:00,2811833.792494,1,4.930176,5.393555,4.638184,95125,95125,8,4816044,1922677,4798055,4798006,4798069,4798060,1926037,1926069,4816044,4796753,4795621,4815181,1924274
2026-07-19T14:07:30.850176+00:00,2811834.789888,1,4.930176,5.393555,4.638184,95250,95250,8,4816001,2081765,4815997,4816001,4815985,4815994,1925887,2088364,4815505,4811933,4815250,4814471,1925826
2026-07-19T14:07:31.853187+00:00,2811835.792900,1,4.930176,5.393555,4.638184,95125,95125,8,4816197,2138671,4791167,4791114,4791101,4791103,1924917,2140005,4795488,4816197,4797516,4808212,1917246
2026-07-19T14:07:32.850402+00:00,2811836.790114,1,4.930176,5.393555,4.638184,95125,95125,8,4816262,1600000,4816044,4816046,4816070,4816052,1600000,1926382,4800994,4807928,4815649,4816262,1918224
2026-07-19T14:07:33.852958+00:00,2811837.792669,1,4.855469,5.370117,4.634277,95000,95000,8,4815274,2133670,4788592,4788587,4788600,4788591,1979848,2140466,4815274,4801107,4791021,4804533,1922098
2026-07-19T14:07:34.853350+00:00,2811838.793064,1,4.855469,5.370117,4.634277,95000,95000,8,4815632,1924344,4803530,4803546,4803497,4803508,2137872,1922825,4815507,4810254,4807086,4815632,2130522
2026-07-19T14:07:35.850852+00:00,2811839.790568,1,4.855469,5.370117,4.634277,95000,95000,7,4814903,1925546,4798635,4798633,4798641,4798591,1934911,1925318,4794458,4811484,1600000,4814903,2067871
2026-07-19T14:07:36.850167+00:00,2811840.789879,1,4.855469,5.370117,4.634277,95000,95000,7,4796113,2139891,4796070,4796106,4796110,4796113,2127347,1915411,4786934,4788863,4790391,1600000,2126431
2026-07-19T14:07:37.852566+00:00,2811841.792279,1,4.855469,5.370117,4.634277,95125,95125,8,4816034,1912088,4816016,4816034,4816019,4816010,1925504,1925912,4725717,4796037,4815406,4803137,1904143
2026-07-19T14:07:38.852957+00:00,2811842.792669,1,4.786621,5.347168,4.630859,95000,95000,7,4816016,1925207,4816006,4816016,4816000,4816014,1600000,1600000,4800954,4812546,4814990,2200000,1925703
2026-07-19T14:07:39.850400+00:00,2811843.790112,1,4.786621,5.347168,4.630859,95000,95000,8,4816000,1925910,4815988,4815990,4815998,4816000,1928578,1926072,4815889,4814680,4815469,4815982,1925958
2026-07-19T14:07:40.853377+00:00,2811844.793089,1,4.786621,5.347168,4.630859,95000,95000,8,4802443,2094862,4791109,4791110,4791165,4791106,2004544,2139388,4788925,4802443,4790368,4795573,1924916
2026-07-19T14:07:41.853095+00:00,2811845.792807,1,4.786621,5.347168,4.630859,95000,95000,7,4815276,1923303,4787425,4787427,4787442,4787433,1923573,1924233,4805470,4811065,4815276,1600000,1925057
2026-07-19T14:07:42.852861+00:00,2811846.792573,1,4.786621,5.347168,4.630859,95000,95000,10,4785746,4567003,4766867,4766875,4766874,4766949,2086609,4564601,4753368,4785746,4741328,4741192,2113337
2026-07-19T14:07:43.850461+00:00,2811847.790176,1,4.723145,5.324707,4.627441,95000,95000,7,4818197,2129826,4791053,4791052,4791052,4791103,1600000,1978453,4799181,1600000,4816355,4818197,1925394
2026-07-19T14:07:44.853054+00:00,2811848.792767,1,4.723145,5.324707,4.627441,94875,94875,6,4816054,1925350,4816047,4816049,4816054,4816053,1916155,1992431,1600000,4814917,1600000,4809302,1922542
2026-07-19T14:07:45.853052+00:00,2811849.792763,1,4.723145,5.324707,4.627441,95000,95000,8,4816062,1923017,4816041,4816054,4816062,4816056,1600000,1926281,4815403,4810508,4792495,4793365,1925463
2026-07-19T14:07:46.853442+00:00,2811850.793154,1,4.723145,5.324707,4.627441,95000,95000,6,4815498,1916171,4802170,4802170,4802172,4802219,1923549,1916303,1600000,4791173,1600000,4815498,1921104
2026-07-19T14:07:47.853062+00:00,2811851.792774,1,4.723145,5.324707,4.627441,95000,95000,8,4809476,1915468,4804548,4804585,4804553,4804544,1913600,1924450,4808622,4802808,4809476,4785469,2138008
2026-07-19T14:07:48.850277+00:00,2811852.789989,1,4.665039,5.302246,4.624023,95000,95000,6,4817882,2129494,4816043,4816049,4816053,4816050,1600000,1600000,4803358,4817882,1600000,1600000,1925964
2026-07-19T14:07:49.853529+00:00,2811853.793241,1,4.665039,5.302246,4.624023,95000,95000,7,4797360,1925234,4796077,4796066,4796067,4796065,1924610,1600000,4797360,4791600,1600000,4786743,1600000
2026-07-19T14:07:50.853122+00:00,2811854.792834,1,4.665039,5.302246,4.624023,95000,95000,7,4818161,1600000,4816009,4815999,4816003,4816008,1600000,1925244,4815568,4792466,4818161,1600000,1925009
2026-07-19T14:07:51.853258+00:00,2811855.792970,1,4.665039,5.302246,4.624023,95000,95000,6,4797952,1917523,4797952,4797940,4797923,4797915,2139196,1600000,4790429,4796715,1600000,1600000,2132137
2026-07-19T14:07:52.853587+00:00,2811856.793299,1,4.665039,5.302246,4.624023,94875,94875,6,4819966,1600000,4798537,4798540,4798583,4798584,1922172,1925491,1600000,4819966,1600000,4810722,1600000
2026-07-19T14:07:53.853170+00:00,2811857.792882,1,4.611328,5.280273,4.620605,94875,94875,8,4800644,2132828,4800635,4800644,4800629,4800616,2028678,2130959,4795055,4792988,4799892,4791529,1918336
2026-07-19T14:07:54.850392+00:00,2811858.790104,1,4.611328,5.280273,4.620605,95000,95000,8,4811553,1919758,4791110,4791103,4791106,4791108,1600000,1915062,4808943,4806841,4789715,4811553,2078534
2026-07-19T14:07:55.853005+00:00,2811859.792717,1,4.611328,5.280273,4.620605,95000,95000,7,4829689,1926047,4798554,4798567,4798549,4798547,1600000,1923503,1600000,4816131,4829689,4799667,1924648
2026-07-19T14:07:56.853252+00:00,2811860.792963,1,4.611328,5.280273,4.620605,94875,94875,8,4815413,1925816,4800983,4800975,4800984,4800946,1955793,1951895,4814767,4815413,4794664,4803112,2021054
2026-07-19T14:07:57.850439+00:00,2811861.790151,1,4.611328,5.280273,4.620605,95000,95000,7,4815664,1925321,4806085,4805894,4806092,4806068,1925905,1600000,4815664,4814865,4814597,4318618,1923375
2026-07-19T14:07:58.850649+00:00,2811862.790361,1,4.722656,5.292480,4.628418,95000,95000,7,4817506,1917127,4791115,4791117,4791113,4791112,1925395,2089497,4817506,4806995,4798935,1600000,1917007
2026-07-19T14:07:59.850284+00:00,2811863.789994,1,4.722656,5.292480,4.628418,94875,94875,5,4798608,2136489,4798538,4798608,4798560,4798594,1924363,2022910,1600000,1600000,4790004,1600000,1600000
2026-07-19T14:08:00.853289+00:00,2811864.793005,1,4.722656,5.292480,4.628418,95000,95000,7,4805480,1919200,4805467,4805452,4805480,4805456,2073057,1923931,4790386,4779221,4727897,1600000,1924391
2026-07-19T14:08:01.853113+00:00,2811865.792825,1,4.722656,5.292480,4.628418,95000,95000,7,4815993,1906459,4815992,4815973,4815988,4815993,1983294,1926045,4722823,4815512,4813126,1600000,1925244
2026-07-19T14:08:02.853655+00:00,2811866.793371,1,4.722656,5.292480,4.628418,95000,95000,8,4817316,1918541,4790928,4791005,4790995,4790998,2109264,1920339,4817316,4816923,4796701,4741052,2132365
2026-07-19T14:08:03.850604+00:00,2811867.790316,1,4.745117,5.287598,4.630859,95125,95125,8,4813452,2055082,4799231,4799224,4799227,4799235,2074478,2137078,4790186,4786616,4813452,4791669,2129308
2026-07-19T14:08:04.853173+00:00,2811868.792885,1,4.745117,5.287598,4.630859,95125,95125,8,4816886,1925670,4798550,4798604,4798591,4798601,1958536,1924966,4791006,4816581,4816886,4797662,1916200
2026-07-19T14:08:05.850974+00:00,2811869.790685,1,4.745117,5.287598,4.630859,95000,95000,8,4816048,1981987,4816031,4816035,4816038,4816048,1925547,1925245,4810395,4815122,4813413,4800200,1926070
2026-07-19T14:08:06.850607+00:00,2811870.790319,1,4.745117,5.287598,4.630859,95250,95250,8,4790993,2130944,4767124,4767119,4767121,4767104,2118646,2121632,4790993,4767603,4789675,4770454,2119370
2026-07-19T14:08:07.852921+00:00,2811871.792633,1,4.745117,5.287598,4.630859,95250,95250,6,4812539,1996082,4804620,4804557,4804608,4804612,1923469,1600000,4812539,1600000,4811325,1600000,1926154
2026-07-19T14:08:08.853438+00:00,2811872.793145,1,4.925781,5.316406,4.644043,95125,95125,8,4809814,2080720,4794905,4794914,4794931,4794920,2114413,2113116,4791099,4809814,4778129,4793346,2104307
2026-07-19T14:08:09.853040+00:00,2811873.792753,1,4.925781,5.316406,4.644043,95125,95125,7,4816064,1925832,4816064,4816050,4816057,4816042,2049943,1600000,4791266,1600000,4815879,4804063,2132079
2026-07-19T14:08:10.852834+00:00,2811874.792545,1,4.925781,5.316406,4.644043,95125,95125,8,4789657,1909432,4773598,4773533,4773592,4773591,2121864,1913843,4785293,4769478,4789657,4788055,2116157
2026-07-19T14:08:11.871892+00:00,2811875.811601,1,4.925781,5.316406,4.644043,95250,95250,11,4809181,3477250,4802136,4802227,4802141,4802143,4797812,4419322,4809181,4794934,4797915,4791969,4805912
2026-07-19T14:08:12.853087+00:00,2811876.792801,1,4.925781,5.316406,4.644043,95000,95000,8,4816049,1961935,4816035,4816049,4816047,4816049,2139482,1600000,4815219,4813809,4805969,4815502,2139467
2026-07-19T14:08:13.852836+00:00,2811877.792549,1,4.932129,5.311035,4.645996,94875,94875,8,4816793,2126576,4791132,4791131,4791042,4791051,1963834,2139942,4816793,4815922,4805176,4815090,1948235
2026-07-19T14:08:14.852910+00:00,2811878.792623,1,4.932129,5.311035,4.645996,94875,94875,6,4814950,1925398,4801802,4801810,4801817,4801795,1920819,1600000,1600000,4814950,4789306,1600000,1916713
2026-07-19T14:08:15.853249+00:00,2811879.792960,1,4.932129,5.311035,4.645996,95125,95125,7,4837873,1925556,4789223,4789230,4789221,4789227,1925949,1960023,4810847,4801097,1600000,4837873,1600000
2026-07-19T14:08:16.853062+00:00,2811880.792773,1,4.932129,5.311035,4.645996,95000,95000,7,4813857,1921442,4799068,4799060,4799119,4799092,1600000,1916665,4813857,4789963,4810697,1600000,1600000
2026-07-19T14:08:17.851201+00:00,2811881.790913,1,4.932129,5.311035,4.645996,94875,94875,7,4816053,1921445,4816041,4816047,4816044,4816053,1600000,1921683,4791418,4812175,1600000,4802387,1600000
2026-07-19T14:08:18.850794+00:00,2811882.790506,1,4.937988,5.305664,4.647949,94875,94875,5,4807794,1923782,4798621,4798616,4798622,4798624,1921036,1921397,4807794,1600000,1600000,2200000,1600000
2026-07-19T14:08:19.850427+00:00,2811883.790140,1,4.937988,5.305664,4.647949,94875,94875,8,4816047,1922449,4816034,4816047,4816022,4816031,1600000,1600000,4801640,4789951,4812753,4789257,1600000
2026-07-19T14:08:20.853084+00:00,2811884.792795,1,4.937988,5.305664,4.647949,94875,94875,7,4814275,1600000,4796369,4796372,4796365,4796356,1916417,1925808,4805474,1600000,4803977,4814275,1600000
2026-07-19T14:08:21.853247+00:00,2811885.792958,1,4.937988,5.305664,4.647949,94875,94875,6,4814612,1600000,4798258,4798262,4798259,4798245,1917779,1918436,4814612,1600000,1600000,4805856,2024908
2026-07-19T14:08:22.850531+00:00,2811886.790244,1,4.937988,5.305664,4.647949,94750,94750,7,4820188,1600000,4816000,4816008,4816013,4815995,1925265,1925869,4811410,4820188,4812846,4350000,1600000
2026-07-19T14:08:23.853052+00:00,2811887.792767,1,4.862793,5.283691,4.644043,94875,94875,8,4816413,1926323,4791139,4791201,4791151,4791198,1925428,1925872,4815042,4816413,4813758,4815013,1600000
2026-07-19T14:08:24.853292+00:00,2811888.793004,1,4.862793,5.283691,4.644043,94875,94875,5,4815637,2048220,4808894,4808891,4808898,4808898,1925410,2004143,1600000,1600000,4815637,1600000,1600000
2026-07-19T14:08:25.850512+00:00,2811889.790224,1,4.862793,5.283691,4.644043,94875,94875,7,4812172,1600000,4798568,4798519,4798564,4798605,1600000,2129839,4812172,1600000,4801941,4796917,1922112
2026-07-19T14:08:26.852987+00:00,2811890.792699,1,4.862793,5.283691,4.644043,94875,94875,8,4815953,2125499,4815952,4815951,4815950,4815953,1600000,2119321,4815746,4790560,4815925,4810474,1916419
2026-07-19T14:08:27.853409+00:00,2811891.793121,1,4.862793,5.283691,4.644043,94750,94750,7,4815973,1925528,4809201,4809182,4809215,4809227,1921131,1600000,4815973,4813323,4807828,1600000,1925393
2026-07-19T14:08:28.853006+00:00,2811892.792718,1,4.954102,5.295898,4.651367,94875,94875,12,4699937,4699908,4699913,4699898,4699914,4699875,4699895,4699895,4699905,4699904,4699894,4699937,4699887
2026-07-19T14:08:29.853126+00:00,2811893.792841,1,4.954102,5.295898,4.651367,95000,95000,5,4802425,1921330,4796120,4796119,4796118,4796122,2500336,1600000,1600000,4802425,1600000,1600000,1916184
2026-07-19T14:08:30.853416+00:00,2811894.793127,1,4.954102,5.295898,4.651367,95000,95000,8,4810799,1919429,4802588,4802600,4802595,4802630,1945831,1925560,4810799,4802873,4804482,4737020,2740992
2026-07-19T14:08:31.850660+00:00,2811895.790371,1,4.954102,5.295898,4.651367,94875,94875,7,4817949,2140120,4798610,4798566,4798560,4798560,1917794,1600000,1600000,4816415,4807389,4817949,3920931
2026-07-19T14:08:32.852883+00:00,2811896.792596,1,4.954102,5.295898,4.651367,94875,94875,7,4816064,1915923,4816064,4816060,4816057,4816055,1600000,1600000,4814340,4815119,4811855,1600000,1926378
2026-07-19T14:08:33.852381+00:00,2811897.792092,1,4.877441,5.273926,4.647461,94750,94750,4,4816060,1925645,4816039,4816048,4816048,4816060,1926034,1926092,1600000,1600000,1600000,1600000,1931567
2026-07-19T14:08:34.853100+00:00,2811898.792813,1,4.877441,5.273926,4.647461,94750,94750,5,4816380,1925627,4815974,4815970,4815979,4815985,1600000,1600000,1600000,4816380,1600000,1600000,1600000
2026-07-19T14:08:35.852963+00:00,2811899.792674,1,4.877441,5.273926,4.647461,94750,94750,7,4815987,1925628,4815987,4815977,4815985,4815971,1600000,1921127,1600000,4815594,4811697,4814683,1925637
2026-07-19T14:08:36.852960+00:00,2811900.792672,1,4.877441,5.273926,4.647461,94625,94625,8,4816977,1922868,4815922,4815912,4815932,4815903,1915958,1923188,4811986,4816053,4816977,4810973,1925708
2026-07-19T14:08:37.853160+00:00,2811901.792873,1,4.877441,5.273926,4.647461,94625,94625,6,4816407,1600000,4798581,4798581,4798591,4798579,1920293,1600000,1600000,4740390,4816407,1600000,1925920
2026-07-19T14:08:38.850361+00:00,2811902.790073,1,4.807129,5.252441,4.643555,94625,94625,7,4816052,1926193,4816045,4816052,4816049,4816049,1925543,1600000,4815190,4811044,4815732,1600000,1925545
2026-07-19T14:08:39.853568+00:00,2811903.793279,1,4.807129,5.252441,4.643555,94625,94625,5,4816059,1600000,4816059,4816046,4816050,4816043,1925336,1925889,1600000,4796459,1600000,4350000,1924066
2026-07-19T14:08:40.853163+00:00,2811904.792875,1,4.807129,5.252441,4.643555,94625,94625,5,4814270,1921886,4803968,4803963,4803970,4804012,1940166,1917164,1600000,1600000,1600000,4814270,1953941
2026-07-19T14:08:41.852939+00:00,2811905.792651,1,4.807129,5.252441,4.643555,94750,94750,8,4817638,2110340,4815941,4815952,4815950,4815951,1934868,2140176,4811337,4813317,4792279,4817638,2126563
2026-07-19T14:08:42.850503+00:00,2811906.790214,1,4.807129,5.252441,4.643555,94750,94750,6,4816007,1600000,4815992,4815993,4815972,4815991,1924959,1925613,4815192,4816007,1600000,1600000,1926344
2026-07-19T14:08:43.853219+00:00,2811907.792931,1,4.742188,5.231445,4.639648,94625,94625,5,4816001,1922341,4815995,4816001,4815995,4815986,1600000,1600000,1600000,1600000,4815639,1600000,1924683
2026-07-19T14:08:44.853002+00:00,2811908.792713,1,4.742188,5.231445,4.639648,94875,94875,8,4802792,1915944,4788589,4788595,4788585,4788591,1952350,1922657,4802792,4790824,4793934,4796308,1936441
2026-07-19T14:08:45.853062+00:00,2811909.792773,1,4.742188,5.231445,4.639648,94875,94875,7,4823940,1911043,4815985,4815997,4815982,4815981,1600000,1945055,4815323,4823940,4791810,1600000,1600000
2026-07-19T14:08:46.853256+00:00,2811910.792968,1,4.742188,5.231445,4.639648,94750,94750,6,4809118,1910984,4803902,4803904,4803915,4803875,1600000,1600000,1600000,4809118,4802766,1600000,1925711
2026-07-19T14:08:47.850536+00:00,2811911.790249,1,4.742188,5.231445,4.639648,94875,94875,7,4817534,1915613,4791100,4791099,4791173,4791111,2127699,1925037,1600000,4817534,4817337,4814557,2131152
2026-07-19T14:08:48.853142+00:00,2811912.792859,1,4.742188,5.231445,4.639648,94750,94750,7,4814428,1925626,4803940,4803937,4803940,4803922,1925121,1921927,4813334,4813492,4814428,1600000,1600000
2026-07-19T14:08:49.853313+00:00,2811913.793025,1,4.682617,5.210938,4.635742,94750,94750,7,4819159,1924011,4791065,4791076,4791062,4791059,1925507,1600000,4815239,4819159,4815045,1600000,1600000
2026-07-19T14:08:50.853283+00:00,2811914.792998,1,4.682617,5.210938,4.635742,94750,94750,8,4815304,1936251,4797990,4797990,4798001,4797998,1922536,1941220,4809307,4788208,4812570,4815304,1926027
2026-07-19T14:08:51.853071+00:00,2811915.792782,1,4.682617,5.210938,4.635742,94750,94750,8,4816055,1926334,4816046,4816040,4816050,4816055,2139840,1948912,4808221,4815209,4812523,4796866,1925267
2026-07-19T14:08:52.850087+00:00,2811916.789799,1,4.682617,5.210938,4.635742,94625,94625,8,4815776,1998845,4803520,4803564,4803550,4803554,2140453,1952501,4815776,4790590,4791101,4792691,2134891
2026-07-19T14:08:53.853001+00:00,2811917.792713,1,4.682617,5.210938,4.635742,94750,94750,8,4799467,2025843,4799429,4799112,4799458,4799467,2130470,1924639,4793319,4795204,4797265,4797088,2131602
2026-07-19T14:08:54.853112+00:00,2811918.792824,1,4.627930,5.190430,4.632324,94750,94750,7,4815992,1925880,4815986,4815989,4815986,4815992,2044951,1925472,4793832,4797650,4806616,4350000,1968762
2026-07-19T14:08:55.853438+00:00,2811919.793150,1,4.627930,5.190430,4.632324,94750,94750,8,4816047,1922216,4816040,4816040,4816047,4816038,1926355,1926353,4811561,4810304,4814620,4807311,2200000
2026-07-19T14:08:56.853032+00:00,2811920.792744,1,4.627930,5.190430,4.632324,94750,94750,8,4816664,1925933,4807231,4807240,4807244,4807207,1924698,2138109,4816664,4816128,4816164,4816511,1923645
2026-07-19T14:08:57.853099+00:00,2811921.792811,1,4.627930,5.190430,4.632324,94750,94750,8,4810816,1921334,4799772,4799780,4799772,4799775,1925188,1917356,4791006,4791698,4810816,4791074,1600000
2026-07-19T14:08:58.851127+00:00,2811922.790839,1,4.627930,5.190430,4.632324,94750,94750,6,4816007,1920766,4798631,4798626,4798635,4798630,1924735,1925907,1600000,4802923,1600000,4816007,1923813
2026-07-19T14:08:59.853081+00:00,2811923.792793,1,4.577637,5.170410,4.628906,94750,94750,5,4816048,1924553,4816043,4816048,4816046,4816043,1600000,1924542,4815682,1600000,2200000,1600000,1925719
2026-07-19T14:09:00.853057+00:00,2811924.792768,1,4.577637,5.170410,4.628906,94625,94625,7,4816639,1600000,4805100,4805072,4805084,4805106,1600000,1918205,4813697,4816639,1600000,4805100,1922043
2026-07-19T14:09:01.852440+00:00,2811925.792153,1,4.577637,5.170410,4.628906,94750,94750,6,4816066,1925502,4816061,4816054,4816066,4816053,1600000,1600000,4811470,4813101,1600000,1600000,1600000
2026-07-19T14:09:02.853129+00:00,2811926.792840,1,4.577637,5.170410,4.628906,94750,94750,6,4813185,1924364,4807833,4807790,4807836,4807830,1917673,1600000,4813185,4812268,1600000,1600000,1600000
2026-07-19T14:09:03.853258+00:00,2811927.792970,1,4.577637,5.170410,4.628906,94750,94750,5,4809870,1914646,4805525,4805536,4805527,4805520,1926101,1600000,1600000,4809870,1600000,1600000,1600000
2026-07-19T14:09:04.853002+00:00,2811928.792714,1,4.531250,5.150879,4.625488,94625,94625,6,4816055,1920762,4816055,4816042,4816035,4816052,1925380,1600000,4811397,4813738,1600000,2200000,1924793
2026-07-19T14:09:05.850775+00:00,2811929.790487,1,4.531250,5.150879,4.625488,94750,94750,6,4816024,1922735,4816020,4816024,4816006,4816017,1923649,1924011,4802923,4791983,1600000,4350000,2258967
2026-07-19T14:09:06.850599+00:00,2811930.790312,1,4.531250,5.150879,4.625488,94625,94625,5,4816067,1923292,4816057,4816067,4816043,4816052,1925333,1925742,1600000,4812066,1600000,1600000,1901792
2026-07-19T14:09:07.853093+00:00,2811931.792805,1,4.531250,5.150879,4.625488,94500,94500,4,4803424,1877127,4803415,4803424,4803413,4803418,1923975,1600000,1600000,1600000,1600000,1600000,1923915
2026-07-19T14:09:08.853224+00:00,2811932.792937,1,4.531250,5.150879,4.625488,94500,94500,5,4816052,1925019,4816035,4816052,4816049,4816047,1925121,1926097,1600000,4815403,2200000,4350000,1600000
2026-07-19T14:09:09.852982+00:00,2811933.792694,1,4.488281,5.131348,4.622070,94375,94375,5,4816060,1926084,4816045,4816059,4816052,4816060,1925546,1600000,1600000,1600000,4810557,1600000,1925749
2026-07-19T14:09:10.853031+00:00,2811934.792742,1,4.488281,5.131348,4.622070,94375,94375,6,4817076,1925782,4791118,4791125,4791132,4791127,1925211,1600000,4815331,4817076,1600000,1600000,1600000
2026-07-19T14:09:11.853315+00:00,2811935.793027,1,4.488281,5.131348,4.622070,94375,94375,5,4816060,1925341,4816060,4816056,4816046,4816058,1600000,1600000,4815137,1600000,1600000,4350000,1922955
2026-07-19T14:09:12.850539+00:00,2811936.790251,1,4.488281,5.131348,4.622070,94375,94375,6,4805700,1923497,4805664,4805678,4805700,4805672,1600000,1887024,4803513,4794191,1600000,1600000,1600000
2026-07-19T14:09:13.853069+00:00,2811937.792781,1,4.488281,5.131348,4.622070,94625,94625,5,4816054,1925691,4816053,4816037,4816054,4816053,1925765,1925655,1600000,4815060,1600000,1600000,1925751
2026-07-19T14:09:14.852200+00:00,2811938.791912,1,4.448730,5.112305,4.618652,94500,94500,5,4814163,1925808,4809447,4809454,4809453,4809449,1924983,1600000,1600000,4814163,1600000,2200000,1925991
2026-07-19T14:09:15.853022+00:00,2811939.792734,1,4.448730,5.112305,4.618652,94500,94500,5,4816011,1923978,4816008,4816011,4815994,4815984,1916496,1600000,1600000,4811161,1600000,1600000,1925887
2026-07-19T14:09:16.853238+00:00,2811940.792950,1,4.448730,5.112305,4.618652,94500,94500,8,4816086,1917308,4791103,4791121,4791107,4791177,1926257,1600000,4816086,4806263,4791434,4805402,1918439
2026-07-19T14:09:17.853408+00:00,2811941.793120,1,4.448730,5.112305,4.618652,94500,94500,7,4818426,1919920,4791088,4791088,4791078,4791087,1600000,1600000,4818426,4815352,4813095,1600000,3227374
2026-07-19T14:09:18.853031+00:00,2811942.792743,1,4.448730,5.112305,4.618652,94500,94500,6,4814615,1923759,4807099,4807064,4807114,4807098,2200000,1916269,4812150,2200000,4814615,1600000,2139869
2026-07-19T14:09:19.853087+00:00,2811943.792798,1,4.412598,5.093750,4.615234,94500,94500,6,4815664,1600000,4798884,4798894,4798892,4798891,1925859,1925703,4815664,4814546,1600000,1600000,1925199
2026-07-19T14:09:20.853076+00:00,2811944.792785,1,4.412598,5.093750,4.615234,94500,94500,5,4815970,1921652,4815970,4815958,4815959,4815952,4350000,1925717,1600000,2200000,1600000,4802117,1600000
2026-07-19T14:09:21.853057+00:00,2811945.792768,1,4.412598,5.093750,4.615234,94500,94500,8,4815377,1920161,4807358,4807374,4807372,4807367,2015562,2115574,4814560,4815377,4815304,4815010,1927550
2026-07-19T14:09:22.853064+00:00,2811946.792776,1,4.412598,5.093750,4.615234,94500,94500,6,4814178,1925617,4797530,4797536,4797540,4797509,1600000,1925006,4813880,4814178,1600000,1600000,1924972
2026-07-19T14:09:23.852845+00:00,2811947.792557,1,4.412598,5.093750,4.615234,94500,94500,7,4815888,1923673,4791110,4791101,4791022,4791102,4332948,1924564,4809520,4815888,1600000,1600000,4515429
2026-07-19T14:09:24.853107+00:00,2811948.792819,1,4.459961,5.091797,4.617676,94500,94500,6,4816050,1971602,4816049,4816044,4816041,4816050,1600000,2200000,4814371,1600000,1600000,4814999,1917575
2026-07-19T14:09:25.853069+00:00,2811949.792784,1,4.459961,5.091797,4.617676,94500,94500,6,4816017,1925990,4816000,4816017,4816012,4816007,1600000,1600000,4808635,4815349,1600000,1600000,2139986
2026-07-19T14:09:26.852947+00:00,2811950.792659,1,4.459961,5.091797,4.617676,94500,94500,6,4815978,1925721,4815978,4815962,4815966,4815968,1600000,1600000,4815523,4814877,1600000,1600000,1926742
2026-07-19T14:09:27.853305+00:00,2811951.793018,1,4.459961,5.091797,4.617676,94625,94625,7,4816027,1925663,4816025,4815994,4816018,4816027,1921096,1916380,1600000,4815791,4815269,4809493,1926115
2026-07-19T14:09:28.853226+00:00,2811952.792937,1,4.459961,5.091797,4.617676,94625,94625,4,4798143,1924029,4798140,4798143,4798129,4798141,1919271,1600000,1600000,1600000,1600000,2200000,1924976
2026-07-19T14:09:29.853031+00:00,2811953.792746,1,4.503418,5.089844,4.620117,94500,94500,8,4816031,3609642,4803200,4803211,4803204,4803203,1924727,2009210,4816031,4812194,4813638,4811883,1936292
2026-07-19T14:09:30.853194+00:00,2811954.792906,1,4.503418,5.089844,4.620117,94750,94750,7,4819308,1925347,4808341,4808344,4808349,4808346,1922121,1917002,4818505,4817366,4819308,1600000,1920793
2026-07-19T14:09:31.850420+00:00,2811955.790132,1,4.503418,5.089844,4.620117,94750,94750,6,4816037,2065393,4816020,4816034,4816037,4816020,1926063,1925748,1600000,4812941,4814865,1600000,1925663
2026-07-19T14:09:32.853302+00:00,2811956.793014,1,4.503418,5.089844,4.620117,94625,94625,8,4817007,1920362,4798626,4798631,4798684,4798677,1925232,1600000,4814325,4815894,4815785,4817007,1926152
2026-07-19T14:09:33.853252+00:00,2811957.792964,1,4.503418,5.089844,4.620117,94625,94625,8,4816053,1925571,4816045,4816053,4816043,4816047,1924979,1925771,4814807,4815128,4815388,4813442,1600000
2026-07-19T14:09:34.853088+00:00,2811958.792802,1,4.543457,5.087891,4.622559,94625,94625,8,4816045,1925262,4816040,4816045,4816043,4816045,1926310,1925798,4815571,4815217,4815447,4815526,1926035
2026-07-19T14:09:35.852968+00:00,2811959.792680,1,4.543457,5.087891,4.622559,94500,94500,7,4812465,1924292,4798563,4798629,4798613,4798612,1600000,1926158,1600000,4812465,4806450,4811300,1922417
2026-07-19T14:09:36.853335+00:00,2811960.793047,1,4.543457,5.087891,4.622559,94625,94625,7,4815364,1926443,4810653,4810651,4810640,4810660,1600000,1925869,4791374,4807314,4815364,1600000,1922430
2026-07-19T14:09:37.857757+00:00,2811961.797470,1,4.543457,5.087891,4.622559,94625,94625,8,4816049,1924479,4816027,4816047,4816044,4816049,1926058,1925794,4815658,4814245,4815116,4816035,1925679
2026-07-19T14:09:38.853107+00:00,2811962.792819,1,4.543457,5.087891,4.622559,94625,94625,7,4815989,1925727,4815977,4815968,4815973,4815989,1926382,1925855,4789878,4808168,1600000,4809578,1600000
2026-07-19T14:09:39.853393+00:00,2811963.793105,1,4.499512,5.069824,4.619141,94625,94625,6,4801794,1925504,4801787,4801768,4801794,4801778,1925515,1927379,1600000,4790715,1600000,4797126,1925647
2026-07-19T14:09:40.853055+00:00,2811964.792766,1,4.499512,5.069824,4.619141,94625,94625,8,4830864,2140412,4816045,4816031,4816063,4816038,1925941,2139802,4808238,4815296,4815342,4830864,1925926
2026-07-19T14:09:41.853064+00:00,2811965.792780,1,4.499512,5.069824,4.619141,94500,94500,6,4833457,1924404,4816043,4816043,4816045,4816043,1600000,1925635,4621703,1600000,1600000,4833457,1925963
2026-07-19T14:09:42.853399+00:00,2811966.793110,1,4.499512,5.069824,4.619141,94625,94625,8,4811585,1925132,4809545,4809558,4809558,4809553,1600000,1600000,4793374,4794409,4811585,4792308,1917079
2026-07-19T14:09:43.860545+00:00,2811967.800253,1,4.499512,5.069824,4.619141,94625,94625,10,4817909,4790986,4790972,4790975,4790987,4791000,1925842,4814813,4815374,4811434,4812436,4817909,1923885
2026-07-19T14:09:44.850239+00:00,2811968.789951,1,4.700195,5.102051,4.632324,94750,94750,8,4814924,1925210,4798577,4798616,4798630,4798627,1925046,1600000,4814806,4811567,4814170,4814924,1920743
2026-07-19T14:09:45.853482+00:00,2811969.793193,1,4.700195,5.102051,4.632324,94750,94750,8,4803071,1600000,4794735,4794724,4794706,4794714,1969554,1916035,4798676,4793787,4803071,4795695,1950876
2026-07-19T14:09:46.850701+00:00,2811970.790413,1,4.700195,5.102051,4.632324,94625,94625,7,4815560,2412499,4797057,4797066,4797063,4797059,1925221,2009167,4811157,4791884,1600000,4815560,1600000
2026-07-19T14:09:47.852974+00:00,2811971.792686,1,4.700195,5.102051,4.632324,94625,94625,6,4803671,1961872,4791465,4791456,4791463,4791475,1600000,1600000,4794281,4803671,1600000,1600000,1921160
2026-07-19T14:09:48.853521+00:00,2811972.793234,1,4.700195,5.102051,4.632324,94625,94625,8,4796109,1915568,4796107,4796108,4796108,4796109,1913613,1919935,4793601,4792417,4789841,4791091,1913938
2026-07-19T14:09:49.853685+00:00,2811973.793398,1,4.644043,5.083496,4.628906,94625,94625,8,4814491,1916143,4790374,4790372,4790373,4790364,1926126,1924422,4814491,4788430,4797522,4803943,1925435
2026-07-19T14:09:50.850380+00:00,2811974.790092,1,4.644043,5.083496,4.628906,94625,94625,5,4802844,1920574,4791065,4791134,4791072,4791072,1924615,1925663,1600000,4802844,2200000,1600000,1600000
2026-07-19T14:09:51.853583+00:00,2811975.793295,1,4.644043,5.083496,4.628906,94625,94625,6,4809681,1925785,4798585,4798572,4798531,4798539,1600000,1600000,1600000,4798877,4809681,1600000,1600000
2026-07-19T14:09:52.853202+00:00,2811976.792914,1,4.644043,5.083496,4.628906,94750,94750,8,4813752,1922004,4798191,4798199,4798216,4798202,1926066,1600000,4798513,4812303,4813752,4802109,1925245
2026-07-19T14:09:53.852990+00:00,2811977.792702,1,4.644043,5.083496,4.628906,94875,94875,8,4829562,1600000,4791106,4791179,4791176,4791177,1600000,1600000,4815133,4814572,4829562,4816723,1923300
2026-07-19T14:09:54.853076+00:00,2811978.792788,1,4.592285,5.065430,4.625488,94875,94875,8,4816068,2138695,4816044,4816050,4816049,4816068,2508574,1989037,4795748,4807087,4813831,4814937,1925993
2026-07-19T14:09:55.853265+00:00,2811979.792976,1,4.592285,5.065430,4.625488,94750,94750,6,4816010,1970216,4816010,4816006,4816009,4816000,1600000,1925026,1600000,4790827,4812401,1600000,1925424
2026-07-19T14:09:56.852999+00:00,2811980.792710,1,4.592285,5.065430,4.625488,94875,94875,7,4834362,1902468,4823478,4823481,4823475,4823484,1600000,1923827,4155455,4516930,4834362,4822058,2681622
2026-07-19T14:09:57.850055+00:00,2811981.789767,1,4.592285,5.065430,4.625488,94875,94875,6,4815968,1925158,4801016,4801010,4800998,4800998,2194667,1600000,1600000,4806797,1600000,4815968,2134081
2026-07-19T14:09:58.850053+00:00,2811982.789765,1,4.592285,5.065430,4.625488,94875,94875,8,4819819,1926614,4791136,4791146,4791080,4791142,2033165,1925996,4814263,4819819,4796675,4801178,2021834
2026-07-19T14:09:59.852991+00:00,2811983.792703,1,4.544434,5.047363,4.622070,94750,94750,6,4814982,1843770,4791441,4791446,4791449,4791509,1923739,1600000,4811581,4814982,1600000,1600000,1600000
2026-07-19T14:10:00.853013+00:00,2811984.792729,1,4.544434,5.047363,4.622070,94750,94750,7,4816046,1922649,4816046,4816040,4816043,4816045,1917917,1600000,1600000,4814203,4815658,4811664,1925975
2026-07-19T14:10:01.850985+00:00,2811985.790697,1,4.544434,5.047363,4.622070,94875,94875,6,4816230,1600000,4791092,4791106,4791093,4791097,1920501,1600000,1600000,4816230,4809272,1600000,1926184
2026-07-19T14:10:02.853021+00:00,2811986.792732,1,4.544434,5.047363,4.622070,95000,95000,6,4821404,1924181,4799256,4799261,4799246,4799255,1964637,1600000,1600000,4811424,4821404,1600000,2114856
2026-07-19T14:10:03.853139+00:00,2811987.792851,1,4.544434,5.047363,4.622070,94875,94875,7,4815596,1920545,4798305,4797910,4798315,4798316,1925485,1600000,1600000,4815596,4766212,4815281,1925817
2026-07-19T14:10:04.853402+00:00,2811988.793114,1,4.500488,5.029785,4.618652,94875,94875,8,4804256,1942481,4801992,4801994,4801986,4801952,1919698,1924957,4749077,4804256,4794085,4792238,1916331
2026-07-19T14:10:05.852986+00:00,2811989.792697,1,4.500488,5.029785,4.618652,94875,94875,5,4817445,1896153,4805061,4805027,4805065,4805019,2103902,1925554,1600000,1600000,1600000,4817445,1600000
2026-07-19T14:10:06.850333+00:00,2811990.790044,1,4.500488,5.029785,4.618652,94750,94750,7,4816192,1925094,4815959,4815962,4815969,4815965,1926184,2005244,4796802,4816192,4815433,2200000,1926145
2026-07-19T14:10:07.853451+00:00,2811991.793163,1,4.500488,5.029785,4.618652,94750,94750,7,4815991,1925726,4815978,4815991,4815972,4815972,1600000,1600000,4813119,4814070,1600000,4814065,1921493
2026-07-19T14:10:08.853049+00:00,2811992.792762,1,4.500488,5.029785,4.618652,94750,94750,6,4816213,1919906,4796954,4796955,4796954,4796961,1600000,1600000,4796303,1600000,4816213,1600000,1600000
2026-07-19T14:10:09.852822+00:00,2811993.792533,1,4.459961,5.012207,4.615234,94750,94750,6,4816207,1925645,4816049,4816058,4816048,4816049,1600000,1915759,4814965,1600000,4816207,1600000,2129373
2026-07-19T14:10:10.852915+00:00,2811994.792626,1,4.459961,5.012207,4.615234,94625,94625,7,4814185,1925999,4810051,4810042,4810047,4810030,1600000,1600000,4814185,4812880,4811933,1600000,2200000
2026-07-19T14:10:11.853090+00:00,2811995.792802,1,4.459961,5.012207,4.615234,94625,94625,8,4813615,1925632,4804409,4804397,4804413,4804406,1600000,1919192,4795979,4791427,4791628,4813615,1917470
2026-07-19T14:10:12.853007+00:00,2811996.792719,1,4.459961,5.012207,4.615234,94625,94625,7,4815126,1917244,4798488,4798501,4798499,4798499,1600000,1926943,4797203,1600000,4815126,4797811,1922041
2026-07-19T14:10:13.853554+00:00,2811997.793266,1,4.459961,5.012207,4.615234,94500,94500,8,4821237,1968005,4798624,4798620,4798630,4798623,1925960,1600000,4799843,4821237,4793602,4817295,1600000
2026-07-19T14:10:14.853192+00:00,2811998.792905,1,4.422852,4.995117,4.611816,94500,94500,8,4816055,1924736,4816036,4816038,4816044,4816055,1600000,1926237,4809760,4813552,4815389,4815954,1924807
2026-07-19T14:10:15.853102+00:00,2811999.792813,1,4.422852,4.995117,4.611816,94750,94750,8,4815613,1921011,4798167,4798175,4798158,4798167,1924075,1925575,4802281,4815613,4815612,4814813,1925829
2026-07-19T14:10:16.861257+00:00,2812000.800970,1,4.422852,4.995117,4.611816,94750,94750,9,4815205,1925415,4795721,4795710,4795716,4795714,2130868,1925438,4813603,4813272,4815205,4813180,4583087
2026-07-19T14:10:17.853243+00:00,2812001.792955,1,4.422852,4.995117,4.611816,94875,94875,8,4816005,2509228,4816005,4816003,4816000,4815989,2139985,3284394,4815299,4814223,4814982,4814870,2139956
2026-07-19T14:10:18.853003+00:00,2812002.792715,1,4.422852,4.995117,4.611816,94750,94750,8,4816008,1924619,4816008,4815998,4816008,4815997,1600000,1600000,4813695,4814425,4815559,4810526,1925312
2026-07-19T14:10:19.852817+00:00,2812003.792529,1,4.388672,4.978516,4.608398,94750,94750,6,4816060,1926374,4816057,4816056,4816052,4816060,2750333,1600000,4814878,4814221,1600000,2200000,2237439
2026-07-19T14:10:20.853237+00:00,2812004.792949,1,4.388672,4.978516,4.608398,94750,94750,8,4818444,1926044,4798895,4798943,4798902,4798938,1600000,1924675,4816446,4818444,4817949,4818439,2140247
2026-07-19T14:10:21.853270+00:00,2812005.792987,1,4.388672,4.978516,4.608398,94750,94750,5,4814037,1924218,4806242,4806225,4806250,4806229,1600000,1600000,4814037,1600000,1600000,1600000,1925587
2026-07-19T14:10:22.853072+00:00,2812006.792784,1,4.388672,4.978516,4.608398,94750,94750,7,4816697,1600000,4808293,4808329,4808290,4808332,1600000,1925122,4791357,4816697,4796593,1600000,1921862
2026-07-19T14:10:23.853301+00:00,2812007.793013,1,4.388672,4.978516,4.608398,94625,94625,6,4815667,1925646,4798547,4798435,4798549,4798549,1600000,1600000,4806169,4815667,1600000,1600000,1916570
2026-07-19T14:10:24.853030+00:00,2812008.792741,1,4.357422,4.961914,4.604980,94625,94625,8,4820186,2125442,4798622,4798617,4798622,4798619,1600000,1600000,4820186,4807687,4806858,4818795,1917136
2026-07-19T14:10:25.850774+00:00,2812009.790486,1,4.357422,4.961914,4.604980,94625,94625,6,4816044,1925672,4816042,4816030,4816044,4816037,1940050,1600000,4815781,4805475,1600000,1600000,1922675
2026-07-19T14:10:26.853381+00:00,2812010.793092,1,4.357422,4.961914,4.604980,94625,94625,6,4816682,1926040,4801774,4801780,4801777,4801764,1600000,1924694,1600000,4816682,1600000,4815086,1923718
2026-07-19T14:10:27.853566+00:00,2812011.793278,1,4.357422,4.961914,4.604980,94625,94625,7,4816662,1925994,4790734,4790792,4790807,4790861,1926160,1600000,4815697,4806315,4816662,1600000,1925615
2026-07-19T14:10:28.850317+00:00,2812012.790028,1,4.357422,4.961914,4.604980,94625,94625,8,4815456,2139575,4800200,4800198,4800211,4800263,1952928,2200000,4813017,4808232,4815456,4790748,2042287
2026-07-19T14:10:29.850470+00:00,2812013.790182,1,4.328613,4.945801,4.601562,94750,94750,8,4823307,2710639,4816055,4816019,4816044,4816029,2140483,1600000,4823307,4801722,4791360,4799821,2139738
2026-07-19T14:10:30.853041+00:00,2812014.792753,1,4.328613,4.945801,4.601562,94750,94750,8,4816008,1926074,4815996,4815999,4816008,4816002,2200000,1600000,4812231,4811911,4810403,4796959,2129599
2026-07-19T14:10:31.853138+00:00,2812015.792850,1,4.328613,4.945801,4.601562,94750,94750,8,4817260,1925439,4816050,4816054,4816046,4816056,2088040,1920774,4792144,4816228,4814243,4817260,1941099
2026-07-19T14:10:32.853482+00:00,2812016.793194,1,4.328613,4.945801,4.601562,94750,94750,7,4816064,2139503,4816064,4816053,4816052,4816044,1600000,1600000,4815170,4815647,4813850,1600000,1925537
2026-07-19T14:10:33.853065+00:00,2812017.792777,1,4.328613,4.945801,4.601562,94750,94750,6,4815894,2014102,4797143,4797134,4797124,4797129,1925804,1600000,4812175,1600000,4815894,1600000,1923026
2026-07-19T14:10:34.853003+00:00,2812018.792715,1,4.302246,4.929688,4.598145,94750,94750,5,4814830,1925415,4805163,4805157,4805125,4805143,1600000,1600000,1600000,1600000,1600000,4814830,1922210
2026-07-19T14:10:35.853151+00:00,2812019.792863,1,4.302246,4.929688,4.598145,94875,94875,8,4815639,1600000,4798658,4798617,4798669,4798658,1926008,1925171,4798748,4804540,4815116,4815639,1600000
2026-07-19T14:10:36.852563+00:00,2812020.792274,1,4.302246,4.929688,4.598145,94875,94875,8,4818673,1925390,4816056,4816050,4816058,4816056,1943532,1925779,4818673,4817299,4815769,4785452,1925892
2026-07-19T14:10:37.852985+00:00,2812021.792697,1,4.302246,4.929688,4.598145,94750,94750,7,4816048,1914693,4816035,4816022,4816048,4816031,1922646,4801681,1600000,4811330,4813435,1600000,1926147
2026-07-19T14:10:38.855290+00:00,2812022.795003,1,4.302246,4.929688,4.598145,94750,94750,6,4813687,1925845,4795893,4795896,4795884,4795882,1600000,1925540,1600000,4813687,4811987,1600000,1925874
2026-07-19T14:10:39.850761+00:00,2812023.790473,1,4.277832,4.914062,4.594727,94875,94875,7,4809785,1923082,4804023,4804027,4804023,4804021,1925348,1918054,4809785,4787209,4788469,1600000,1919413
2026-07-19T14:10:40.854076+00:00,2812024.793787,1,4.277832,4.914062,4.594727,94875,94875,7,4816012,1947907,4815992,4815988,4816012,4815999,1600000,1942102,1600000,4815407,4815687,4814181,1930825
2026-07-19T14:10:41.852978+00:00,2812025.792691,1,4.277832,4.914062,4.594727,94750,94750,7,4816211,1600000,4810787,4810788,4810800,4810782,1600000,1925648,4816211,4813389,4814965,1600000,1600000
2026-07-19T14:10:42.852353+00:00,2812026.792069,1,4.277832,4.914062,4.594727,94875,94875,8,4816059,1925187,4816051,4816055,4816059,4816054,1600000,1916702,4804488,4815464,4812674,4814269,1600000
2026-07-19T14:10:43.853055+00:00,2812027.792768,1,4.277832,4.914062,4.594727,94750,94750,8,4816020,2139335,4816008,4816019,4816013,4816020,1925337,2138568,4813236,4815827,4814967,4815342,1925539
2026-07-19T14:10:44.853310+00:00,2812028.793021,1,4.255371,4.898438,4.591309,94750,94750,8,4816138,1894832,4803639,4803642,4803654,4803643,2596641,1924067,4807479,4815120,4816138,4812859,1889019
2026-07-19T14:10:45.853314+00:00,2812029.793026,1,4.255371,4.898438,4.591309,94625,94625,8,4816065,1923109,4796063,4796069,4796062,4796058,1921479,1920406,4816065,4811929,4813479,4798255,1924418
2026-07-19T14:10:46.853070+00:00,2812030.792781,1,4.255371,4.898438,4.591309,94625,94625,8,4815998,1925717,4815993,4815998,4815989,4815993,1600000,1926027,4815909,4815320,4815534,4813819,1925438
2026-07-19T14:10:47.853019+00:00,2812031.792731,1,4.255371,4.898438,4.591309,94750,94750,9,4816063,4446040,4816063,4816051,4816049,4816059,1924012,1931084,4815091,4815810,4814290,4815332,1925871
2026-07-19T14:10:48.853324+00:00,2812032.793037,1,4.255371,4.898438,4.591309,94750,94750,6,4798612,1917093,4798604,4798612,4798604,4798611,1925392,1925035,1600000,4791129,1600000,4789002,1925081
2026-07-19T14:10:49.852986+00:00,2812033.792698,1,4.234863,4.883301,4.587891,94750,94750,8,4814273,1924890,4799185,4799182,4799177,4799180,1925848,1916089,4799464,4808202,4792822,4814273,1918443
2026-07-19T14:10:50.852593+00:00,2812034.792305,1,4.234863,4.883301,4.587891,94750,94750,8,4810708,1925083,4807861,4807819,4807805,4807860,1922559,1600000,4810708,4806852,4792243,4797653,1922135
2026-07-19T14:10:51.853574+00:00,2812035.793286,1,4.234863,4.883301,4.587891,94750,94750,6,4815985,1925456,4815983,4815985,4815980,4815975,1600000,1600000,1600000,4800643,1600000,4813170,1925972
2026-07-19T14:10:52.853019+00:00,2812036.792730,1,4.234863,4.883301,4.587891,94750,94750,6,4815960,1925481,4815952,4815957,4815960,4815953,3793106,1925922,1600000,4814359,4814214,1600000,4350000
2026-07-19T14:10:53.853114+00:00,2812037.792825,1,4.234863,4.883301,4.587891,94625,94625,5,4814297,1919316,4804646,4804646,4804609,4804607,1925626,1600000,1600000,4814297,1600000,1600000,1600000
2026-07-19T14:10:54.853445+00:00,2812038.793157,1,4.376465,4.901855,4.595703,94750,94750,8,4815141,1600000,4808239,4808244,4808258,4808206,1919625,1908237,4768402,4815075,4815141,4801896,1924249
2026-07-19T14:10:55.850952+00:00,2812039.790662,1,4.376465,4.901855,4.595703,94625,94625,6,4797317,1920045,4797300,4797293,4797286,4797317,2817218,1926494,1600000,4788521,4785694,1600000,4350000
2026-07-19T14:10:56.853129+00:00,2812040.792840,1,4.376465,4.901855,4.595703,94625,94625,6,4820582,1926055,4816007,4816005,4816000,4816010,1600000,1600000,4816600,4820582,1600000,1600000,1925082
2026-07-19T14:10:57.853542+00:00,2812041.793253,1,4.376465,4.901855,4.595703,94500,94500,7,4814026,1925849,4803214,4803233,4803227,4803234,1600000,1924621,4784453,4785744,4814026,1600000,1600000
2026-07-19T14:10:58.853112+00:00,2812042.792822,1,4.376465,4.901855,4.595703,94625,94625,6,4814895,2139304,4798604,4798612,4798609,4798671,1921881,1600000,1600000,4814895,4794955,1600000,1924095
2026-07-19T14:10:59.852997+00:00,2812043.792709,1,4.346191,4.886719,4.592285,94750,94750,8,4806934,2038313,4806929,4806908,4806927,4806934,2065622,1966679,4785072,4801812,4788693,4804465,1915778
2026-07-19T14:11:00.851178+00:00,2812044.790888,1,4.346191,4.886719,4.592285,94875,94875,8,4814797,2139138,4810350,4810360,4810350,4810330,2228721,1925220,4814797,4813088,4811241,4813873,2139471
2026-07-19T14:11:01.850736+00:00,2812045.790447,1,4.346191,4.886719,4.592285,94875,94875,5,4814443,1600000,4800455,4800454,4800450,4800411,1600000,1600000,1600000,4814443,1600000,1600000,1922195
2026-07-19T14:11:02.852986+00:00,2812046.792699,1,4.346191,4.886719,4.592285,94750,94750,7,4816054,2138855,4816053,4816054,4816052,4816052,1926513,1600000,1600000,4810887,4816024,4808132,1918340
2026-07-19T14:11:03.850595+00:00,2812047.790308,1,4.346191,4.886719,4.592285,94750,94750,7,4817040,2109111,4798584,4798579,4798579,4798586,1923728,1943733,1600000,4817040,4804314,4816166,1920524
2026-07-19T14:11:04.853198+00:00,2812048.792911,1,4.398926,4.888672,4.594727,94625,94625,6,4816053,1980784,4796367,4796420,4796358,4796411,1922340,1600000,1600000,4791553,4816053,1600000,1931490
2026-07-19T14:11:05.850432+00:00,2812049.790144,1,4.398926,4.888672,4.594727,94875,94875,8,4813619,4788537,4798383,4798387,4798390,4798386,2078800,4262784,4795360,4813619,1600000,4798712,1961861
2026-07-19T14:11:06.851233+00:00,2812050.790946,1,4.398926,4.888672,4.594727,94875,94875,4,4800160,1909370,4800160,4799675,4800117,4800000,1925506,1600000,1600000,1600000,1600000,1600000,1600000
2026-07-19T14:11:07.853266+00:00,2812051.792978,1,4.398926,4.888672,4.594727,94750,94750,8,4815604,2129609,4810729,4810723,4810730,4810718,1916493,2127402,4815604,4796961,4814257,4815410,1925309
2026-07-19T14:11:08.850451+00:00,2812052.790163,1,4.398926,4.888672,4.594727,94750,94750,7,4816078,2139298,4816062,4816048,4816078,4816058,1925231,1884843,4812784,4815013,4813666,1600000,1925532
2026-07-19T14:11:09.852958+00:00,2812053.792670,1,4.366699,4.873535,4.591309,94625,94625,7,4808433,1902712,4800854,4800860,4800868,4800873,1600000,1600000,4793433,4805004,4808433,1600000,1600000
2026-07-19T14:11:10.850912+00:00,2812054.790624,1,4.366699,4.873535,4.591309,94625,94625,8,4815970,1920309,4808909,4808902,4808908,4808907,1919258,1924852,4815970,4812361,4803226,4811951,1600000
2026-07-19T14:11:11.852954+00:00,2812055.792666,1,4.366699,4.873535,4.591309,94625,94625,8,4819253,1924085,4798171,4798149,4798145,4798168,2130796,2102308,4819253,4818737,4789162,4795350,2140006
2026-07-19T14:11:12.850275+00:00,2812056.789986,1,4.366699,4.873535,4.591309,94500,94500,8,4815610,1921636,4798135,4798291,4798339,4798347,1925560,1924923,4789832,4796496,4791035,4815610,1918047
2026-07-19T14:11:13.850965+00:00,2812057.790676,1,4.366699,4.873535,4.591309,94625,94625,8,4814374,1925757,4798633,4798630,4798594,4798638,2006886,1600000,4805707,4811638,4814374,4813941,1941458
2026-07-19T14:11:14.850550+00:00,2812058.790261,1,4.336914,4.858887,4.587891,94500,94500,7,4816015,1926025,4816010,4816007,4816006,4816015,1924959,1925579,4815602,4815593,4740811,2200000,1925474
2026-07-19T14:11:15.853079+00:00,2812059.792790,1,4.336914,4.858887,4.587891,94500,94500,7,4816383,2139876,4791101,4791087,4791039,4791108,2140063,2138835,4814827,4789633,4816383,1600000,2324818
2026-07-19T14:11:16.855260+00:00,2812060.794971,1,4.336914,4.858887,4.587891,94625,94625,8,4803598,2133422,4803578,4803565,4803550,4803598,2087145,2128877,4790266,4800029,4793716,4790713,1929368
2026-07-19T14:11:17.853010+00:00,2812061.792722,1,4.336914,4.858887,4.587891,94625,94625,7,4811006,1921024,4804971,4804964,4804962,4804972,1917481,1600000,1600000,4811006,4810042,4796934,1919657
2026-07-19T14:11:18.853140+00:00,2812062.792848,1,4.336914,4.858887,4.587891,94625,94625,9,4796088,2128225,4796070,4796078,4796082,4796088,4481532,2129309,4791279,4790570,4790533,4789738,2200000
2026-07-19T14:11:19.853518+00:00,2812063.793230,1,4.309570,4.844238,4.584473,94625,94625,8,4814805,1925916,4798590,4798642,4798565,4798599,1600000,1600000,4810846,4814805,4805249,4796439,1925388
2026-07-19T14:11:20.850658+00:00,2812064.790369,1,4.309570,4.844238,4.584473,94750,94750,8,4814144,1924472,4807453,4807458,4807476,4807464,1918690,1600000,4810043,4803286,4814144,4814075,1922692
2026-07-19T14:11:21.850306+00:00,2812065.790019,1,4.309570,4.844238,4.584473,94750,94750,7,4816005,1926408,4816005,4816000,4815993,4815995,2200000,1923193,4815605,4813637,4804303,1600000,2139145
2026-07-19T14:11:22.853525+00:00,2812066.793236,1,4.309570,4.844238,4.584473,94625,94625,7,4815815,1925626,4798611,4798628,4798601,4798650,1600000,1925136,1600000,4813805,4811484,4815815,1926255
2026-07-19T14:11:23.853153+00:00,2812067.792864,1,4.309570,4.844238,4.584473,94625,94625,7,4816009,1923566,4815996,4816009,4816002,4815997,1600000,1926980,4815685,4814893,4811251,1600000,1923196
2026-07-19T14:11:24.857507+00:00,2812068.797219,1,4.284668,4.830078,4.581055,94750,94750,8,4769583,1906396,4766864,4766868,4766859,4766867,2723698,2182505,4763643,4764412,4769583,4632480,2723105
2026-07-19T14:11:25.850345+00:00,2812069.790055,1,4.284668,4.830078,4.581055,94750,94750,7,4817566,2121638,4816052,4816061,4816052,4816050,1922329,2026572,1600000,4814540,4812164,4817566,1926422
2026-07-19T14:11:26.860688+00:00,2812070.800401,1,4.284668,4.830078,4.581055,94750,94750,8,4815390,1916686,4791098,4791084,4791091,4791102,2140356,1600000,4815390,4812732,4811238,4758912,2140044
2026-07-19T14:11:27.853083+00:00,2812071.792795,1,4.284668,4.830078,4.581055,94750,94750,7,4816058,2139411,4816047,4816058,4816052,4816044,1922977,1936086,4815553,4814232,4813960,1600000,1926069
2026-07-19T14:11:28.850491+00:00,2812072.790203,1,4.284668,4.830078,4.581055,94875,94875,7,4816035,1925248,4815939,4815951,4815944,4815936,1966367,1924191,4815597,4816035,4814436,1600000,1973635
2026-07-19T14:11:29.853226+00:00,2812073.792938,1,4.261719,4.815918,4.577637,94875,94875,7,4815882,1600000,4795777,4795760,4795771,4795779,1600000,1917270,4807019,4815882,4785865,1600000,1923857
2026-07-19T14:11:30.853078+00:00,2812074.792789,1,4.261719,4.815918,4.577637,94875,94875,7,4815145,1925550,4798666,4798681,4798727,4798676,1913819,1600000,4813741,4814674,1600000,4815145,1926027
2026-07-19T14:11:31.853000+00:00,2812075.792712,1,4.261719,4.815918,4.577637,94875,94875,7,4815322,1947442,4803636,4803597,4803642,4803641,1600000,1951659,4789042,4812623,1600000,4815322,1917787
2026-07-19T14:11:32.853254+00:00,2812076.792965,1,4.261719,4.815918,4.577637,94750,94750,7,4832818,1925479,4816053,4816057,4816041,4816060,1924210,4069362,4815649,4814559,1600000,4832818,1925327
2026-07-19T14:11:33.852916+00:00,2812077.792627,1,4.261719,4.815918,4.577637,94625,94625,8,4805326,2128929,4796099,4796093,4796091,4796089,2128125,2128059,4788285,4788014,4805326,4792764,2134177
2026-07-19T14:11:34.852980+00:00,2812078.792692,1,4.240723,4.802246,4.574219,94750,94750,8,4819906,1941687,4816037,4816061,4816055,4816046,1926401,1927800,4816227,4813455,4815632,4819906,1926622
2026-07-19T14:11:35.853331+00:00,2812079.793045,1,4.240723,4.802246,4.574219,95125,95125,8,4809846,1926084,4798601,4798593,4798601,4798611,1925823,1918070,4791522,4791577,4790265,4809846,1925457
2026-07-19T14:11:36.850535+00:00,2812080.790249,1,4.240723,4.802246,4.574219,95000,95000,8,4816136,1926225,4815903,4816047,4816048,4816057,1600000,1600000,4815152,4795104,4816136,4816084,1600000
2026-07-19T14:11:37.852882+00:00,2812081.792595,1,4.240723,4.802246,4.574219,95000,95000,8,4811114,2017905,4796705,4796717,4796711,4796646,1933709,2129179,4790425,4811114,4790745,4790666,2109125
2026-07-19T14:11:38.853348+00:00,2812082.793060,1,4.240723,4.802246,4.574219,94875,94875,9,4814822,1925142,4791099,4791109,4791048,4791053,4437161,1924311,4814670,4814822,4814012,4813408,2017098
2026-07-19T14:11:39.850716+00:00,2812083.790428,1,4.221191,4.788574,4.570801,94875,94875,8,4814796,1892487,4805194,4805183,4805198,4805185,1897638,1600000,4814796,4796503,4791340,4797033,1917896
2026-07-19T14:11:40.853200+00:00,2812084.792911,1,4.221191,4.788574,4.570801,95125,95125,8,4815321,2138485,4791146,4791107,4791090,4791159,2164693,2129946,4815321,4814070,4813471,4813156,2152493
2026-07-19T14:11:41.852786+00:00,2812085.792496,1,4.221191,4.788574,4.570801,95000,95000,9,4790906,1924559,4787069,4787063,4787064,4787065,4393957,1600000,4790154,4790906,4790350,4790804,4259582
2026-07-19T14:11:42.853057+00:00,2812086.792769,1,4.221191,4.788574,4.570801,95000,95000,8,4790331,1895832,4789888,4789876,4789873,4789877,1915877,1916084,4564619,4790331,4790070,4788434,2683941
2026-07-19T14:11:43.850283+00:00,2812087.789995,1,4.221191,4.788574,4.570801,95000,95000,8,4814391,2139997,4797446,4797462,4797462,4797408,2750355,2140380,4811480,4681142,4814391,4805269,2662102
2026-07-19T14:11:44.853498+00:00,2812088.793209,1,4.203125,4.775391,4.567383,95000,95000,8,4816192,1923093,4816002,4815998,4816003,4816001,2200000,1600000,4815719,4815955,4816192,4815011,1954058
2026-07-19T14:11:45.851876+00:00,2812089.791588,1,4.203125,4.775391,4.567383,95000,95000,8,4816854,1916814,4797096,4797091,4797102,4797144,2132369,1600000,4729595,4792244,4790894,4816854,1916971
2026-07-19T14:11:46.850448+00:00,2812090.790160,1,4.203125,4.775391,4.567383,95000,95000,7,4816050,1925520,4816050,4816046,4816043,4816043,1925757,1925607,1600000,4659654,4814544,4791053,1925604
2026-07-19T14:11:47.852980+00:00,2812091.792693,1,4.203125,4.775391,4.567383,94875,94875,8,4801880,1922837,4801841,4801834,4801880,4801843,1931807,1600000,4788975,4795649,4798988,4797470,1923854
2026-07-19T14:11:48.853746+00:00,2812092.793461,1,4.203125,4.775391,4.567383,94875,94875,8,4817353,2107292,4816044,4816035,4816038,4816050,2139615,2138901,4779016,4814533,4817353,4808737,2127402
2026-07-19T14:11:49.853049+00:00,2812093.792762,1,4.186523,4.762207,4.563965,94875,94875,8,4815988,1925887,4784948,4784950,4784952,4784943,2128475,2065213,4815988,4813649,4809413,4813787,2193830
2026-07-19T14:11:50.850262+00:00,2812094.789974,1,4.186523,4.762207,4.563965,95000,95000,8,4816023,1992328,4816006,4816010,4816023,4816008,1936384,1925367,4799380,4813848,4790521,4814947,2139519
2026-07-19T14:11:51.849969+00:00,2812095.789681,1,4.186523,4.762207,4.563965,94875,94875,8,4815982,2135673,4815974,4815978,4815926,4815982,1926140,2134475,4781013,4814690,4815818,4809442,1924899
2026-07-19T14:11:52.851652+00:00,2812096.791363,1,4.186523,4.762207,4.563965,94875,94875,8,4817712,2135075,4805850,4805812,4805849,4805850,2137934,2164972,4793501,4816658,4817712,4811458,2136594
2026-07-19T14:11:53.852890+00:00,2812097.792602,1,4.186523,4.762207,4.563965,94875,94875,8,4815981,1955465,4810837,4810836,4810850,4810783,1600000,2114055,4800380,4812566,4815981,4792923,1924797
2026-07-19T14:11:54.853302+00:00,2812098.793014,1,4.251953,4.766602,4.566406,94875,94875,7,4815668,1955555,4811049,4811043,4811049,4811044,1909005,1692266,4812442,4467827,4815668,4013184,1855072
2026-07-19T14:11:55.852884+00:00,2812099.792596,1,4.251953,4.766602,4.566406,94875,94875,8,4810960,1918557,4798547,4798597,4798541,4798529,1964868,1919028,4761244,4785059,4791798,4810960,1922778
2026-07-19T14:11:56.853006+00:00,2812100.792723,1,4.251953,4.766602,4.566406,94875,94875,7,4810739,1925782,4798577,4798568,4798572,4798597,1600000,1924538,4810739,4799718,1600000,4804557,1923225
2026-07-19T14:11:57.853306+00:00,2812101.793018,1,4.251953,4.766602,4.566406,95000,95000,8,4816411,1924755,4785844,4785841,4785846,4785859,2125606,1600000,4816411,4813291,4784397,4809574,2007006
2026-07-19T14:11:58.852897+00:00,2812102.792609,1,4.251953,4.766602,4.566406,94875,94875,8,4814033,1914986,4805704,4805691,4805679,4805686,2684750,1915793,4789876,4814033,4790474,4791111,3202697
2026-07-19T14:11:59.852894+00:00,2812103.792606,1,4.872559,4.886719,4.606445,94875,94875,8,4813336,1918216,4800568,4800555,4800579,4800563,1920083,1916094,4811324,4813090,4812399,4813336,1918622
2026-07-19T14:12:00.850586+00:00,2812104.790298,1,4.872559,4.886719,4.606445,94875,94875,8,4815748,1924569,4791653,4791643,4791655,4791643,2125755,1600000,4813694,4785315,4800888,4815748,2134526
2026-07-19T14:12:01.853014+00:00,2812105.792726,1,4.872559,4.886719,4.606445,94875,94875,8,4816298,1943234,4815996,4816003,4816001,4816010,2139661,1600000,4816298,4812558,4816042,4816220,1954908
2026-07-19T14:12:02.852976+00:00,2812106.792688,1,4.872559,4.886719,4.606445,94875,94875,8,4818092,1926003,4798591,4798598,4798599,4798592,1925750,1859029,4814269,4812784,4791781,4818092,2140352
2026-07-19T14:12:03.853411+00:00,2812107.793123,1,4.872559,4.886719,4.606445,95000,95000,8,4818090,2013411,4810201,4810224,4810161,4810212,1925957,1956503,4815491,4816242,4795540,4818090,1916619
2026-07-19T14:12:04.853012+00:00,2812108.792725,1,4.802246,4.871582,4.603027,95000,95000,8,4816058,1925258,4798597,4798581,4798585,4798584,1924623,1926302,4816058,4798579,4815891,4815682,1924848
2026-07-19T14:12:05.853212+00:00,2812109.792924,1,4.802246,4.871582,4.603027,95000,95000,7,4808745,1925763,4804724,4804699,4804733,4804695,1925777,1925911,1600000,4808745,4808118,4807890,1933546
2026-07-19T14:12:06.853505+00:00,2812110.793216,1,4.802246,4.871582,4.603027,94875,94875,8,4813710,2645894,4791118,4791126,4791120,4791114,2068499,3076980,4813710,4812970,4812872,4813388,2029559
2026-07-19T14:12:07.853091+00:00,2812111.792803,1,4.802246,4.871582,4.603027,94875,94875,8,4814294,1926295,4807261,4807270,4807255,4807274,1925887,1933437,4814206,4813058,4804571,4814294,1925284
2026-07-19T14:12:08.852911+00:00,2812112.792623,1,4.802246,4.871582,4.603027,94875,94875,6,4815211,1920579,4804988,4805028,4805037,4805028,1600000,1924569,1600000,4815211,4807658,1600000,1925303
2026-07-19T14:12:09.849892+00:00,2812113.789605,1,4.737793,4.856934,4.599609,94875,94875,10,4749812,2593431,4738795,4738747,4738792,4738792,4740565,2688063,4713379,4738172,4749812,4743720,4738799
2026-07-19T14:12:10.850742+00:00,2812114.790453,1,4.737793,4.856934,4.599609,95125,95125,7,4816052,1925716,4816044,4816052,4816041,4816048,1925555,1926006,1600000,4815567,4812435,4805342,1925686
2026-07-19T14:12:11.853339+00:00,2812115.793052,1,4.737793,4.856934,4.599609,95000,95000,8,4816470,1925779,4816067,4816038,4816051,4816044,1600000,1600000,4816470,4815355,4815438,4806557,1925570
2026-07-19T14:12:12.853564+00:00,2812116.793276,1,4.737793,4.856934,4.599609,94875,94875,8,4816017,1925883,4816011,4816016,4816017,4816009,1600000,1925806,4815781,4787678,4814984,4813793,1925862
2026-07-19T14:12:13.852531+00:00,2812117.792243,1,4.737793,4.856934,4.599609,95000,95000,7,4820680,1600000,4808088,4808079,4808085,4808038,1925938,1600000,4817791,4810729,4820680,1600000,1922062
2026-07-19T14:12:14.853065+00:00,2812118.792778,1,4.678711,4.842285,4.596191,95000,95000,7,4811499,1917987,4799014,4799035,4799022,4799029,1916474,1916259,4791255,1600000,4811499,4789971,1925889
2026-07-19T14:12:15.852974+00:00,2812119.792686,1,4.678711,4.842285,4.596191,95000,95000,8,4803288,1915309,4794204,4794211,4794207,4794211,1925977,2751309,4767441,4803288,4791753,4783744,1900509
2026-07-19T14:12:16.853359+00:00,2812120.793070,1,4.678711,4.842285,4.596191,95000,95000,8,4810478,1917195,4798541,4798527,4798527,4798521,1921797,2107694,4801407,4791623,4810478,4809370,1921090
2026-07-19T14:12:17.853019+00:00,2812121.792732,1,4.678711,4.842285,4.596191,95000,95000,7,4818825,1924914,4805962,4805985,4805999,4805991,1916998,2139830,4799103,4817774,1600000,4818825,2630086
2026-07-19T14:12:18.853059+00:00,2812122.792775,1,4.678711,4.842285,4.596191,95000,95000,8,4807366,1895043,4803509,4803489,4803491,4803497,1917267,1890199,4794509,4807366,4795861,4759888,1883060
2026-07-19T14:12:19.853258+00:00,2812123.792970,1,4.704590,4.845215,4.598633,95000,95000,8,4813666,1921986,4808568,4808551,4808567,4808576,1921669,1924960,4799357,4813666,4795122,4793948,1921382
2026-07-19T14:12:20.853247+00:00,2812124.792964,1,4.704590,4.845215,4.598633,95000,95000,8,4815836,1868509,4796071,4796069,4796078,4796081,2116909,1921820,4792318,4811596,4790314,4815836,2052250
2026-07-19T14:12:21.852963+00:00,2812125.792674,1,4.704590,4.845215,4.598633,95000,95000,8,4816950,1925465,4815981,4815995,4815989,4815988,1925403,2139096,4811931,4816426,4816950,4758743,1925617
2026-07-19T14:12:22.853340+00:00,2812126.793052,1,4.704590,4.845215,4.598633,95000,95000,8,4796281,1915833,4788617,4788603,4788635,4788601,2138158,1923363,4793888,4796281,4773706,4792023,2735649
2026-07-19T14:12:23.853272+00:00,2812127.792988,1,4.704590,4.845215,4.598633,95000,95000,8,4816353,2083895,4816023,4816037,4816033,4816032,1925797,1600000,4790759,4816353,4814763,4787937,1926148
2026-07-19T14:12:24.853088+00:00,2812128.792800,1,4.647949,4.831055,4.595215,95000,95000,8,4800463,1916381,4800414,4800421,4800422,4800463,2131041,1924270,4792768,4792165,4792386,4798883,2131310
2026-07-19T14:12:25.852610+00:00,2812129.792322,1,4.647949,4.831055,4.595215,94875,94875,8,4811753,2015640,4803526,4803554,4803518,4803560,1915511,2128937,4800399,4811572,4811753,4800839,1921550
2026-07-19T14:12:26.850585+00:00,2812130.790297,1,4.647949,4.831055,4.595215,94875,94875,7,4815799,1600000,4797721,4797769,4797714,4797722,1916133,1932645,4815799,4800517,1600000,4806331,1920209
2026-07-19T14:12:27.850155+00:00,2812131.789866,1,4.647949,4.831055,4.595215,94750,94750,10,4814476,1925572,4789578,4789567,4789569,4789564,4767055,1600000,4793889,4814476,4805766,4797943,4592405
2026-07-19T14:12:28.853475+00:00,2812132.793187,1,4.647949,4.831055,4.595215,94750,94750,8,4816004,1921039,4815988,4815995,4815997,4816004,1600000,1916046,4795860,4806407,4802115,4813583,1925948
2026-07-19T14:12:29.853021+00:00,2812133.792734,1,4.595703,4.816895,4.591797,94750,94750,8,4818383,1925684,4816018,4816032,4816038,4816033,1600000,1600000,4815934,4812549,4818383,4814755,1600000
2026-07-19T14:12:30.852877+00:00,2812134.792589,1,4.595703,4.816895,4.591797,94875,94875,8,4804844,2134110,4804827,4804800,4804807,4804844,2258727,2133036,4792006,4792706,4791375,4793212,2252834
2026-07-19T14:12:31.853488+00:00,2812135.793199,1,4.595703,4.816895,4.591797,94875,94875,8,4815042,1917741,4809963,4809976,4809978,4809937,1922160,1915915,4815042,4804548,4812799,4792766,1922508
2026-07-19T14:12:32.853090+00:00,2812136.792802,1,4.595703,4.816895,4.591797,94875,94875,8,4813726,1600000,4797132,4797118,4797126,4797138,2128237,1914860,4813726,4790412,4791109,4798155,2127864
2026-07-19T14:12:33.850449+00:00,2812137.790160,1,4.595703,4.816895,4.591797,94875,94875,8,4810593,2131392,4799486,4799477,4799473,4799461,2129377,2139703,4810593,4810358,4808422,4801585,2129076
2026-07-19T14:12:34.853695+00:00,2812138.793408,1,4.547852,4.803223,4.588379,94875,94875,7,4812111,1600000,4791082,4791075,4791022,4791093,1917707,2116382,4803021,1600000,4687819,4812111,1921624
2026-07-19T14:12:35.853135+00:00,2812139.792847,1,4.547852,4.803223,4.588379,94875,94875,8,4815757,2138809,4791099,4791106,4791166,4791103,2100862,2140161,4810837,4815030,4813949,4815757,1926205
2026-07-19T14:12:36.853027+00:00,2812140.792738,1,4.547852,4.803223,4.588379,94875,94875,8,4815319,2132060,4798776,4798852,4798778,4798775,2112129,2200000,4815319,4813953,4789239,4794399,1942884
2026-07-19T14:12:37.853572+00:00,2812141.793283,1,4.547852,4.803223,4.588379,94875,94875,6,4815813,1600000,4803054,4803052,4803049,4803045,1929860,1600000,4815813,4814073,1600000,1600000,1941696
2026-07-19T14:12:38.854398+00:00,2812142.794108,1,4.547852,4.803223,4.588379,94875,94875,8,4815134,1968579,4796437,4796430,4796435,4796446,2135053,1600000,4810906,4811061,4813241,4815134,2134413
2026-07-19T14:12:39.852972+00:00,2812143.792684,1,4.503906,4.789551,4.584961,94875,94875,8,4812655,1928725,4806043,4806091,4806041,4806050,1922610,2136034,4812655,4805271,4775647,4812014,1916393
2026-07-19T14:12:40.853649+00:00,2812144.793364,1,4.503906,4.789551,4.584961,94875,94875,8,4815969,1926157,4815951,4815969,4815951,4815957,1924272,1925222,4815577,4815509,4802429,4804879,1926045
2026-07-19T14:12:41.851137+00:00,2812145.790847,1,4.503906,4.789551,4.584961,94875,94875,8,4817921,1965715,4793559,4793562,4793559,4793567,2137720,1917982,4790217,4793934,4817921,4811759,2137839
2026-07-19T14:12:42.853154+00:00,2812146.792867,1,4.503906,4.789551,4.584961,94875,94875,8,4817926,1927149,4816016,4816018,4816029,4816019,1924859,1937310,4817363,4817926,4815797,4817517,2136977
2026-07-19T14:12:43.853000+00:00,2812147.792712,1,4.503906,4.789551,4.584961,95000,95000,8,4816049,1924443,4816044,4816044,4816039,4816049,1898016,1927269,4815698,4812541,4796618,4814639,2139529
2026-07-19T14:12:44.852655+00:00,2812148.792367,1,4.463379,4.776367,4.581543,95000,95000,10,4742548,4725926,4742508,4742548,4742542,4742536,2349946,4741385,4724094,4742464,4739996,4732730,2171277
2026-07-19T14:12:45.853104+00:00,2812149.792816,1,4.463379,4.776367,4.581543,95000,95000,8,4820253,2084432,4798549,4798565,4798555,4798564,1600000,1948005,4815704,4820253,4813044,4813772,1600000
2026-07-19T14:12:46.853002+00:00,2812150.792713,1,4.463379,4.776367,4.581543,95125,95125,8,4710536,2097367,4690790,4690829,4690820,4690505,1862676,2071194,4710536,4603706,4581991,4609450,1839863
2026-07-19T14:12:47.853395+00:00,2812151.793107,1,4.463379,4.776367,4.581543,95125,95125,8,4803068,1917855,4803068,4803057,4803065,4803057,2127811,1924265,4782634,4792328,4795468,4795544,1916041
2026-07-19T14:12:48.853119+00:00,2812152.792831,1,4.463379,4.776367,4.581543,95000,95000,7,4816057,1926040,4816046,4816048,4816057,4816048,1925271,1925932,1600000,4811566,4814674,4810033,1600000
2026-07-19T14:12:49.853133+00:00,2812153.792849,1,4.666992,4.813477,4.594727,95000,95000,6,4816031,1600000,4796905,4796902,4796908,4796839,1924930,1924232,1600000,4804090,4816031,1600000,1925816
2026-07-19T14:12:50.853414+00:00,2812154.793121,1,4.666992,4.813477,4.594727,94875,94875,9,4814468,1925119,4788584,4788582,4788599,4788592,1926374,1924684,4807206,4788087,4809062,4814468,4763212
2026-07-19T14:12:51.853079+00:00,2812155.792792,1,4.666992,4.813477,4.594727,94875,94875,7,4816415,1922771,4797563,4797547,4797601,4797562,1600000,1600000,4815385,4790773,4816415,1600000,1916550
2026-07-19T14:12:52.852921+00:00,2812156.792633,1,4.666992,4.813477,4.594727,95000,95000,8,4815467,2140009,4797175,4797179,4797196,4797147,2138039,2137836,4798961,4815467,4815293,4799828,2010227
2026-07-19T14:12:53.853492+00:00,2812157.793206,1,4.666992,4.813477,4.594727,95000,95000,7,4791166,1920196,4784696,4784695,4784060,4784546,2130665,1600000,4791166,1600000,4779889,4785390,2132073
2026-07-19T14:12:54.853019+00:00,2812158.792726,1,4.613281,4.799805,4.591309,95000,95000,8,4816050,1917313,4816045,4816047,4816050,4816034,3588775,1981114,4795877,4789732,4815866,4812925,2748086
2026-07-19T14:12:55.852830+00:00,2812159.792541,1,4.613281,4.799805,4.591309,95000,95000,8,4794229,1916745,4792214,4792210,4792204,4792206,1926159,1921875,4790785,4794229,4789456,4793378,1917139
2026-07-19T14:12:56.850339+00:00,2812160.790051,1,4.613281,4.799805,4.591309,95000,95000,8,4816034,1926048,4816031,4816015,4816034,4816029,2127157,1924939,4814696,4797002,4811304,4813632,1924657
2026-07-19T14:12:57.851917+00:00,2812161.791628,1,4.613281,4.799805,4.591309,94875,94875,8,4812499,1931880,4796093,4796092,4796088,4796066,1920398,1925514,4804878,4793221,4812499,4810994,1911268
2026-07-19T14:12:58.853162+00:00,2812162.792873,1,4.613281,4.799805,4.591309,94875,94875,8,4813387,1600000,4806867,4806836,4806838,4806870,1924928,1600000,4804471,4792123,4813387,4808491,1916312
2026-07-19T14:12:59.856039+00:00,2812163.795750,1,4.563965,4.786133,4.587891,95000,95000,6,4813641,1921774,4810390,4810377,4810391,4810340,1916981,1600000,4807315,4813641,1600000,1600000,1923153
2026-07-19T14:13:00.853170+00:00,2812164.792882,1,4.563965,4.786133,4.587891,95125,95125,7,4745384,2107246,4744883,4744893,4744891,4744874,2710855,2108845,4742192,4745384,4742556,2200000,2712686
2026-07-19T14:13:01.852984+00:00,2812165.792695,1,4.563965,4.786133,4.587891,95125,95125,8,4815990,1925904,4815990,4815984,4815980,4815965,2140051,1940271,4815099,4815012,4815549,4815051,2140435
2026-07-19T14:13:02.852992+00:00,2812166.792704,1,4.563965,4.786133,4.587891,95125,95125,8,4807011,1920317,4791130,4791115,4791116,4791055,1921005,1911741,4807011,4792438,4802314,4791298,1916728
2026-07-19T14:13:03.850104+00:00,2812167.789817,1,4.563965,4.786133,4.587891,95000,95000,8,4816254,1925437,4800841,4800855,4800855,4800844,2118657,1925550,4811559,4815320,4798015,4816254,2137136
2026-07-19T14:13:04.852913+00:00,2812168.792625,1,4.518555,4.772949,4.584473,95000,95000,8,4798461,1999804,4798461,4798441,4798460,4798449,1926381,1916663,4791046,4792277,4791345,4790759,2131412
2026-07-19T14:13:05.852466+00:00,2812169.792175,1,4.518555,4.772949,4.584473,95125,95125,8,4797103,2126438,4788571,4788533,4788585,4788593,3277823,2128847,4797103,4796912,4771223,4788757,3356078
2026-07-19T14:13:06.853292+00:00,2812170.793007,1,4.518555,4.772949,4.584473,95125,95125,7,4816063,1925814,4816044,4816063,4816059,4816040,1925710,1600000,1600000,4811037,4812539,4810390,1978074
2026-07-19T14:13:07.853220+00:00,2812171.792936,1,4.518555,4.772949,4.584473,95000,95000,8,4806378,1918932,4798668,4798666,4798682,4798671,1600000,1600000,4805811,4806378,4796774,4790959,1915936
2026-07-19T14:13:08.852983+00:00,2812172.792695,1,4.518555,4.772949,4.584473,95125,95125,8,4813874,1923048,4796060,4796059,4796043,4796046,1600000,1600000,4813874,4799183,4809127,4802028,1919048
2026-07-19T14:13:09.853319+00:00,2812173.793033,1,4.476562,4.759766,4.581055,95000,95000,8,4818908,1600000,4808902,4808938,4808942,4808895,1600000,1925363,4809238,4815468,4818908,4794185,2000547
2026-07-19T14:13:10.852975+00:00,2812174.792687,1,4.476562,4.759766,4.581055,95000,95000,8,4815833,1925931,4805584,4805591,4805596,4805575,2128025,1600000,4803668,4808569,4815833,4789922,2136926
2026-07-19T14:13:11.852941+00:00,2812175.792652,1,4.476562,4.759766,4.581055,94875,94875,8,4816022,1925831,4815985,4815987,4815988,4815975,2750629,1600000,4791859,4816022,4806398,4792734,2749216
2026-07-19T14:13:12.853338+00:00,2812176.793050,1,4.476562,4.759766,4.581055,94875,94875,6,4814698,1925612,4791816,4791807,4791808,4791803,1925366,1600000,4811837,4814698,2200000,1600000,1924760
2026-07-19T14:13:13.853014+00:00,2812177.792726,1,4.476562,4.759766,4.581055,95000,95000,7,4816062,2024138,4816062,4816054,4816051,4816051,1925573,2116684,4814610,4807434,4812109,1600000,1923887
2026-07-19T14:13:14.853035+00:00,2812178.792747,1,4.437988,4.747070,4.577637,95000,95000,7,4816453,2126090,4816046,4816046,4816045,4816047,1919123,1600000,4814604,4816453,1600000,4814207,1926187
2026-07-19T14:13:15.853424+00:00,2812179.793136,1,4.437988,4.747070,4.577637,95125,95125,8,4814127,1929996,4796107,4796101,4796119,4796130,1914122,1926186,4807872,4808382,4813996,4814127,1923837
2026-07-19T14:13:16.850671+00:00,2812180.790383,1,4.437988,4.747070,4.577637,95125,95125,8,4817106,2140454,4816051,4816056,4816053,4816064,1600000,1600000,4791714,4816640,4790427,4817106,1925198
2026-07-19T14:13:17.853117+00:00,2812181.792829,1,4.437988,4.747070,4.577637,95000,95000,8,4815935,1923373,4815927,4815927,4815925,4815935,1600000,1956968,4815608,4815779,4814933,4803795,1600000
2026-07-19T14:13:18.853483+00:00,2812182.793196,1,4.437988,4.747070,4.577637,95000,95000,6,4811196,1925260,4791102,4791111,4791112,4791169,1600000,1918569,1600000,4793358,1600000,4811196,1600000
2026-07-19T14:13:19.853100+00:00,2812183.792813,1,4.483398,4.751465,4.580078,94875,94875,6,4814831,2155305,4807487,4807499,4807499,4807492,1600000,1921740,1600000,4814734,4814831,1600000,1922559
2026-07-19T14:13:20.853213+00:00,2812184.792924,1,4.483398,4.751465,4.580078,94875,94875,7,4811994,1925800,4807027,4807011,4807026,4807015,1923679,2200000,4788325,4811994,1600000,4794461,1926129
2026-07-19T14:13:21.853512+00:00,2812185.793225,1,4.483398,4.751465,4.580078,94875,94875,6,4816056,1926034,4816056,4816054,4816031,4816046,2050565,1925098,4815891,4815517,1600000,1600000,2139984
2026-07-19T14:13:22.853112+00:00,2812186.792824,1,4.483398,4.751465,4.580078,95000,95000,7,4816055,1600000,4816050,4816052,4816055,4816043,2200000,1925821,1600000,4815202,4800437,4808680,1929021
2026-07-19T14:13:23.851538+00:00,2812187.791249,1,4.483398,4.751465,4.580078,95000,95000,5,4815201,1925533,4791440,4791441,4791444,4791439,1600000,1921582,1600000,2200000,4815201,1600000,1925648
2026-07-19T14:13:24.853609+00:00,2812188.793320,1,4.444336,4.738770,4.576660,95125,95125,7,4810697,1965098,4788079,4788075,4788072,4788079,2135333,1600000,1600000,4808686,4790406,4810697,1600000
2026-07-19T14:13:25.853171+00:00,2812189.792883,1,4.444336,4.738770,4.576660,95125,95125,8,4819969,1944247,4798624,4798613,4798607,4798610,1600000,1944475,4819969,4787592,4816577,4815565,1942604
2026-07-19T14:13:26.852867+00:00,2812190.792578,1,4.444336,4.738770,4.576660,95125,95125,8,4814105,2130734,4798250,4798247,4798260,4798250,2139929,1916486,4786293,4812661,4810940,4814105,2136887
2026-07-19T14:13:27.856415+00:00,2812191.796123,1,4.444336,4.738770,4.576660,95125,95125,10,4787145,4382072,4743510,4743504,4743503,4743505,1904991,4530112,4776825,4787145,4768697,4757714,1897393
2026-07-19T14:13:28.850475+00:00,2812192.790187,1,4.444336,4.738770,4.576660,95125,95125,6,4819861,1600000,4816030,4815987,4816036,4816027,1925830,1923682,4813640,4819861,1600000,1600000,1925561
2026-07-19T14:13:29.853023+00:00,2812193.792735,1,4.408691,4.726074,4.573242,95125,95125,8,4824035,2119908,4815330,4815302,4815320,4815315,1905422,2077730,4776062,4813607,4824035,4766503,2001406
2026-07-19T14:13:30.852998+00:00,2812194.792714,1,4.408691,4.726074,4.573242,95125,95125,8,4816000,1905083,4815998,4816000,4815990,4815995,1848608,1902703,4814474,4815214,4815549,4815944,1925804
2026-07-19T14:13:31.853275+00:00,2812195.792987,1,4.408691,4.726074,4.573242,95000,95000,8,4808352,1921346,4803374,4803362,4803444,4803375,1600000,1979248,4788604,4792206,4808352,4787709,1916954
2026-07-19T14:13:32.852880+00:00,2812196.792592,1,4.408691,4.726074,4.573242,95000,95000,8,4815578,2140169,4805779,4805788,4805781,4805818,1926267,2130550,4810959,4787424,4815578,4815111,1930256
2026-07-19T14:13:33.852954+00:00,2812197.792666,1,4.408691,4.726074,4.573242,95000,95000,8,4811123,1936582,4808167,4808151,4808145,4808149,1925937,2131937,4793179,4792116,4811123,4792952,2138406
2026-07-19T14:13:34.853322+00:00,2812198.793034,1,4.456055,4.730957,4.575684,94875,94875,7,4816053,1932231,4809022,4809039,4809029,4809024,1922554,1929358,1600000,4816053,4814511,4815302,1925616
2026-07-19T14:13:35.853008+00:00,2812199.792720,1,4.456055,4.730957,4.575684,95000,95000,7,4817858,1922972,4787335,4787331,4787338,4787328,1600000,1600000,4759746,4768191,4817858,1600000,1908559
2026-07-19T14:13:36.853770+00:00,2812200.793481,1,4.456055,4.730957,4.575684,95000,95000,7,4820028,1899260,4816049,4816061,4816042,4816040,2139280,1899198,4820028,4663504,4818023,1600000,2139919
2026-07-19T14:13:37.854567+00:00,2812201.794279,1,4.456055,4.730957,4.575684,95000,95000,5,4815942,1919594,4778574,4778462,4778566,4778484,1600000,1925457,4815942,1600000,1600000,1600000,1920866
2026-07-19T14:13:38.853387+00:00,2812202.793104,1,4.456055,4.730957,4.575684,95000,95000,8,4789002,1916282,4788551,4788548,4788541,4788553,1997079,1913409,4789002,4787458,4784228,4781060,2127933
2026-07-19T14:13:39.850222+00:00,2812203.789933,1,4.419434,4.718750,4.572266,95000,95000,8,4816044,1919212,4791021,4791098,4791099,4791099,3491074,1925577,4801357,4816044,4803335,4792582,4322027
2026-07-19T14:13:40.851049+00:00,2812204.790761,1,4.419434,4.718750,4.572266,95000,95000,8,4815983,2137596,4815983,4815974,4815982,4815974,2128672,2135670,4813088,4812738,4813530,4811862,1923533
2026-07-19T14:13:41.853053+00:00,2812205.792764,1,4.419434,4.718750,4.572266,95000,95000,8,4830755,1925370,4799803,4799797,4799806,4799808,2088003,1922966,4815741,4807753,4795060,4830755,2139385
2026-07-19T14:13:42.850315+00:00,2812206.790026,1,4.419434,4.718750,4.572266,95125,95125,10,4764557,4738875,4746313,4746302,4746309,4746324,2098829,4746317,4764557,4757152,4750006,4757194,2115554
2026-07-19T14:13:43.859959+00:00,2812207.799668,1,4.419434,4.718750,4.572266,95250,95250,10,4717864,1877762,4690150,4690153,4690150,4690149,4717864,1600000,4717664,4696026,4693216,4717691,4690144
2026-07-19T14:13:44.853097+00:00,2812208.792807,1,4.466309,4.723633,4.574707,95375,95375,8,4765300,2723222,4728807,4728823,4728809,4728806,4038429,4223685,4765300,4762851,4764592,4739199,2153637
2026-07-19T14:13:45.852943+00:00,2812209.792655,1,4.466309,4.723633,4.574707,95375,95375,8,4816039,1926365,4816017,4816010,4816020,4816008,1926013,2008714,4815289,4815455,4816039,4814875,1925920
2026-07-19T14:13:46.852897+00:00,2812210.792608,1,4.466309,4.723633,4.574707,95250,95250,8,4813996,1920834,4791091,4791080,4791105,4791076,1966275,1934566,4813996,4798532,4792867,4806709,1918800
2026-07-19T14:13:47.853479+00:00,2812211.793195,1,4.466309,4.723633,4.574707,95125,95125,7,4807556,1925670,4791122,4791121,4791123,4791063,1918330,1915461,4807203,4795909,1600000,4807556,1924900
2026-07-19T14:13:48.853202+00:00,2812212.792914,1,4.466309,4.723633,4.574707,95125,95125,8,4815107,2131629,4805539,4805553,4805564,4805552,1600000,2134630,4813323,4815107,4789334,4813077,1920567
2026-07-19T14:13:49.850347+00:00,2812213.790057,1,4.428711,4.711426,4.571289,95125,95125,7,4814410,1923636,4796139,4796137,4796132,4796137,1917898,1978213,4812266,4811044,4814410,1600000,1914733
2026-07-19T14:13:50.853184+00:00,2812214.792897,1,4.428711,4.711426,4.571289,95000,95000,7,4816824,1600000,4798855,4798924,4798922,4798860,1600000,1924737,4816824,1600000,4815558,4793193,1921284
2026-07-19T14:13:51.852930+00:00,2812215.792643,1,4.428711,4.711426,4.571289,95000,95000,8,4814635,2138553,4805849,4805861,4805858,4805858,1925776,2136570,4807401,4813287,4814635,4791108,1920588
2026-07-19T14:13:52.852991+00:00,2812216.792702,1,4.428711,4.711426,4.571289,95000,95000,6,4817071,1923613,4801171,4801169,4801170,4801221,1600000,1600000,4799251,1600000,4817071,1600000,1917234
2026-07-19T14:13:53.850864+00:00,2812217.790576,1,4.428711,4.711426,4.571289,95000,95000,7,4817845,1924705,4803592,4803608,4803596,4803581,1600000,1600000,4817845,4812039,4806935,1600000,2115596
2026-07-19T14:13:54.853118+00:00,2812218.792830,1,4.394043,4.699219,4.567871,95125,95125,8,4816105,2139112,4815967,4815981,4815978,4815984,1600000,2139700,4813125,4815373,4816105,4813836,1926208
2026-07-19T14:13:55.853036+00:00,2812219.792748,1,4.394043,4.699219,4.567871,95000,95000,7,4811476,1923107,4800843,4800849,4800852,4800891,1925047,1918081,4811476,4790363,4790925,1600000,1600000
2026-07-19T14:13:56.853325+00:00,2812220.793037,1,4.394043,4.699219,4.567871,95000,95000,7,4814556,1600000,4801315,4801333,4801339,4801343,1917053,2135924,4814556,4814383,1600000,4814231,1923843
2026-07-19T14:13:57.853076+00:00,2812221.792788,1,4.394043,4.699219,4.567871,95000,95000,8,4816369,1894952,4798072,4798078,4798084,4798077,1600000,2104385,4816369,4802437,4813567,4791825,1916364
2026-07-19T14:13:58.853071+00:00,2812222.792783,1,4.394043,4.699219,4.567871,95000,95000,8,4817614,1925073,4816070,4816052,4816057,4816043,1925779,1600000,4817614,4817020,4792975,4811040,1924189
2026-07-19T14:13:59.853373+00:00,2812223.793084,1,4.362305,4.687500,4.564453,95000,95000,8,4816479,2738758,4810455,4810434,4810424,4810439,1925602,2140460,4816479,4814323,4791510,4790775,2130169
2026-07-19T14:14:00.854485+00:00,2812224.794197,1,4.362305,4.687500,4.564453,95000,95000,10,4815990,1925445,4815983,4815956,4815990,4815990,4438442,1925811,4814496,4813727,4811689,4813554,4496750
2026-07-19T14:14:01.852925+00:00,2812225.792637,1,4.362305,4.687500,4.564453,95000,95000,10,4783701,4765630,4767844,4767849,4767839,4767856,2072545,4767841,4771667,4769565,4765760,4783701,1908624
2026-07-19T14:14:02.853420+00:00,2812226.793132,1,4.362305,4.687500,4.564453,95125,95125,8,4813617,2139831,4798436,4798448,4798443,4798449,1600000,2130989,4801879,4812931,4812809,4813617,1925355
2026-07-19T14:14:03.850606+00:00,2812227.790318,1,4.362305,4.687500,4.564453,95125,95125,8,4793295,1915378,4773683,4773677,4773678,4773715,1912650,1600000,4789341,4786705,4781748,4793295,1917673
2026-07-19T14:14:04.852918+00:00,2812228.792631,1,4.333008,4.675781,4.561035,95125,95125,5,4815479,1921607,4799967,4799934,4799909,4799963,1600000,1917745,4815479,1600000,1600000,1600000,2091528
2026-07-19T14:14:05.853471+00:00,2812229.793184,1,4.333008,4.675781,4.561035,95000,95000,6,4812527,1919305,4803593,4803593,4803556,4803591,1600000,1600000,4803734,1600000,1600000,4812527,1916083
2026-07-19T14:14:06.853402+00:00,2812230.793118,1,4.333008,4.675781,4.561035,95000,95000,6,4817103,1925391,4816046,4816046,4816055,4816052,1600000,2014205,4817103,4814973,1600000,1600000,1925615
2026-07-19T14:14:07.852802+00:00,2812231.792515,1,4.333008,4.675781,4.561035,95000,95000,8,4801812,2128991,4733551,4733529,4733526,4733516,2735624,2130261,4735021,4721125,4733526,4801812,2735887
2026-07-19T14:14:08.853507+00:00,2812232.793219,1,4.333008,4.675781,4.561035,95000,95000,7,4814931,1925567,4803493,4803499,4803533,4803515,1925581,1600000,4793339,4801968,1600000,4814931,1600000
2026-07-19T14:14:09.853125+00:00,2812233.792839,1,4.707031,4.748047,4.584961,95000,95000,8,4815989,3645888,4815983,4815976,4815972,4815989,2138738,2200000,4814866,4814793,4815593,4814860,2138964
2026-07-19T14:14:10.853002+00:00,2812234.792712,1,4.707031,4.748047,4.584961,95000,95000,8,4815816,1972785,4805304,4805317,4805326,4805314,1922156,1600000,4812211,4791473,4790101,4815816,1923282
2026-07-19T14:14:11.850541+00:00,2812235.790253,1,4.707031,4.748047,4.584961,95000,95000,8,4793370,2139245,4786647,4786655,4786634,4786628,1916589,1600000,4793370,4792692,4785592,4792330,1915093
2026-07-19T14:14:12.853153+00:00,2812236.792864,1,4.707031,4.748047,4.584961,95125,95125,8,4815777,1952211,4800540,4800539,4800519,4800541,1925885,2104593,4815617,4795600,4815662,4815777,1925791
2026-07-19T14:14:13.853094+00:00,2812237.792806,1,4.707031,4.748047,4.584961,95000,95000,8,4814571,1915634,4798177,4798168,4798170,4798120,1916733,2062829,4796007,4791242,4814571,4787980,2095954
2026-07-19T14:14:14.853247+00:00,2812238.792960,1,4.650391,4.735352,4.581543,95000,95000,8,4808716,1865715,4801068,4801048,4801057,4801051,1921846,2118884,4789477,4797385,4808716,4787258,1600000
2026-07-19T14:14:15.853246+00:00,2812239.792957,1,4.650391,4.735352,4.581543,95000,95000,8,4814236,1916462,4796324,4796314,4796323,4796321,2130734,1924311,4814236,4810408,4795378,4793317,2130064
2026-07-19T14:14:16.853049+00:00,2812240.792762,1,4.650391,4.735352,4.581543,95000,95000,8,4791096,2138842,4791096,4791047,4791088,4791091,1918001,2125926,4790367,4790317,4789888,4790150,1919198
2026-07-19T14:14:17.853006+00:00,2812241.792718,1,4.650391,4.735352,4.581543,95000,95000,7,4815037,1917454,4801046,4801031,4801063,4801085,1968422,1600000,4815037,4776621,1600000,4789002,2697450
2026-07-19T14:14:18.853257+00:00,2812242.792969,1,4.650391,4.735352,4.581543,94875,94875,8,4814721,1925438,4808689,4808681,4808688,4808689,2734429,2121972,4812320,4813109,4814721,4814306,1925651
2026-07-19T14:14:19.850523+00:00,2812243.790235,1,4.678711,4.739746,4.583984,95000,95000,8,4816071,2737567,4816039,4816071,4816058,4816062,1600000,4350000,4812363,4811469,4813886,4815635,1925929
2026-07-19T14:14:20.851650+00:00,2812244.791361,1,4.678711,4.739746,4.583984,94875,94875,7,4816595,1923899,4800736,4800747,4800733,4800731,1600000,1925704,1600000,4814833,4816595,4809445,1917484
2026-07-19T14:14:21.853312+00:00,2812245.793025,1,4.678711,4.739746,4.583984,94875,94875,5,4810649,1917261,4810590,4810593,4810649,4810587,1924832,1600000,1600000,4786539,1600000,1600000,1916987
2026-07-19T14:14:22.853038+00:00,2812246.792750,1,4.678711,4.739746,4.583984,95000,95000,8,4821387,1918438,4798585,4798575,4798572,4798576,3981507,2751661,4816805,4800097,4817376,4821387,1925692
2026-07-19T14:14:23.853144+00:00,2812247.792856,1,4.678711,4.739746,4.583984,94875,94875,5,4796116,1916442,4796109,4796103,4796108,4796116,2034369,1915739,4788890,1600000,1600000,1600000,2649031
2026-07-19T14:14:24.852570+00:00,2812248.792284,1,4.624023,4.727051,4.580566,94875,94875,8,4815961,1903579,4696463,4696155,4696163,4696159,2295095,1896865,4743253,4815961,4705424,4746637,3679688
2026-07-19T14:14:25.852955+00:00,2812249.792663,1,4.624023,4.727051,4.580566,95125,95125,6,4816020,1925481,4816020,4816019,4816014,4816004,1926296,2031537,4814278,1600000,4814525,1600000,1926260
2026-07-19T14:14:26.852581+00:00,2812250.792293,1,4.624023,4.727051,4.580566,95000,95000,8,4816043,1920698,4816043,4816036,4816042,4816041,1925372,1925881,4814111,4793058,4814324,4793874,1925025
2026-07-19T14:14:27.853453+00:00,2812251.793165,1,4.624023,4.727051,4.580566,95000,95000,8,4839223,1600000,4809983,4809988,4809981,4809973,1932571,1928759,4839223,4813302,4807581,4810002,1922451
2026-07-19T14:14:28.853072+00:00,2812252.792783,1,4.624023,4.727051,4.580566,95125,95125,6,4807491,1904838,4767302,4767292,4767315,4767312,1928696,1908697,4767300,4807491,1600000,1600000,1952827
2026-07-19T14:14:29.850275+00:00,2812253.789987,1,4.573730,4.714844,4.577148,95125,95125,7,4813386,2128230,4799798,4799788,4799792,4799788,1918027,2129167,4804623,4791151,4813386,1600000,1916367
2026-07-19T14:14:30.852592+00:00,2812254.792304,1,4.573730,4.714844,4.577148,95125,95125,10,4809572,1905435,4801745,4801737,4801765,4801766,4801761,1907140,4765243,4765206,4765228,4809572,4762661
2026-07-19T14:14:31.853074+00:00,2812255.792786,1,4.573730,4.714844,4.577148,95125,95125,8,4816050,1926348,4816024,4816035,4816033,4816050,1924933,1940222,4791099,4814428,4815793,4815477,1925966
2026-07-19T14:14:32.857525+00:00,2812256.797235,1,4.573730,4.714844,4.577148,95000,95000,8,4815690,1925957,4805116,4805137,4805129,4805128,1600000,1600000,4802276,4815246,4815302,4815690,2239507
2026-07-19T14:14:33.853512+00:00,2812257.793224,1,4.573730,4.714844,4.577148,95125,95125,8,4819655,1925681,4816054,4816055,4816032,4816056,2132872,1600000,4818470,4819655,4816431,4815779,2138201
2026-07-19T14:14:34.853119+00:00,2812258.792831,1,4.607910,4.719727,4.579590,95125,95125,8,4816566,2251385,4815991,4815995,4815968,4816003,1600000,2752033,4803301,4816566,4815504,4815334,1925794
2026-07-19T14:14:35.852958+00:00,2812259.792670,1,4.607910,4.719727,4.579590,95125,95125,8,4816026,1922934,4790464,4790459,4790475,4790472,2138452,1925086,4814011,4787734,4811852,4816026,2139647
2026-07-19T14:14:36.853620+00:00,2812260.793331,1,4.607910,4.719727,4.579590,95125,95125,8,4814528,1924344,4809006,4809013,4809012,4809006,1600000,1600000,4814333,4814528,4811961,4799601,1925753
2026-07-19T14:14:37.853173+00:00,2812261.792885,1,4.607910,4.719727,4.579590,95000,95000,6,4816060,1923660,4816045,4816054,4816051,4816050,1600000,1600000,1600000,4816060,4812935,1600000,1600000
2026-07-19T14:14:38.852968+00:00,2812262.792680,1,4.607910,4.719727,4.579590,95000,95000,7,4818208,1600000,4816049,4816056,4816052,4816048,1600000,1600000,4818208,4816823,1600000,4807137,1600000
2026-07-19T14:14:39.852998+00:00,2812263.792709,1,4.559082,4.707520,4.576172,95000,95000,8,4815970,1925787,4810730,4810697,4810724,4810719,1928404,1937243,4815056,4815233,4815970,4815544,1928641
2026-07-19T14:14:40.853271+00:00,2812264.792982,1,4.559082,4.707520,4.576172,95000,95000,7,4816234,2023817,4808510,4808521,4808486,4808505,1600000,1981054,1600000,4815054,4792369,4816234,1925315
2026-07-19T14:14:41.853041+00:00,2812265.792752,1,4.559082,4.707520,4.576172,94875,94875,5,4814983,1915754,4798228,4798078,4798239,4798199,1920024,1917375,1600000,4814983,1600000,1600000,1600000
2026-07-19T14:14:42.852802+00:00,2812266.792514,1,4.559082,4.707520,4.576172,94875,94875,8,4816911,1925407,4803684,4803613,4803680,4803678,1926338,1925285,4814954,4816911,4814788,4812675,2547694
2026-07-19T14:14:43.853278+00:00,2812267.792989,1,4.559082,4.707520,4.576172,94875,94875,8,4816910,2750746,4815989,4815988,4815985,4815985,1926130,1600000,4798646,4816910,4815000,4813502,1925688
2026-07-19T14:14:44.852982+00:00,2812268.792694,1,4.674805,4.729004,4.583984,94875,94875,8,4802285,1926013,4791113,4791062,4791111,4791108,2139048,1916982,4789130,4801836,4802285,4793601,1916689
2026-07-19T14:14:45.853373+00:00,2812269.793084,1,4.674805,4.729004,4.583984,94875,94875,8,4815589,1926045,4798260,4798324,4798307,4798269,1919864,2137260,4815589,4815246,4814980,4784085,1600000
2026-07-19T14:14:46.853362+00:00,2812270.793076,1,4.674805,4.729004,4.583984,95000,95000,8,4814721,1925735,4796354,4796358,4796334,4796351,1925029,1600000,4813753,4802632,4814121,4814721,1925107
2026-07-19T14:14:47.850788+00:00,2812271.790504,1,4.674805,4.729004,4.583984,95125,95125,6,4816105,2104570,4816021,4816024,4816026,4816016,1895242,1925715,4816105,4814508,1600000,1600000,1925874
2026-07-19T14:14:48.851449+00:00,2812272.791160,1,4.674805,4.729004,4.583984,95125,95125,8,4791101,2128619,4791097,4791101,4791083,4791092,1970994,2128796,4790154,4784104,4791101,4787903,1915790
2026-07-19T14:14:49.853444+00:00,2812273.793156,1,5.261719,4.850098,4.624023,95125,95125,8,4788558,1885264,4788556,4788558,4788545,4788539,2042502,1915637,4763229,4742002,4719248,4749296,1885708
2026-07-19T14:14:50.853058+00:00,2812274.792770,1,5.261719,4.850098,4.624023,95125,95125,8,4816053,2139922,4816053,4816040,4816048,4816047,2140417,1925839,4815435,4815337,4811911,4814573,2140054
2026-07-19T14:14:51.853083+00:00,2812275.792795,1,5.261719,4.850098,4.624023,95125,95125,8,4815631,1917586,4775097,4775207,4775094,4775055,1916242,1916643,4806992,4815631,4790788,4805475,1916147
2026-07-19T14:14:52.853833+00:00,2812276.793549,1,5.261719,4.850098,4.624023,95125,95125,6,4813355,1923080,4798547,4798553,4798593,4798594,1923512,1916226,1600000,4794074,4813355,1600000,1925618
2026-07-19T14:14:53.853074+00:00,2812277.792786,1,5.261719,4.850098,4.624023,95000,95000,8,4815630,2128952,4796151,4796133,4796140,4796134,2131159,1929268,4810471,4808689,4815630,4810329,2128404
2026-07-19T14:14:54.853175+00:00,2812278.792886,1,5.160645,4.835938,4.620605,95000,95000,7,4818522,1925192,4816001,4816020,4816006,4815999,1600000,1924209,1600000,4818223,4818522,4816868,1925997
2026-07-19T14:14:55.852899+00:00,2812279.792611,1,5.160645,4.835938,4.620605,95000,95000,8,4803509,2127958,4803478,4803475,4803473,4803509,2129564,2129893,4791770,4789280,4788151,4791276,2127525
2026-07-19T14:14:56.853227+00:00,2812280.792939,1,5.160645,4.835938,4.620605,95125,95125,6,4815996,1923200,4815996,4815986,4815985,4815984,1925814,1600000,4814866,4815318,1600000,1600000,1924772
2026-07-19T14:14:57.853936+00:00,2812281.793647,1,5.160645,4.835938,4.620605,95000,95000,8,4802027,1925167,4798593,4798597,4798607,4798560,2055699,1924561,4791568,4795177,4798265,4802027,2139641
2026-07-19T14:14:58.850191+00:00,2812282.789903,1,5.160645,4.835938,4.620605,95125,95125,8,4819283,1961254,4798672,4798621,4798608,4798666,1925808,2139615,4819283,4815767,4815906,4799859,1925059
2026-07-19T14:14:59.853149+00:00,2812283.792861,1,5.147461,4.838867,4.623047,95000,95000,8,4813820,1925631,4798516,4798517,4798518,4798510,1600000,1600000,4800206,4813820,4797660,4796290,2007076
2026-07-19T14:15:00.868506+00:00,2812284.808216,1,5.147461,4.838867,4.623047,95125,95125,9,4767852,1904416,4745066,4745066,4745086,4745064,4767852,1899565,1600000,4764007,4762093,4761087,4745072
2026-07-19T14:15:01.852987+00:00,2812285.792698,1,5.147461,4.838867,4.623047,95125,95125,7,4795731,1923628,4795725,4795727,4795731,4795730,1905478,1918040,1600000,4791376,4789662,4786108,1913376
2026-07-19T14:15:02.850259+00:00,2812286.789974,1,5.147461,4.838867,4.623047,95125,95125,8,4815456,1925305,4798278,4798292,4798292,4798286,1600000,1926766,4815363,4813151,4808701,4815456,1925702
2026-07-19T14:15:03.852986+00:00,2812287.792699,1,5.147461,4.838867,4.623047,95000,95000,7,4816800,1924296,4816014,4816009,4816005,4816013,1600000,1600000,4788091,4815965,4816800,1600000,1922276
2026-07-19T14:15:04.850504+00:00,2812288.790217,1,5.055176,4.824707,4.619629,95125,95125,6,4815920,1926084,4815911,4815908,4815920,4815908,1600000,1924982,4788764,4790141,1600000,1600000,1916213
2026-07-19T14:15:05.850266+00:00,2812289.789977,1,5.055176,4.824707,4.619629,95125,95125,8,4790115,1910537,4773532,4773664,4773413,4773673,4368466,1600000,1600000,4790115,4768219,1600000,4782900
2026-07-19T14:15:06.853012+00:00,2812290.792724,1,5.055176,4.824707,4.619629,95125,95125,7,4815992,1904961,4815987,4815985,4815989,4815992,1600000,1600000,4809882,4812855,1600000,4812628,1600000
2026-07-19T14:15:07.853007+00:00,2812291.792720,1,5.055176,4.824707,4.619629,95000,95000,7,4812517,1600000,4800774,4800772,4800767,4800832,1917031,1600000,4793256,4796246,1600000,4812517,1600000
2026-07-19T14:15:08.853312+00:00,2812292.793023,1,5.055176,4.824707,4.619629,95000,95000,8,4821229,1977783,4783633,4783641,4783625,4783547,1897719,1600000,4821229,4811362,4790854,4771421,1884489
2026-07-19T14:15:09.852959+00:00,2812293.792675,1,4.970215,4.810547,4.616211,94875,94875,8,4799247,1916622,4798093,4798086,4798079,4798126,2129405,2056070,4781531,4799247,4795593,4790568,2135947
2026-07-19T14:15:10.853759+00:00,2812294.793472,1,4.970215,4.810547,4.616211,95000,95000,8,4817800,1924086,4804187,4803926,4804188,4804156,1921506,1925730,4812654,4816833,4808764,4817800,1925828
2026-07-19T14:15:11.853413+00:00,2812295.793125,1,4.970215,4.810547,4.616211,95000,95000,7,4813662,1923760,4798590,4798549,4798583,4798592,1925885,1925478,4789171,4807618,4350000,4813662,1920204
2026-07-19T14:15:12.853002+00:00,2812296.792714,1,4.970215,4.810547,4.616211,95000,95000,7,4816057,1600000,4816028,4816038,4816039,4816057,1925712,2132337,1600000,4815412,4815033,4813693,1925821
2026-07-19T14:15:13.853174+00:00,2812297.792885,1,4.970215,4.810547,4.616211,95000,95000,7,4815994,1937286,4815994,4815974,4815987,4815973,2138344,1600000,1600000,4800040,4793105,4808756,1925769
2026-07-19T14:15:14.853432+00:00,2812298.793145,1,4.892090,4.796875,4.612793,95000,95000,8,4749689,1600000,4699688,4699723,4699698,4699713,1913418,1886071,4707224,4631174,4727979,4749689,1885119
2026-07-19T14:15:15.853064+00:00,2812299.792776,1,4.892090,4.796875,4.612793,94875,94875,5,4797509,1923883,4797505,4797490,4797475,4797509,1920930,1920629,1600000,4791130,1600000,1600000,1925741
2026-07-19T14:15:16.853084+00:00,2812300.792796,1,4.892090,4.796875,4.612793,95125,95125,7,4811213,1916435,4807354,4807316,4807326,4807318,1600000,1922912,1600000,4811213,4807439,4809199,1600000
2026-07-19T14:15:17.853518+00:00,2812301.793233,1,4.892090,4.796875,4.612793,94875,94875,6,4813382,1925122,4798606,4798595,4798557,4798599,1600000,1924920,1600000,4813382,4793459,1600000,1925366
2026-07-19T14:15:18.851036+00:00,2812302.790751,1,4.892090,4.796875,4.612793,94875,94875,8,4813952,2010124,4798567,4798646,4798656,4798606,1600000,1600000,4810970,4813225,4370449,4813952,1924585
2026-07-19T14:15:19.850665+00:00,2812303.790378,1,4.820312,4.783203,4.609375,94750,94750,6,4819044,2128696,4798582,4798561,4798574,4798516,1925688,2140399,1600000,4819044,4811717,1600000,1925542
2026-07-19T14:15:20.852846+00:00,2812304.792556,1,4.820312,4.783203,4.609375,94750,94750,7,4802596,1923965,4802585,4802559,4802545,4802596,4639984,1925031,4791186,4793891,1600000,1600000,2492494
2026-07-19T14:15:21.853177+00:00,2812305.792889,1,4.820312,4.783203,4.609375,94750,94750,8,4816237,2140436,4816033,4816028,4816021,4816023,3250362,2140293,4816237,4814590,4813971,4813326,1969936
2026-07-19T14:15:22.853335+00:00,2812306.793047,1,4.820312,4.783203,4.609375,94750,94750,6,4816624,2018240,4805438,4805426,4805415,4805439,1917660,1909613,4816624,4792112,1600000,1600000,1916885
2026-07-19T14:15:23.850561+00:00,2812307.790272,1,4.820312,4.783203,4.609375,95125,95125,8,4731151,2689633,4699647,4699644,4699657,4699649,2075620,2671686,4699971,4726180,4731151,4724489,2092022
2026-07-19T14:15:24.851992+00:00,2812308.791703,1,4.915039,4.803711,4.617188,95375,95375,7,4752448,2040176,4752448,4752448,4752432,4752446,1889723,1987827,4479600,4731336,1600000,4752446,1903550
2026-07-19T14:15:25.852953+00:00,2812309.792666,1,4.915039,4.803711,4.617188,95750,95750,9,4815074,3448418,4782577,4782585,4782582,4782570,2138718,4668934,4814874,4815074,4696436,4762029,2130095
2026-07-19T14:15:26.850473+00:00,2812310.790184,1,4.915039,4.803711,4.617188,95875,95875,8,4720579,2091178,4720569,4720579,4720562,4720546,2055298,2048161,4651960,4700632,4693936,4497262,2109182
2026-07-19T14:15:27.853219+00:00,2812311.792931,1,4.915039,4.803711,4.617188,95875,95875,8,4797358,1919348,4783856,4783856,4783855,4783856,2727958,1915820,4767424,4789813,4797358,4789800,2725171
2026-07-19T14:15:28.853235+00:00,2812312.792946,1,4.915039,4.803711,4.617188,95625,95625,6,4803373,1926269,4798501,4798514,4798501,4798510,2139462,1928846,4796097,4803373,1600000,1600000,1600000
2026-07-19T14:15:29.852981+00:00,2812313.792693,1,4.841309,4.790039,4.613770,95375,95375,5,4811752,1600000,4803680,4803673,4803672,4803677,2138606,1600000,1600000,4811752,1600000,1600000,1600000
2026-07-19T14:15:30.853296+00:00,2812314.793008,1,4.841309,4.790039,4.613770,95250,95250,8,4816349,1925916,4793432,4793420,4793426,4793421,1931803,1962856,4816349,4809364,4814246,4709039,1600000
2026-07-19T14:15:31.850509+00:00,2812315.790221,1,4.841309,4.790039,4.613770,95125,95125,7,4816032,1924666,4816021,4816032,4816028,4816024,1924675,1926088,4815143,4804225,4806168,1600000,1902635
2026-07-19T14:15:32.850091+00:00,2812316.789802,1,4.841309,4.790039,4.613770,95125,95125,12,4638948,4534899,4565817,4565787,4565837,4565823,4526637,4565830,4531692,4580006,4578078,4638948,4555662
2026-07-19T14:15:33.853339+00:00,2812317.793047,1,4.841309,4.790039,4.613770,95500,95500,12,4665453,4657495,4657498,4657493,4657493,4657417,4657485,4657499,4665453,4657493,4579008,4567520,4657486
2026-07-19T14:15:34.853460+00:00,2812318.793169,1,4.854492,4.793945,4.616211,95750,95750,10,4702267,2132730,4615224,4615215,4615184,4615131,4623043,2649236,4702267,4661184,4672074,4573179,4596402
2026-07-19T14:15:35.856533+00:00,2812319.796242,1,4.854492,4.793945,4.616211,95875,95875,10,4789646,4780110,4753269,4753261,4753263,4753275,1942947,4752637,4789646,4771203,4783953,4780847,1943120
2026-07-19T14:15:36.853354+00:00,2812320.793065,1,4.854492,4.793945,4.616211,95875,95875,7,4814167,1600000,4787736,4787735,4787745,4787750,1915570,2089308,4811365,4793801,1600000,4814167,1917396
2026-07-19T14:15:37.853066+00:00,2812321.792778,1,4.854492,4.793945,4.616211,95625,95625,8,4815323,2018243,4790161,4790160,4790171,4790161,1894605,1896800,4731700,4736845,4790818,4815323,2119352
2026-07-19T14:15:38.852974+00:00,2812322.792686,1,4.854492,4.793945,4.616211,95375,95375,8,4797139,2131370,4797132,4797084,4797139,4797134,1915603,1978506,4784871,4794008,4790741,4794219,1918379
2026-07-19T14:15:39.853481+00:00,2812323.793196,1,4.785645,4.780762,4.612793,95375,95375,10,4819176,4816042,4787024,4786963,4787031,4787028,1926096,4786492,4814807,4819176,4778180,4778730,2690984
2026-07-19T14:15:40.853065+00:00,2812324.792779,1,4.785645,4.780762,4.612793,95500,95500,7,4632965,1840731,4601875,4601881,4601859,4601851,1851044,2057787,4601877,4625630,4632965,1600000,1844185
2026-07-19T14:15:41.854449+00:00,2812325.794159,1,4.785645,4.780762,4.612793,95750,95750,8,4763914,2114738,4717435,4717448,4717428,4717433,3551262,2101302,4750762,4699921,4752271,4763914,4025841
2026-07-19T14:15:42.853535+00:00,2812326.793248,1,4.785645,4.780762,4.612793,96000,96000,12,4780038,4548727,4548754,4548745,4548750,4548900,4548736,4528257,4556242,4548761,4611703,4780038,4546505
2026-07-19T14:15:43.853091+00:00,2812327.792801,1,4.785645,4.780762,4.612793,96125,96125,10,4815837,2135852,4791682,4791697,4791677,4791680,4791670,2135309,4800387,4765886,4815837,4792921,4815050
2026-07-19T14:15:44.853002+00:00,2812328.792715,1,4.722656,4.767578,4.609375,95750,95750,7,4818606,1925014,4816005,4816008,4816015,4816013,1915304,1916439,1600000,4818606,4810951,4799192,1925735
2026-07-19T14:15:45.853180+00:00,2812329.792892,1,4.722656,4.767578,4.609375,95625,95625,7,4813844,1924751,4791099,4791096,4791092,4791096,1918132,1925889,2200000,4813844,4802771,4792582,1600000
2026-07-19T14:15:46.853181+00:00,2812330.792894,1,4.722656,4.767578,4.609375,95375,95375,7,4819728,1925737,4815971,4815971,4815982,4815969,2138302,1600000,1600000,4815883,4815841,4819728,2136964
2026-07-19T14:15:47.853073+00:00,2812331.792784,1,4.722656,4.767578,4.609375,95250,95250,8,4814411,2000191,4805597,4805597,4805587,4805592,1600000,1924964,4814411,4789823,4813631,4789359,1926039
2026-07-19T14:15:48.851200+00:00,2812332.790911,1,4.722656,4.767578,4.609375,95125,95125,8,4814844,1925335,4810637,4810675,4810680,4810628,1920384,1600000,4792582,4814844,4792340,4802291,1600000
2026-07-19T14:15:49.853520+00:00,2812333.793236,1,4.664551,4.754395,4.605957,95125,95125,8,4817204,1600000,4798606,4798602,4798607,4798591,1925520,1600000,4817204,4788612,4811770,4813237,1925174
2026-07-19T14:15:50.850439+00:00,2812334.790151,1,4.664551,4.754395,4.605957,95000,95000,8,4815851,2994660,4798457,4798459,4798457,4798462,2129630,2137124,4798420,4791423,4815851,4815374,2132269
2026-07-19T14:15:51.853688+00:00,2812335.793400,1,4.664551,4.754395,4.605957,95000,95000,7,4809977,1926046,4794487,4794417,4794891,4794538,2237378,1924203,4793813,4792065,1600000,4809977,1926116
2026-07-19T14:15:52.853236+00:00,2812336.792948,1,4.664551,4.754395,4.605957,95000,95000,7,4815938,1924660,4815927,4815926,4815938,4815925,2197019,1600000,1600000,4805153,4799538,4790322,2137910
2026-07-19T14:15:53.852898+00:00,2812337.792611,1,4.664551,4.754395,4.605957,95000,95000,9,4811894,1927287,4791172,4791167,4791179,4791172,4219057,2618650,4808138,4795390,4811894,4794687,4639166
2026-07-19T14:15:54.852975+00:00,2812338.792692,1,4.691895,4.758789,4.608398,94875,94875,6,4792409,2734205,4786320,4786324,4786324,4786265,1917033,1600000,1600000,1600000,4787141,4792409,1914534
2026-07-19T14:15:55.853359+00:00,2812339.793071,1,4.691895,4.758789,4.608398,94875,94875,7,4815906,1923181,4815906,4815898,4815883,4815901,1600000,1925890,4811495,1600000,4813822,4808807,1926317
2026-07-19T14:15:56.853049+00:00,2812340.792761,1,4.691895,4.758789,4.608398,95000,95000,7,4805680,1925870,4805680,4805630,4805634,4805624,1917125,1918192,4791288,4786791,1600000,4791509,1926400
2026-07-19T14:15:57.850378+00:00,2812341.790090,1,4.691895,4.758789,4.608398,94875,94875,8,4818045,1921417,4816050,4816053,4816043,4816053,1925801,1925065,4808074,4814478,4808388,4818045,1926208
2026-07-19T14:15:58.853369+00:00,2812342.793081,1,4.691895,4.758789,4.608398,94875,94875,7,4834934,1984236,4794234,4794226,4794241,4794281,1600000,1954686,4834934,1600000,4820547,4807595,2751912
2026-07-19T14:15:59.853017+00:00,2812343.792733,1,4.636230,4.746094,4.604980,94875,94875,7,4813609,1600000,4796112,4796113,4796123,4796126,1925715,1925572,4788101,2200000,4810320,4813609,1600000
2026-07-19T14:16:00.852977+00:00,2812344.792690,1,4.636230,4.746094,4.604980,95000,95000,7,4817371,1925404,4798628,4798660,4798574,4798635,1926054,1600000,4749931,1600000,4742113,4817371,1917374
2026-07-19T14:16:01.853570+00:00,2812345.793282,1,4.636230,4.746094,4.604980,95000,95000,6,4816504,2018719,4815976,4815996,4815978,4815990,1600000,1916702,4816504,4806422,1600000,1600000,2019257
2026-07-19T14:16:02.853011+00:00,2812346.792723,1,4.636230,4.746094,4.604980,95000,95000,6,4816063,2136585,4800013,4800010,4800025,4800023,1924341,2200000,1600000,4813656,4816063,1600000,1923453
2026-07-19T14:16:03.852860+00:00,2812347.792569,1,4.636230,4.746094,4.604980,94875,94875,8,4816049,1925703,4816031,4816042,4816038,4816049,1924495,2132474,4815557,4815956,4812028,4816044,1926405
2026-07-19T14:16:04.853524+00:00,2812348.793240,1,4.584961,4.733398,4.601562,95000,95000,6,4822413,1926461,4791001,4791089,4791071,4791016,1925620,1917436,1600000,4822413,4808750,1600000,1919534
2026-07-19T14:16:05.853432+00:00,2812349.793148,1,4.584961,4.733398,4.601562,94875,94875,5,4816052,2135041,4816040,4816049,4816052,4816042,1600000,2022834,1600000,1600000,1600000,4804623,1923123
2026-07-19T14:16:06.852992+00:00,2812350.792704,1,4.584961,4.733398,4.601562,95000,95000,8,4793242,2131542,4787623,4787627,4787614,4787626,1916638,2137009,4791672,4790036,4793242,4792345,1917126
2026-07-19T14:16:07.850403+00:00,2812351.790116,1,4.584961,4.733398,4.601562,94875,94875,8,4814948,1934956,4791082,4791095,4791105,4791078,1925244,1925897,4814658,4814085,4814948,4802008,1909045
2026-07-19T14:16:08.853114+00:00,2812352.792826,1,4.584961,4.733398,4.601562,94875,94875,6,4807751,1600000,4807723,4807749,4807751,4807722,1919784,1922524,1600000,1600000,4806461,4805426,2127638
2026-07-19T14:16:09.852943+00:00,2812353.792660,1,4.538086,4.721191,4.598145,94875,94875,8,4818093,1916011,4816003,4815983,4816002,4815991,2139744,1926417,4791099,4776536,4818093,4816456,1921310
2026-07-19T14:16:10.851269+00:00,2812354.790981,1,4.538086,4.721191,4.598145,94875,94875,6,4815987,1925898,4815979,4815974,4815966,4815987,1968719,1922329,4790319,1600000,2200000,4812768,2002524
2026-07-19T14:16:11.853147+00:00,2812355.792859,1,4.538086,4.721191,4.598145,94875,94875,8,4815521,1923879,4804084,4804055,4804053,4804047,1940078,1600000,4815521,4813533,4797668,4802685,2131700
2026-07-19T14:16:12.852906+00:00,2812356.792618,1,4.538086,4.721191,4.598145,94875,94875,8,4816022,1965217,4816022,4816010,4816011,4816009,1924243,1926107,4795113,4795347,4807821,4789520,1925776
2026-07-19T14:16:13.853269+00:00,2812357.792982,1,4.538086,4.721191,4.598145,95000,95000,7,4816727,1921373,4815934,4815935,4815952,4815944,1600000,1600000,4816727,4814903,2200000,4814873,1600000
2026-07-19T14:16:14.853215+00:00,2812358.792927,1,4.575195,4.726074,4.600586,94875,94875,7,4816493,1600000,4816041,4816050,4816051,4816051,1600000,1600000,4816493,4814232,1600000,4810739,1923657
2026-07-19T14:16:15.853152+00:00,2812359.792864,1,4.575195,4.726074,4.600586,94750,94750,5,4815987,1600000,4815987,4815984,4815983,4815972,1600000,1916752,1600000,4815459,1600000,1600000,1600000
2026-07-19T14:16:16.852971+00:00,2812360.792682,1,4.575195,4.726074,4.600586,94750,94750,8,4816053,1924993,4816047,4816042,4816053,4816051,1916608,1923510,4814655,4815036,4791132,4812574,1923251
2026-07-19T14:16:17.853310+00:00,2812361.793022,1,4.575195,4.726074,4.600586,94750,94750,8,4816167,1924462,4791106,4791038,4791090,4791106,1925952,1600000,4816167,4781129,4800542,4774242,1924945
2026-07-19T14:16:18.853152+00:00,2812362.792864,1,4.575195,4.726074,4.600586,94750,94750,6,4805804,1600000,4805797,4805798,4805804,4805798,1916641,1600000,4785970,4790604,1600000,1600000,1600000
2026-07-19T14:16:19.850218+00:00,2812363.789929,1,4.528809,4.713867,4.597168,94875,94875,6,4815796,1926535,4798899,4796096,4798893,4798932,1925879,1965788,4815796,4812918,1600000,1600000,1926104
2026-07-19T14:16:20.852740+00:00,2812364.792450,1,4.528809,4.713867,4.597168,94750,94750,7,4813747,1925669,4791285,4791289,4791284,4791289,4350000,1600000,4791651,4813747,4805486,1600000,1600000
2026-07-19T14:16:21.853110+00:00,2812365.792822,1,4.528809,4.713867,4.597168,94750,94750,7,4807152,1600000,4796101,4796097,4796092,4796108,1923648,1600000,4789206,4789317,2200000,4807152,1600000
2026-07-19T14:16:22.853772+00:00,2812366.793484,1,4.528809,4.713867,4.597168,94750,94750,6,4804878,1922371,4798316,4798323,4798309,4798372,1873171,1600000,4803572,1600000,4804878,1600000,1600000
2026-07-19T14:16:23.850320+00:00,2812367.790033,1,4.528809,4.713867,4.597168,94750,94750,8,4803971,2083199,4796102,4796089,4796098,4796108,3812258,2069647,4787936,4803971,4788719,4796110,2136646
2026-07-19T14:16:24.853114+00:00,2812368.792826,1,4.566895,4.718750,4.599609,94875,94875,6,4820319,2200000,4816045,4816043,4816053,4816036,1926269,1600000,4817413,4820319,1600000,1600000,1916133
2026-07-19T14:16:25.853087+00:00,2812369.792799,1,4.566895,4.718750,4.599609,94750,94750,8,4816063,1926361,4816051,4816063,4816037,4816044,1923090,1922871,4816052,4800398,4808871,4814185,1944791
2026-07-19T14:16:26.853454+00:00,2812370.793166,1,4.566895,4.718750,4.599609,94875,94875,7,4812929,1925884,4735941,4735939,4735910,4735929,1600000,1923718,4738253,4735939,1600000,4812929,1878952
2026-07-19T14:16:27.853431+00:00,2812371.793147,1,4.566895,4.718750,4.599609,94875,94875,7,4809975,1922057,4798537,4798494,4798541,4798540,1600000,1946306,4808506,1600000,4787632,4809975,1924871
2026-07-19T14:16:28.853815+00:00,2812372.793523,1,4.566895,4.718750,4.599609,95000,95000,8,4812941,2965660,4740095,4740087,4740083,4740080,2103722,4038590,4764706,4741475,4812941,4741543,2106415
2026-07-19T14:16:29.857138+00:00,2812373.796849,1,4.762207,4.756836,4.612793,95375,95375,10,4721905,2714784,4703548,4703421,4703376,4703419,4707265,4593199,4573926,4721905,4679664,4703415,4090916
2026-07-19T14:16:30.853184+00:00,2812374.792897,1,4.762207,4.756836,4.612793,95625,95625,8,4713766,2031517,4678641,4678665,4678665,4678682,3657735,2033434,4568115,4585587,4573330,4713766,3244347
2026-07-19T14:16:31.853956+00:00,2812375.793674,1,4.762207,4.756836,4.612793,95875,95875,8,4776901,1983246,4776843,4776843,4776901,4776852,1906481,1908274,4770357,4776854,4775805,4756386,1924020
2026-07-19T14:16:32.853547+00:00,2812376.793259,1,4.762207,4.756836,4.612793,95875,95875,8,4813118,2140195,4810363,4810371,4810367,4810360,2049639,2138460,4810091,4812116,4811221,4813118,2086171
2026-07-19T14:16:33.853175+00:00,2812377.792886,1,4.762207,4.756836,4.612793,95625,95625,8,4816161,2133969,4798636,4798688,4798684,4798629,1924857,3899079,4815417,4816161,4814152,4797014,1918262
2026-07-19T14:16:34.853004+00:00,2812378.792716,1,4.700684,4.744141,4.609375,95375,95375,7,4809445,1917094,4798918,4798953,4798965,4798912,2134254,1925654,4806773,1600000,4809445,4808650,2132446
2026-07-19T14:16:35.853030+00:00,2812379.792743,1,4.700684,4.744141,4.609375,95375,95375,7,4816041,1922528,4791348,4791352,4791354,4791418,1975366,1925500,1600000,4815770,4816041,4815968,1600000
2026-07-19T14:16:36.850784+00:00,2812380.790496,1,4.700684,4.744141,4.609375,95250,95250,8,4792058,1918667,4788595,4788592,4788595,4788596,1916165,1924981,4792058,4790702,4791012,4786971,1916407
2026-07-19T14:16:37.853018+00:00,2812381.792729,1,4.700684,4.744141,4.609375,95000,95000,8,4821228,1917879,4805929,4805938,4805927,4805930,1923374,2053451,4816026,4809527,4804259,4821228,1923079
2026-07-19T14:16:38.850426+00:00,2812382.790139,1,4.700684,4.744141,4.609375,95000,95000,8,4810674,1924945,4801134,4801128,4801127,4801146,1600000,1600000,4810499,4398964,4789569,4810674,2106447
2026-07-19T14:16:39.849858+00:00,2812383.789568,1,4.644531,4.731445,4.605957,95125,95125,12,4693278,4504174,4503940,4504210,4503140,4503486,4502928,4501825,4570718,4494233,4693278,4367572,4502974
2026-07-19T14:16:40.853279+00:00,2812384.792991,1,4.644531,4.731445,4.605957,95625,95625,10,4725438,2090366,4703611,4703601,4703616,4703590,4678058,2092941,4708848,4725438,4685918,4699878,4703600
2026-07-19T14:16:41.853060+00:00,2812385.792778,1,4.644531,4.731445,4.605957,95875,95875,10,4707902,2084341,4692622,4692612,4692585,4692619,4677617,2554470,4692647,4657069,4668747,4707902,4522803
2026-07-19T14:16:42.852764+00:00,2812386.792476,1,4.644531,4.731445,4.605957,95875,95875,10,4722616,2696485,4692523,4692516,4692527,4692546,4657840,2239772,4692540,4697292,4722616,4692274,4386965
2026-07-19T14:16:43.853023+00:00,2812387.792736,1,4.644531,4.731445,4.605957,96000,96000,10,4830138,2091001,4691405,4691410,4691488,4691420,4679925,2200000,4590985,4715671,4830138,4684311,4691400
2026-07-19T14:16:44.854975+00:00,2812388.794685,1,4.673340,4.736328,4.608398,96250,96250,9,4741014,2668061,4710136,4710150,4710134,4710018,4710125,2253160,4741014,4724448,4740962,1600000,4710196
2026-07-19T14:16:45.858546+00:00,2812389.798258,1,4.673340,4.736328,4.608398,96125,96125,11,4762009,4746228,4712969,4712959,4712965,4712959,4293135,4712951,4664005,4712181,4746467,4762009,4714820
2026-07-19T14:16:46.853001+00:00,2812390.792712,1,4.673340,4.736328,4.608398,96125,96125,8,4823721,2115149,4791087,4791095,4791086,4791085,2128502,1926529,4810168,4815437,4823721,4792414,2092431
2026-07-19T14:16:47.853813+00:00,2812391.793524,1,4.673340,4.736328,4.608398,95750,95750,5,4798610,1919768,4798575,4798610,4798603,4798609,1600000,1926215,4788713,1600000,1600000,1600000,1925549
2026-07-19T14:16:48.853437+00:00,2812392.793148,1,4.673340,4.736328,4.608398,95500,95500,6,4802494,1916255,4802494,4802484,4802480,4802483,1600000,1919452,4792331,1600000,4794984,1600000,2053447
2026-07-19T14:16:49.853171+00:00,2812393.792882,1,4.619141,4.723633,4.604980,95375,95375,7,4815912,2750724,4799674,4799701,4799678,4799670,2139328,4815912,4805167,4797531,1600000,1600000,1958968
2026-07-19T14:16:50.852923+00:00,2812394.792638,1,4.619141,4.723633,4.604980,95375,95375,10,4780391,4763672,4763660,4763674,4763664,4763645,1889734,4766739,4765739,4765302,4780391,4770512,1906147
2026-07-19T14:16:51.853500+00:00,2812395.793208,1,4.619141,4.723633,4.604980,95500,95500,9,4735924,2703588,4708700,4708714,4708595,4708706,3882216,4436201,4690879,4688696,4735924,4708159,3335969
2026-07-19T14:16:52.854296+00:00,2812396.794005,1,4.619141,4.723633,4.604980,95750,95750,12,4654835,4622214,4622214,4622223,4622144,4622208,4653047,4622221,4622199,4633795,4654835,4622218,4622210
2026-07-19T14:16:53.850337+00:00,2812397.790045,1,4.619141,4.723633,4.604980,95875,95875,10,4785163,2574038,4771139,4771148,4771147,4771136,4763435,3513956,4779868,4785163,4777121,4769037,4770455
2026-07-19T14:16:54.850549+00:00,2812398.790261,1,4.649902,4.728516,4.607422,95875,95875,8,4817770,2136592,4787799,4787807,4787791,4787795,2002462,2137264,4816733,4817770,4808927,4809153,1924848
2026-07-19T14:16:55.850718+00:00,2812399.790430,1,4.649902,4.728516,4.607422,95625,95625,8,4814671,1931777,4804230,4804235,4804298,4804237,2140422,2129340,4802309,4814671,4813706,4809084,2140148
2026-07-19T14:16:56.855210+00:00,2812400.794921,1,4.649902,4.728516,4.607422,95750,95750,8,4703648,2672009,4703645,4703648,4703632,4703641,2079934,2673929,4674129,4660365,4671286,4672567,2098510
2026-07-19T14:16:57.850180+00:00,2812401.789892,1,4.649902,4.728516,4.607422,95750,95750,8,4816993,1925384,4816038,4816043,4816051,4816031,1928272,1925998,4816993,4811694,4815641,4814754,2139641
2026-07-19T14:16:58.852004+00:00,2812402.791715,1,4.649902,4.728516,4.607422,95625,95625,5,4816024,1925225,4816014,4816020,4816018,4816024,1600000,1925820,1600000,4815775,1600000,1600000,1926050
2026-07-19T14:16:59.850399+00:00,2812403.790111,1,4.597656,4.716309,4.604004,95375,95375,8,4816859,2140462,4815999,4816017,4815997,4815993,1925445,1600000,4815613,4814753,4816859,4815895,1925635
2026-07-19T14:17:00.850202+00:00,2812404.789914,1,4.597656,4.716309,4.604004,95250,95250,7,4816056,1926088,4816054,4816048,4816056,4816053,1600000,1600000,1600000,4815445,4796604,4812638,1925870
2026-07-19T14:17:01.850176+00:00,2812405.789888,1,4.597656,4.716309,4.604004,95125,95125,8,4820367,1600000,4816071,4816054,4816032,4816052,2066713,1600000,4814897,4820367,4814458,4818088,1925726
2026-07-19T14:17:02.850480+00:00,2812406.790191,1,4.597656,4.716309,4.604004,95000,95000,8,4816040,1926057,4816040,4816029,4816030,4816029,1925381,1925409,4815479,4814135,4815592,4816031,2092562
2026-07-19T14:17:03.850187+00:00,2812407.789899,1,4.597656,4.716309,4.604004,94875,94875,8,4816049,1926110,4816030,4816036,4816049,4816043,1925647,1600000,4815155,4815809,4816032,4815927,1925796
2026-07-19T14:17:04.850916+00:00,2812408.790627,1,4.549316,4.704102,4.600586,94750,94750,8,4816059,1926132,4816058,4816059,4816035,4816040,1600000,1925781,4815696,4812181,4812259,4812246,1926532
2026-07-19T14:17:05.856605+00:00,2812409.796319,1,4.549316,4.704102,4.600586,95000,95000,12,4575756,4557902,4557883,4557877,4557897,4557864,4557898,4557883,4575756,4557892,4557913,4557899,4557925
2026-07-19T14:17:06.850109+00:00,2812410.789821,1,4.549316,4.704102,4.600586,95375,95375,10,4757850,4750204,4742644,4742663,4742617,4742613,2187484,4740013,4757850,4752191,4748645,4742689,2629714
2026-07-19T14:17:07.853353+00:00,2812411.793065,1,4.549316,4.704102,4.600586,95750,95750,10,4735298,2049204,4734944,4735056,4734947,4735298,4734938,1951194,4720303,4567913,4659377,4605916,4665768
2026-07-19T14:17:08.852952+00:00,2812412.792666,1,4.549316,4.704102,4.600586,95875,95875,8,4675136,1853910,4675124,4675124,4675117,4675136,1853289,1840106,4675120,4626010,4593821,4621535,1842993
2026-07-19T14:17:09.850213+00:00,2812413.789922,1,4.504883,4.692383,4.597168,95750,95750,10,4778168,1905839,4766076,4766108,4766099,4766094,4766103,1906157,4778168,4762263,4766238,4769185,4766956
2026-07-19T14:17:10.849779+00:00,2812414.789489,1,4.504883,4.692383,4.597168,95875,95875,8,4740958,3437765,4723906,4723904,4723907,4723851,2099173,3706369,4719325,4720820,4726250,4740958,2107114
2026-07-19T14:17:11.850623+00:00,2812415.790334,1,4.504883,4.692383,4.597168,95625,95625,6,4816056,1923346,4816046,4816047,4816056,4816049,1600000,1926123,1600000,4814845,4812251,1600000,1931983
2026-07-19T14:17:12.851420+00:00,2812416.791134,1,4.504883,4.692383,4.597168,95375,95375,8,4816009,1935244,4815997,4816009,4815991,4815998,1952467,2045774,4814486,4815820,4813356,4815157,1926813
2026-07-19T14:17:13.851119+00:00,2812417.790831,1,4.504883,4.692383,4.597168,95125,95125,6,4816492,1925841,4809790,4809799,4809804,4809784,1926367,1600000,4812223,1600000,1600000,4816492,2137682
2026-07-19T14:17:14.853082+00:00,2812418.792794,1,4.464355,4.680664,4.593750,95000,95000,8,4817694,1600000,4792496,4792500,4792492,4792504,2047188,1600000,4815335,4817694,4794304,4814280,2100536
2026-07-19T14:17:15.853026+00:00,2812419.792737,1,4.464355,4.680664,4.593750,95000,95000,6,4816032,1924288,4797630,4797639,4797634,4797625,1923325,1925169,4814988,4816032,1600000,1600000,2067708
2026-07-19T14:17:16.853164+00:00,2812420.792878,1,4.464355,4.680664,4.593750,94875,94875,6,4794208,1920225,4792748,4792735,4792686,4792747,1927223,1925514,1600000,1600000,4729053,4794208,1925428
2026-07-19T14:17:17.853142+00:00,2812421.792854,1,4.464355,4.680664,4.593750,95000,95000,7,4790268,2084411,4788616,4788616,4788618,4788615,2200000,1925657,4787143,4790268,4758013,1600000,2129041
2026-07-19T14:17:18.851562+00:00,2812422.791275,1,4.464355,4.680664,4.593750,94875,94875,7,4818930,1925232,4805429,4805434,4805442,4805403,1600000,1925431,4816988,4818930,4814294,1600000,1923635
2026-07-19T14:17:19.850361+00:00,2812423.790072,1,4.426758,4.668945,4.590332,94875,94875,8,4818961,1925698,4816052,4816044,4816051,4816055,2824716,1600000,4818961,4811385,4814656,4815438,2135746
2026-07-19T14:17:20.853175+00:00,2812424.792887,1,4.426758,4.668945,4.590332,94875,94875,8,4815116,1923471,4803941,4803915,4803923,4803969,2139386,1923995,4815116,4813169,4806790,4804349,2128934
2026-07-19T14:17:21.852786+00:00,2812425.792497,1,4.426758,4.668945,4.590332,94875,94875,8,4815445,1916093,4791402,4791416,4791394,4791399,2019982,1924681,4809233,4620788,4815445,1600000,4808699
2026-07-19T14:17:22.850098+00:00,2812426.789806,1,4.426758,4.668945,4.590332,94875,94875,8,4812145,1600000,4793392,4793323,4793387,4793388,1926055,1917440,4796996,4801201,4809297,4812145,1917350
2026-07-19T14:17:23.850202+00:00,2812427.789913,1,4.426758,4.668945,4.590332,94875,94875,8,4808437,1915004,4796077,4796091,4796079,4796085,2130278,1922912,4790388,4808437,4788263,4790116,2127546
2026-07-19T14:17:24.856462+00:00,2812428.796174,1,4.392578,4.657715,4.586914,95000,95000,7,4816063,1923013,4816063,4816057,4816046,4816058,1920483,1600000,4815884,4813911,4811330,1600000,1600000
2026-07-19T14:17:25.853003+00:00,2812429.792715,1,4.392578,4.657715,4.586914,95000,95000,8,4816048,2010764,4816048,4816047,4816047,4816045,1922897,1600000,4813573,4585585,4815290,4812610,1925611
2026-07-19T14:17:26.850900+00:00,2812430.790612,1,4.392578,4.657715,4.586914,94875,94875,5,4816061,1925707,4816061,4816050,4816050,4816037,1925245,1600000,1600000,4814056,1600000,1600000,1924458
2026-07-19T14:17:27.850520+00:00,2812431.790233,1,4.392578,4.657715,4.586914,94875,94875,8,4816051,1945689,4816043,4816051,4816018,4816046,1926134,1600000,4815941,4815084,4815388,4815167,1926187
2026-07-19T14:17:28.850267+00:00,2812432.789978,1,4.392578,4.657715,4.586914,95000,95000,8,4840307,2121707,4793155,4793144,4793221,4793158,1916808,1600000,4840307,4789830,4834393,4763478,1916826
2026-07-19T14:17:29.852608+00:00,2812433.792320,1,4.360840,4.646484,4.583496,95125,95125,8,4811905,2128322,4795500,4795564,4795498,4795501,2996343,2128942,4794063,4794259,4786645,4811905,3401094
2026-07-19T14:17:30.850564+00:00,2812434.790277,1,4.360840,4.646484,4.583496,95125,95125,10,4666693,3486004,4666693,4666560,4666564,4666566,4590429,4591399,4598680,4591369,4598805,4591441,4063901
2026-07-19T14:17:31.850155+00:00,2812435.789866,1,4.360840,4.646484,4.583496,95000,95000,8,4816057,1926305,4816057,4816054,4816048,4816042,1924427,1926141,4815368,4815483,4815863,4815601,1925911
2026-07-19T14:17:32.850410+00:00,2812436.790122,1,4.360840,4.646484,4.583496,94875,94875,6,4816038,1925792,4816038,4816024,4816036,4816021,1600000,1600000,4813746,1600000,4813820,1600000,1926032
2026-07-19T14:17:33.850579+00:00,2812437.790291,1,4.360840,4.646484,4.583496,94875,94875,8,4823804,1926205,4816022,4816032,4816020,4816012,2138932,1924479,4817805,4818280,4823804,4815747,2139988
2026-07-19T14:17:34.850234+00:00,2812438.789947,1,4.331543,4.635742,4.580078,94875,94875,6,4816058,1925936,4816039,4816048,4816058,4816055,1925742,1926042,4815812,4814017,1600000,1600000,1926341
2026-07-19T14:17:35.850221+00:00,2812439.789933,1,4.331543,4.635742,4.580078,94875,94875,5,4816329,1925611,4816055,4816048,4816051,4816053,1925510,1600000,2200000,4816329,1600000,1600000,1600000
2026-07-19T14:17:36.850678+00:00,2812440.790389,1,4.331543,4.635742,4.580078,94875,94875,5,4816048,1925452,4816048,4816042,4816045,4816047,1600000,1925662,1600000,4813900,1600000,1600000,1923636
2026-07-19T14:17:37.850269+00:00,2812441.789980,1,4.331543,4.635742,4.580078,94750,94750,5,4806316,1600000,4791144,4791159,4791158,4791087,1925002,1917258,4806316,1600000,1600000,1600000,1926070
2026-07-19T14:17:38.852964+00:00,2812442.792679,1,4.331543,4.635742,4.580078,94750,94750,8,4816845,2139832,4810108,4810122,4810109,4810120,2192584,2139898,4816845,4813147,4807095,4815344,2111209
2026-07-19T14:17:39.850696+00:00,2812443.790408,1,4.304688,4.625000,4.576660,94625,94625,7,4816037,1925520,4816036,4816037,4816021,4816028,1600000,1600000,4814300,4814048,4815850,1600000,1925874
2026-07-19T14:17:40.852997+00:00,2812444.792710,1,4.304688,4.625000,4.576660,94625,94625,6,4813375,1925629,4805336,4805312,4805300,4805311,1600000,1600000,4813375,1600000,4808699,1600000,1600000
2026-07-19T14:17:41.850338+00:00,2812445.790050,1,4.304688,4.625000,4.576660,94875,94875,7,4811842,1925009,4792674,4792670,4792666,4792619,1600000,1922284,4811842,4795724,4799933,1600000,1600000
2026-07-19T14:17:42.850776+00:00,2812446.790487,1,4.304688,4.625000,4.576660,94875,94875,8,4819196,1925811,4815998,4816007,4816002,4815996,2139773,1925550,4815482,4815814,4819196,4786035,2140483
2026-07-19T14:17:43.850403+00:00,2812447.790115,1,4.304688,4.625000,4.576660,94875,94875,7,4815672,1915341,4796137,4796141,4796135,4796151,1600000,1913700,4652041,4791058,4815672,1600000,1600000
2026-07-19T14:17:44.850191+00:00,2812448.789902,1,4.280273,4.614258,4.573242,94875,94875,8,4817925,1925057,4816041,4816054,4816067,4816061,1925804,1926175,4817925,4815903,4817252,4810813,1925342
2026-07-19T14:17:45.850460+00:00,2812449.790172,1,4.280273,4.614258,4.573242,94750,94750,6,4836063,1600000,4816053,4816062,4816046,4816041,2149351,1600000,1600000,4836063,4814727,1600000,1924696
2026-07-19T14:17:46.850424+00:00,2812450.790136,1,4.280273,4.614258,4.573242,94625,94625,8,4816065,1924747,4816047,4816059,4816059,4816065,2139127,1925705,4813776,4814001,4811272,4795511,1935670
2026-07-19T14:17:47.850453+00:00,2812451.790165,1,4.280273,4.614258,4.573242,94750,94750,7,4817312,2141852,4815996,4816005,4816000,4816000,1926072,2751019,4817312,4813760,4814880,1600000,1926042
2026-07-19T14:17:48.850877+00:00,2812452.790590,1,4.280273,4.614258,4.573242,94750,94750,7,4816014,1925729,4815992,4816011,4816006,4816014,1925759,1925894,4815869,4815683,4809214,1600000,1925819
2026-07-19T14:17:49.850466+00:00,2812453.790178,1,4.257812,4.604004,4.569824,94625,94625,5,4816052,1924963,4816048,4816017,4816052,4816050,1600000,1925009,1600000,1600000,4815105,1600000,1925168
2026-07-19T14:17:50.850174+00:00,2812454.789886,1,4.257812,4.604004,4.569824,94625,94625,6,4816064,1925880,4816047,4816052,4816064,4816044,1925669,1600000,4815535,4809922,1600000,1600000,1921214
2026-07-19T14:17:51.850256+00:00,2812455.789967,1,4.257812,4.604004,4.569824,94750,94750,6,4816534,1925772,4816033,4816030,4816033,4816031,1600000,1600000,1600000,4816534,4816356,1600000,1924740
2026-07-19T14:17:52.850520+00:00,2812456.790233,1,4.257812,4.604004,4.569824,94625,94625,8,4816109,1925630,4816054,4815997,4816046,4816048,1925836,1924148,4809716,4813696,4815031,4816109,1600000
2026-07-19T14:17:53.850178+00:00,2812457.789890,1,4.257812,4.604004,4.569824,94625,94625,7,4820050,1925525,4816051,4816031,4816033,4816052,1925371,1600000,4820050,4818641,4814742,1600000,2079559
2026-07-19T14:17:54.853435+00:00,2812458.793147,1,4.317383,4.610840,4.572266,94625,94625,4,4816018,1924822,4816018,4816001,4816006,4816006,1926115,1921578,1600000,1600000,4350000,1600000,1600000
2026-07-19T14:17:55.850622+00:00,2812459.790333,1,4.317383,4.610840,4.572266,94625,94625,5,4816062,1600000,4816053,4815996,4816062,4816052,1925782,1925379,4815498,1600000,1600000,1600000,1600000
2026-07-19T14:17:56.850310+00:00,2812460.790022,1,4.317383,4.610840,4.572266,94625,94625,5,4807623,1921551,4807576,4807585,4807623,4807568,1925379,1600000,4794473,1600000,1600000,1600000,1600000
2026-07-19T14:17:57.850434+00:00,2812461.790147,1,4.317383,4.610840,4.572266,94750,94750,7,4818488,1925492,4816040,4816053,4816039,4816040,1916052,1600000,4793191,1600000,4787144,4818488,1600000
2026-07-19T14:17:58.850654+00:00,2812462.790366,1,4.317383,4.610840,4.572266,94750,94750,6,4816065,1925003,4816052,4816065,4816056,4816052,1924889,1925311,4815079,4815891,1600000,1600000,1925791
2026-07-19T14:17:59.851449+00:00,2812463.791161,1,4.291504,4.600586,4.568848,94750,94750,8,4825767,1926069,4816058,4816013,4816059,4816058,1925874,1600000,4814971,4812839,4815669,4825767,1924203
2026-07-19T14:18:00.850154+00:00,2812464.789867,1,4.291504,4.600586,4.568848,94875,94875,7,4818918,1925181,4816049,4815987,4816039,4816034,1600000,2036838,1600000,4815520,4818918,4810870,1923976
2026-07-19T14:18:01.850696+00:00,2812465.790409,1,4.291504,4.600586,4.568848,94750,94750,7,4816035,1925736,4816013,4816035,4816031,4816025,1925686,1926031,4815523,1600000,4815126,4815303,1926418
2026-07-19T14:18:02.850408+00:00,2812466.790121,1,4.291504,4.600586,4.568848,94750,94750,5,4819892,1600000,4806951,4806986,4806955,4806951,1915771,1924104,1600000,1600000,4819892,1600000,1925519
2026-07-19T14:18:03.850222+00:00,2812467.789935,1,4.291504,4.600586,4.568848,94875,94875,7,4817007,1919563,4783634,4783551,4783629,4783628,1919094,1600000,1600000,4791206,4813768,4817007,1917089
2026-07-19T14:18:04.850185+00:00,2812468.789897,1,4.268066,4.590332,4.565430,94875,94875,7,4816925,1924852,4816027,4816016,4816023,4816020,1925828,1600000,4816925,4815854,1600000,4811967,1925924
2026-07-19T14:18:05.850401+00:00,2812469.790114,1,4.268066,4.590332,4.565430,94875,94875,7,4820123,1925513,4798603,4798614,4798608,4798613,1923168,1925368,4814438,4820123,1600000,4811066,1600000
2026-07-19T14:18:06.850218+00:00,2812470.789930,1,4.268066,4.590332,4.565430,94875,94875,8,4817615,1922067,4798583,4798573,4798569,4798568,1922770,1600000,4814211,4794334,4817615,4807964,1926149
2026-07-19T14:18:07.850166+00:00,2812471.789878,1,4.268066,4.590332,4.565430,94875,94875,7,4814407,1916372,4808299,4808233,4808284,4808243,1925181,1600000,4809107,4810355,4814407,1600000,1922396
2026-07-19T14:18:08.850394+00:00,2812472.790107,1,4.268066,4.590332,4.565430,95000,95000,8,4815539,1922143,4806315,4806273,4806315,4806320,1600000,1920512,4807558,4791281,4814861,4815539,1917214
2026-07-19T14:18:09.850326+00:00,2812473.790038,1,4.246582,4.580078,4.562012,94875,94875,8,4817231,2140451,4798623,4798612,4798636,4798666,2136137,2137370,4814267,4799317,4817231,4816002,1925139
2026-07-19T14:18:10.850184+00:00,2812474.789896,1,4.246582,4.580078,4.562012,94875,94875,8,4816046,1930457,4816046,4816046,4816046,4816041,1925953,1600000,4814728,4811444,4815786,4797785,1923758
2026-07-19T14:18:11.850461+00:00,2812475.790174,1,4.246582,4.580078,4.562012,94750,94750,6,4817624,1925752,4816053,4816058,4816036,4816043,2498985,1600000,4817624,1600000,1600000,4814057,2136114
2026-07-19T14:18:12.850498+00:00,2812476.790211,1,4.246582,4.580078,4.562012,94750,94750,8,4816060,2139271,4816060,4816049,4816057,4816041,1925992,1600000,4815596,4815210,4815760,4815084,1925630
2026-07-19T14:18:13.850013+00:00,2812477.789725,1,4.246582,4.580078,4.562012,94625,94625,8,4818788,1926431,4816055,4816052,4816051,4816061,1926211,1928629,4817474,4818788,4815681,4817743,1928060
2026-07-19T14:18:14.850550+00:00,2812478.790262,1,4.226562,4.570312,4.558594,94750,94750,6,4816066,1925565,4816066,4816055,4816047,4816044,1925894,1600000,4807940,1600000,1600000,4814364,1925271
2026-07-19T14:18:15.850155+00:00,2812479.789866,1,4.226562,4.570312,4.558594,95000,95000,7,4816066,1926059,4816053,4816053,4816058,4816066,1926214,1927945,4815265,4815297,1600000,4813643,1925221
2026-07-19T14:18:16.850023+00:00,2812480.789737,1,4.226562,4.570312,4.558594,94875,94875,6,4816066,1925527,4816051,4816017,4816066,4816056,1600000,1924720,4814933,4814867,1600000,1600000,1926345
2026-07-19T14:18:17.849694+00:00,2812481.789406,1,4.226562,4.570312,4.558594,94875,94875,12,4715128,4715113,4715104,4715120,4715115,4715119,4715112,4715098,4715105,4715110,4715122,4715128,4715108
2026-07-19T14:18:18.850659+00:00,2812482.790372,1,4.226562,4.570312,4.558594,94875,94875,7,4816059,2140005,4816056,4816048,4816059,4816046,1915464,2030229,4809582,1600000,4812391,4791207,1902099
2026-07-19T14:18:19.850417+00:00,2812483.790129,1,4.288574,4.577637,4.561035,95000,95000,6,4813401,1921961,4798637,4798592,4798596,4798546,1916976,1600000,1600000,4813401,4809713,1600000,1600000
2026-07-19T14:18:20.850638+00:00,2812484.790351,1,4.288574,4.577637,4.561035,95000,95000,7,4816157,1891907,4816034,4816046,4816043,4816041,1600000,1925917,4763428,4816157,4656226,1600000,1927640
2026-07-19T14:18:21.849860+00:00,2812485.789569,1,4.288574,4.577637,4.561035,95125,95125,12,4754380,4677680,4741478,4741542,4741511,4741501,4738113,4741495,4731732,4601609,4717722,4754380,4741483
2026-07-19T14:18:22.849901+00:00,2812486.789611,1,4.288574,4.577637,4.561035,95250,95250,8,4724240,2090308,4701403,4701407,4701644,4701411,2298243,2091523,4724240,4702546,4659396,4704660,2335759
2026-07-19T14:18:23.849671+00:00,2812487.789381,1,4.288574,4.577637,4.561035,95375,95375,12,4776782,4746256,4757773,4757765,4757441,4757748,4776782,4775659,4755594,4747521,4773054,4757322,4757762
2026-07-19T14:18:24.849652+00:00,2812488.789364,1,4.425781,4.601562,4.568848,95375,95375,8,4811795,2125058,4800458,4800448,4800451,4800471,4212164,2121029,4810210,4791906,4811795,4807615,4086263
2026-07-19T14:18:25.850008+00:00,2812489.789719,1,4.425781,4.601562,4.568848,95500,95500,10,4740698,2107084,4737796,4737809,4737798,4737796,4728465,2107031,4724150,4738986,4740698,4740535,4737708
2026-07-19T14:18:26.850722+00:00,2812490.790435,1,4.425781,4.601562,4.568848,95625,95625,8,4717924,2676383,4683106,4683133,4683134,4683144,2113893,3933231,4717924,4692416,4683124,4691277,2678931
2026-07-19T14:18:27.850364+00:00,2812491.790078,1,4.425781,4.601562,4.568848,95750,95750,9,4733437,3767755,4643238,4643236,4643237,4643236,2051817,4601455,4643244,4733437,4640655,4632264,2053935
2026-07-19T14:18:28.867988+00:00,2812492.807699,1,4.425781,4.601562,4.568848,95875,95875,11,4853481,4316110,4824080,4824124,4824072,4824083,4853481,4456406,4768940,4767544,4767425,4837085,4824076
2026-07-19T14:18:29.849943+00:00,2812493.789657,1,4.872559,4.691406,4.598145,96000,96000,8,4814944,2089959,4702398,4702603,4702395,4702388,1866345,2102010,4743473,4814944,4777599,4702395,1884256
2026-07-19T14:18:30.850390+00:00,2812494.790101,1,4.872559,4.691406,4.598145,96250,96250,10,4728675,3953878,4714766,4714769,4714772,4714760,4714774,3935013,4728675,4694407,4713777,4718909,4708582
2026-07-19T14:18:31.849970+00:00,2812495.789683,1,4.872559,4.691406,4.598145,96125,96125,8,4718652,2091471,4685606,4685616,4685601,4685588,2542707,1916366,4718652,4685578,4692391,4690371,2082479
2026-07-19T14:18:32.850170+00:00,2812496.789884,1,4.872559,4.691406,4.598145,96000,96000,10,4742871,4679041,4679054,4679046,4679062,4679134,1973143,4714986,4716209,4706779,4712100,4742871,1885157
2026-07-19T14:18:33.849878+00:00,2812497.789588,1,4.872559,4.691406,4.598145,95875,95875,8,4767623,1600000,4766315,4766247,4766241,4766257,4766256,1600000,1600000,4758798,4766344,1600000,4767623
2026-07-19T14:18:34.850191+00:00,2812498.789900,1,4.882812,4.696777,4.600586,95750,95750,8,4766880,2929348,4766127,4766149,4766144,4766155,2117713,3493589,4763677,4766880,4765143,4766144,2117232
2026-07-19T14:18:35.852718+00:00,2812499.792432,1,4.882812,4.696777,4.600586,95750,95750,9,4753604,4736128,4736119,4736135,4736140,4736175,1600000,4753604,4737359,4735539,4740338,1600000,1743913
2026-07-19T14:18:36.850510+00:00,2812500.790222,1,4.882812,4.696777,4.600586,95750,95750,7,4783120,4783120,4782973,4782966,4782983,4782990,1600000,1600000,4745726,1600000,4760626,1600000,1918440
2026-07-19T14:18:37.850119+00:00,2812501.789829,1,4.882812,4.696777,4.600586,95625,95625,9,4790889,1915350,4785346,4785341,4785340,4785422,4785361,1917502,2200000,4790889,4773392,4723107,4770981
2026-07-19T14:18:38.849980+00:00,2812502.789691,1,4.882812,4.696777,4.600586,95625,95625,10,4775532,1900845,4744194,4744206,4744199,4744198,4744204,1899499,4751712,4775532,4744199,4765061,4764720
2026-07-19T14:18:39.850566+00:00,2812503.790279,1,4.892578,4.702148,4.603027,95500,95500,10,4789853,4766651,4766655,4766666,4766807,4766653,1915096,4735419,4789361,4740282,4743745,4789853,1912289
2026-07-19T14:18:40.850173+00:00,2812504.789885,1,4.892578,4.702148,4.603027,95500,95500,10,4742543,4741183,4741187,4741182,4741180,4741175,2067063,4741199,4740898,4740652,4742543,4740738,1904067
2026-07-19T14:18:41.849736+00:00,2812505.789446,1,4.892578,4.702148,4.603027,95625,95625,10,4783229,1912872,4755179,4755172,4755176,4755172,4755178,1600000,4738373,4766345,4758995,4772937,4783229
2026-07-19T14:18:42.868602+00:00,2812506.808313,1,4.892578,4.702148,4.603027,95625,95625,11,4722681,3793103,4649380,4649377,4649380,4649365,4722681,4694981,4664606,4629381,4676352,4677053,4649611
2026-07-19T14:18:43.850248+00:00,2812507.789963,1,4.892578,4.702148,4.603027,95500,95500,9,4765371,2023355,4748822,4748814,4748824,4748852,4748830,2048697,4738767,4765371,4759082,1600000,4764740
2026-07-19T14:18:44.849783+00:00,2812508.789492,1,4.901367,4.707520,4.605469,95375,95375,9,4794501,2005567,4791082,4791095,4791062,4791074,4791088,1600000,1600000,4790817,4790594,4789861,4794501
2026-07-19T14:18:45.853373+00:00,2812509.793084,1,4.901367,4.707520,4.605469,95250,95250,8,4791076,1915634,4791053,4791070,4791059,4791052,4791076,1600000,4791010,1600000,4790458,1600000,4791066
2026-07-19T14:18:46.850273+00:00,2812510.789983,1,4.901367,4.707520,4.605469,95250,95250,9,4727389,1902863,4679308,4679330,4679307,4679323,4679293,1600000,4679377,4655325,4727389,1600000,4676027
2026-07-19T14:18:47.859447+00:00,2812511.799158,1,4.901367,4.707520,4.605469,95375,95375,10,4791872,2710650,4788599,4788609,4788618,4788612,4790165,2121868,4791872,4791110,4771773,4790118,4788614
2026-07-19T14:18:48.853185+00:00,2812512.792900,1,4.901367,4.707520,4.605469,95375,95375,8,4793500,1903571,4772691,4772691,4772686,4772685,4793500,1600000,4790956,2200000,1600000,4791457,4772684
2026-07-19T14:18:49.852719+00:00,2812513.792430,1,4.909668,4.712402,4.607910,95375,95375,7,4759336,2115909,4750294,4750242,4750296,4750275,4750363,1942338,1600000,1600000,4734215,1600000,4759336
2026-07-19T14:18:50.849884+00:00,2812514.789597,1,4.909668,4.712402,4.607910,95375,95375,5,4823390,1600000,4823218,4823390,4823304,4823296,4823302,1925263,1600000,1600000,1600000,1600000,1600000
2026-07-19T14:18:51.849956+00:00,2812515.789666,1,4.909668,4.712402,4.607910,95500,95500,7,4773556,1905426,4773547,4773556,4773551,4773539,4773550,1600000,1600000,4767683,4708178,1600000,1600000
2026-07-19T14:18:52.852779+00:00,2812516.792491,1,4.909668,4.712402,4.607910,95500,95500,10,4819864,1933273,4745641,4745643,4745635,4745684,4745635,1600000,4782278,4785616,4690466,4721927,4819864
2026-07-19T14:18:53.849981+00:00,2812517.789692,1,4.909668,4.712402,4.607910,95500,95500,7,4789848,1600000,4698138,4698142,4698136,4698136,4698139,1600000,4685734,1600000,4789848,1600000,1600000
2026-07-19T14:18:54.857094+00:00,2812518.796804,1,4.916992,4.717285,4.610352,95500,95500,9,4781991,1600000,4781967,4781969,4781946,4781961,4737510,1600000,4744121,4670797,4682950,1600000,4781991
2026-07-19T14:18:55.849814+00:00,2812519.789523,1,4.916992,4.717285,4.610352,95500,95500,6,4773124,1988889,4773124,4773046,4773119,4773116,4773120,1916375,1600000,4755851,1600000,1600000,4350000
2026-07-19T14:18:56.850048+00:00,2812520.789758,1,4.916992,4.717285,4.610352,95500,95500,10,4835498,1920767,4780644,4780644,4780654,4780636,4780708,1600000,4833672,4825482,4826695,4786920,4835498
2026-07-19T14:18:57.849753+00:00,2812521.789464,1,4.916992,4.717285,4.610352,95500,95500,6,4771236,1913769,4771192,4771184,4771180,4771236,4771195,1600000,1600000,1600000,4642414,1600000,1600000
2026-07-19T14:18:58.849819+00:00,2812522.789530,1,4.916992,4.717285,4.610352,95500,95500,8,4763181,1600000,4714254,4714257,4714122,4714199,4714247,1600000,1600000,4736108,1600000,4763181,4762027
2026-07-19T14:18:59.850062+00:00,2812523.789773,1,4.923828,4.722168,4.612793,95625,95625,9,4784461,1905959,4771034,4771048,4771036,4771046,4771030,1600000,4784053,1600000,4784461,4735730,4759928
2026-07-19T14:19:00.849852+00:00,2812524.789563,1,4.923828,4.722168,4.612793,95625,95625,10,4789328,1905252,4763762,4763759,4763730,4763773,4763759,2061031,4767926,4762793,4789328,4764614,4750783
2026-07-19T14:19:01.849779+00:00,2812525.789489,1,4.923828,4.722168,4.612793,95625,95625,10,4658563,1864879,4641908,4641897,4641889,4641903,4641900,1866236,4658563,4648940,4641893,4609935,4658153
2026-07-19T14:19:02.850147+00:00,2812526.789858,1,4.923828,4.722168,4.612793,95625,95625,9,4767102,1896002,4728828,4728731,4728830,4728939,4728833,1905536,4767102,4731015,4717446,4736168,1600000
2026-07-19T14:19:03.849762+00:00,2812527.789473,1,4.923828,4.722168,4.612793,95625,95625,10,4765911,2111363,4740735,4740745,4740819,4740752,4740763,2116266,4763766,4762900,4765911,4764573,4763573
2026-07-19T14:19:04.857876+00:00,2812528.797593,1,4.930176,4.727051,4.615234,95500,95500,8,4763218,1891842,4745584,4745521,4745508,4745516,4695081,1902221,4763218,1600000,1600000,4737956,4745524
2026-07-19T14:19:05.862171+00:00,2812529.801881,1,4.930176,4.727051,4.615234,95625,95625,9,4741247,1889419,4737177,4737159,4737158,4737166,4716774,1895509,4350000,4739165,4741247,4740010,4737169
2026-07-19T14:19:06.850030+00:00,2812530.789740,1,4.930176,4.727051,4.615234,95625,95625,8,4759259,1887431,4757905,4757903,4757803,4757912,4757907,1897167,4755773,4759259,4718351,1600000,1600000
2026-07-19T14:19:07.853212+00:00,2812531.792922,1,4.930176,4.727051,4.615234,95500,95500,8,4775121,1913032,4775093,4775114,4775113,4775107,4754774,1600000,4771462,4774691,1600000,1600000,4775121
2026-07-19T14:19:08.850245+00:00,2812532.789956,1,4.930176,4.727051,4.615234,95500,95500,9,4790073,1914548,4782519,4782536,4782522,4782528,4782521,1919391,4790073,1600000,4764210,4786596,4766925
2026-07-19T14:19:09.849868+00:00,2812533.789579,1,4.936035,4.731934,4.617676,95500,95500,10,4766582,1886370,4648712,4648733,4648731,4648714,4648786,2050750,4698870,4639494,4613041,4766582,4648456
2026-07-19T14:19:10.849760+00:00,2812534.789471,1,4.936035,4.731934,4.617676,95500,95500,9,4740173,1894537,4725152,4725149,4725145,4725128,4725142,1893153,4740173,4737854,2200000,4739459,4739997
2026-07-19T14:19:11.850288+00:00,2812535.789999,1,4.936035,4.731934,4.617676,95500,95500,9,4790857,1600000,4780102,4780019,4780090,4780067,4780080,1912436,4790857,4775162,1600000,4787867,4789540
2026-07-19T14:19:12.849889+00:00,2812536.789601,1,4.936035,4.731934,4.617676,95500,95500,7,4798518,1919191,4773721,4773720,2028233,4773685,4773723,1924185,4784445,4789604,1918702,1600000,4798518
2026-07-19T14:19:13.853368+00:00,2812537.793085,1,4.936035,4.731934,4.617676,95375,95375,8,4781413,1908527,4765375,4765361,4765373,4765364,1600000,1600000,4770877,4770446,1600000,4781413,4765361
2026-07-19T14:19:14.862328+00:00,2812538.802038,1,5.021484,4.753418,4.625488,95125,95125,10,4789917,1916056,4783195,4783187,4783191,4783143,4788299,1916896,4789917,4782304,4786954,4780637,4783192
2026-07-19T14:19:15.849923+00:00,2812539.789638,1,5.021484,4.753418,4.625488,95000,95000,8,4790531,1912356,4768086,4768102,4768087,4768092,4768099,1906362,2200000,4786507,1600000,4781342,4790531
2026-07-19T14:19:16.853304+00:00,2812540.793019,1,5.021484,4.753418,4.625488,94875,94875,7,4785742,1906071,4781684,4781672,4781676,4781735,1600000,1600000,4785742,4766577,1600000,1600000,4781671
2026-07-19T14:19:17.860219+00:00,2812541.799935,1,5.021484,4.753418,4.625488,94875,94875,8,4791099,1915300,4791093,4791095,4791097,4791085,4350000,1600000,4787163,4790075,4790361,1600000,4791099
2026-07-19T14:19:18.849992+00:00,2812542.789702,1,5.021484,4.753418,4.625488,94750,94750,9,4797633,1915313,4791088,4791090,4791088,4791093,4791090,1600000,4797633,4792049,4793507,4790640,1600000
2026-07-19T14:19:19.849781+00:00,2812543.789492,1,5.019531,4.757812,4.627930,94875,94875,10,4778781,1904251,4778582,4778575,4778568,4778573,4778582,1912412,4761501,4778781,4766790,4766211,4765711
2026-07-19T14:19:20.849799+00:00,2812544.789509,1,5.019531,4.757812,4.627930,94875,94875,9,4790824,1904811,4773780,4773753,4773764,4773755,4773768,1600000,4790824,4787058,4789851,4790351,2200000
2026-07-19T14:19:21.852881+00:00,2812545.792599,1,5.019531,4.757812,4.627930,94875,94875,7,4788954,1915402,4773600,4773605,4773609,4773612,4773600,1600000,4785007,4788954,1600000,1600000,1600000
2026-07-19T14:19:22.849794+00:00,2812546.789504,1,5.019531,4.757812,4.627930,95000,95000,7,4777165,1908793,4761297,4761291,4764843,4761294,4761297,1600000,4768401,1600000,1600000,4777165,1600000
2026-07-19T14:19:23.849745+00:00,2812547.789455,1,5.019531,4.757812,4.627930,95000,95000,8,4789720,1905619,4766150,4766150,4766145,4766127,4766142,1600000,4767308,4789720,4784308,1600000,1600000
2026-07-19T14:19:24.852898+00:00,2812548.792615,1,5.017578,4.762207,4.630371,94875,94875,10,4789657,2128467,4783366,4783361,4783367,4783353,4783354,2126801,4787299,4764180,4788236,4789657,4769882
2026-07-19T14:19:25.862091+00:00,2812549.801812,1,5.017578,4.762207,4.630371,94875,94875,8,4790787,1860528,4766207,4766208,4766198,4766196,4350000,1600000,4790787,4789557,4783701,1600000,4766207
2026-07-19T14:19:26.853052+00:00,2812550.792770,1,5.017578,4.762207,4.630371,95125,95125,8,4815998,4815984,4815978,4815998,4815975,4815983,1913867,4815111,4809574,4653278,1600000,1600000,1925760
2026-07-19T14:19:27.850492+00:00,2812551.790210,1,5.017578,4.762207,4.630371,95250,95250,8,4816463,4804182,4804206,4804143,4804163,4804207,1600000,4814262,4802412,4816463,1600000,1600000,1903123
2026-07-19T14:19:28.850198+00:00,2812552.789910,1,5.017578,4.762207,4.630371,95375,95375,7,4792380,4791081,4791076,4791065,4791069,4791079,2012730,1600000,4784259,4792380,1600000,1600000,1977319
2026-07-19T14:19:29.850573+00:00,2812553.790291,1,5.016113,4.766602,4.632812,95250,95250,9,4793138,4791077,4791083,4791076,4791081,4791095,1915706,1600000,4781254,4790912,4772459,4793138,1915624
2026-07-19T14:19:30.853063+00:00,2812554.792782,1,5.016113,4.766602,4.632812,95375,95375,7,4791030,4791015,4791025,4791030,4791027,4791021,1600000,1600000,1600000,4789777,1600000,4790958,1600000
2026-07-19T14:19:31.850130+00:00,2812555.789843,1,5.016113,4.766602,4.632812,95375,95375,8,4791103,4791089,4791099,4791098,4791103,4791091,1600000,4790415,1600000,4789442,1600000,4790490,1914598
2026-07-19T14:19:32.850595+00:00,2812556.790306,1,5.016113,4.766602,4.632812,95250,95250,8,4808173,1872989,4717541,4717531,4717534,4717544,1913814,1873667,4674076,4717549,4700838,4808173,1885525
2026-07-19T14:19:33.853171+00:00,2812557.792883,1,5.016113,4.766602,4.632812,95125,95125,6,4816057,1926311,4816045,4816057,4816051,4816043,1600000,1924095,4815566,1600000,1600000,4815962,1913151
2026-07-19T14:19:34.853500+00:00,2812558.793218,1,4.934570,4.753418,4.629395,94750,94750,5,4816044,1924940,4816036,4816035,4816044,4816039,2050726,1925919,4815195,1600000,1600000,1600000,2111370
2026-07-19T14:19:35.850690+00:00,2812559.790401,1,4.934570,4.753418,4.629395,94500,94500,5,4816054,1925797,4816043,4816043,4816054,4816047,1600000,1600000,4814713,1600000,1600000,1600000,1925559
2026-07-19T14:19:36.850359+00:00,2812560.790075,1,4.934570,4.753418,4.629395,94500,94500,8,4818757,1925779,4816044,4816056,4816058,4816051,2140419,1600000,4818757,4818151,4815615,4815231,2139811
2026-07-19T14:19:37.850479+00:00,2812561.790190,1,4.934570,4.753418,4.629395,94375,94375,6,4816059,1923779,4816059,4816055,4816045,4816051,1923750,1600000,4814044,4815068,1600000,1600000,1925326
2026-07-19T14:19:38.853141+00:00,2812562.792857,1,4.934570,4.753418,4.629395,94250,94250,8,4816993,1974647,4816062,4816047,4816063,4816051,1600000,2139517,4816993,4812558,4815582,4814091,2178712
2026-07-19T14:19:39.850340+00:00,2812563.790052,1,4.939941,4.757812,4.631836,94125,94125,7,4816493,1961122,4816047,4816035,4816034,4816050,2200000,1938311,4816493,4813962,4814264,1600000,2139588
2026-07-19T14:19:40.850208+00:00,2812564.789921,1,4.939941,4.757812,4.631836,94000,94000,8,4816056,1925411,4816048,4816045,4816056,4816055,1925185,1600000,4813747,4815450,4814194,4816020,1924938
2026-07-19T14:19:41.850057+00:00,2812565.789767,1,4.939941,4.757812,4.631836,94250,94250,8,4816064,1925740,4816064,4816049,4816050,4816046,2366942,1600000,4815666,4814685,4815878,4814465,1926194
2026-07-19T14:19:42.850634+00:00,2812566.790352,1,4.939941,4.757812,4.631836,94250,94250,8,4816061,2139346,4816061,4816052,4816046,4816060,1600000,2140299,4808999,4815158,4815674,4812643,1923448
2026-07-19T14:19:43.854875+00:00,2812567.794590,1,4.939941,4.757812,4.631836,94000,94000,8,4841717,1948669,4813289,4813373,4813368,4813370,2152899,2144201,4807796,4823688,4841717,4799667,1993195
2026-07-19T14:19:44.853234+00:00,2812568.792950,1,5.024902,4.778809,4.639648,94000,94000,5,4816063,1600000,4816063,4816048,4816053,4816046,1925290,1852746,1600000,1600000,4813020,1600000,1898168
2026-07-19T14:19:45.853396+00:00,2812569.793113,1,5.024902,4.778809,4.639648,93625,93625,8,4820402,1925351,4813507,4813505,4813505,4813505,1929531,1600000,4642114,4816546,4814338,4820402,1925839
2026-07-19T14:19:46.860102+00:00,2812570.799819,1,5.024902,4.778809,4.639648,93500,93500,6,4821021,1600000,4821007,4821017,4821021,4821012,1600000,1929775,4820434,4170725,1600000,4817710,1964994
2026-07-19T14:19:47.859328+00:00,2812571.799046,1,5.024902,4.778809,4.639648,94125,94125,7,4818036,1600000,4813507,4813498,4813496,4813505,1600000,1600000,4815354,4818036,1600000,4814931,1925052
2026-07-19T14:19:48.853200+00:00,2812572.792917,1,5.024902,4.778809,4.639648,93875,93875,8,4815955,1927184,4815632,4815639,4815637,4815644,2138856,1600000,4815955,4809075,4815527,4812248,2137714
2026-07-19T14:19:49.853783+00:00,2812573.793500,1,4.942383,4.765625,4.635742,93500,93500,6,4831722,1925046,4825546,4825540,4825585,4825537,1600000,1600000,4828797,1600000,1600000,4831722,2139988
2026-07-19T14:19:50.853338+00:00,2812574.793054,1,4.942383,4.765625,4.635742,93625,93625,6,4840010,1927869,4810470,4810477,4810554,4810485,1929874,1927130,4840010,1600000,1600000,4822225,1927158
2026-07-19T14:19:51.853114+00:00,2812575.792831,1,4.942383,4.765625,4.635742,93625,93625,7,4815701,1926436,4813493,4813501,4813493,4813493,2666224,1925172,4815701,4813600,1600000,4755405,1928828
2026-07-19T14:19:52.853039+00:00,2812576.792754,1,4.942383,4.765625,4.635742,93500,93500,6,4816504,1925784,4816052,4816053,4816047,4816044,2200000,1925046,4816042,4816504,1600000,1600000,2138938
2026-07-19T14:19:53.853457+00:00,2812577.793171,1,4.942383,4.765625,4.635742,93250,93250,8,4831150,2149034,4811939,4811955,4811932,4811936,2147631,2141155,4815283,4831150,4815011,4812772,2143604
2026-07-19T14:19:54.853054+00:00,2812578.792772,1,4.866699,4.752441,4.632324,93500,93500,8,4842940,1937978,4841957,4841937,4841944,4841953,2768130,1600000,4841964,4842842,4842940,4830139,2768156
2026-07-19T14:19:55.853177+00:00,2812579.792894,1,4.866699,4.752441,4.632324,93500,93500,5,4824929,1926063,4824924,4824928,4824929,4824925,1600000,1600000,1600000,4824916,1600000,1600000,1927046
2026-07-19T14:19:56.853525+00:00,2812580.793244,1,4.866699,4.752441,4.632324,93125,93125,6,4838851,1927259,4813528,4813526,4813529,4813521,1600000,1600000,4838851,4818953,1600000,1600000,1932376
2026-07-19T14:19:57.853223+00:00,2812581.792940,1,4.866699,4.752441,4.632324,92875,92875,6,4837628,1931294,4813570,4813557,4813547,4813566,1600000,1600000,1600000,4809166,4837628,1600000,1600000
2026-07-19T14:19:58.857514+00:00,2812582.797233,1,4.866699,4.752441,4.632324,92750,92750,4,4817095,1929958,4817094,4817084,4817079,4817095,1600000,1932095,1600000,1600000,1600000,1600000,1934363
2026-07-19T14:19:59.853516+00:00,2812583.793234,1,4.796875,4.739746,4.628906,92625,92625,6,4818732,1930368,4809508,4809506,4809502,4809492,1600000,1928315,4818732,4817201,1600000,1600000,1926559
2026-07-19T14:20:00.853113+00:00,2812584.792829,1,4.796875,4.739746,4.628906,92500,92500,8,4839796,1931663,4825192,4825192,4825192,4825187,1600000,1600000,4813905,4839796,4762683,4839179,1928119
2026-07-19T14:20:01.850867+00:00,2812585.790585,1,4.796875,4.739746,4.628906,93000,93000,6,4846502,1930405,4815277,4815268,4815287,4815272,1600000,1600000,4841420,4846502,4350000,1600000,1930641
2026-07-19T14:20:02.853614+00:00,2812586.793331,1,4.796875,4.739746,4.628906,92750,92750,5,4812571,1926116,4808539,4808535,4808540,4808546,1600000,1928183,1600000,4812571,1600000,1600000,1936020
2026-07-19T14:20:03.860376+00:00,2812587.800094,1,4.796875,4.739746,4.628906,92625,92625,8,4840524,2139787,4813515,4813523,4813533,4813515,1998712,2168608,4824200,4829646,4840524,4817479,2139344
2026-07-19T14:20:04.857610+00:00,2812588.797327,1,4.813477,4.744141,4.631348,92375,92375,5,4814050,1928069,4813548,4813552,4813557,4813557,1600000,1925382,1600000,4814050,1600000,1600000,1925422
2026-07-19T14:20:05.853658+00:00,2812589.793376,1,4.813477,4.744141,4.631348,92250,92250,5,4837157,1933870,4810698,4810704,4810694,4810698,1934420,1600000,4837157,1600000,1600000,1600000,1600000
2026-07-19T14:20:06.853210+00:00,2812590.792925,1,4.813477,4.744141,4.631348,92125,92125,6,4833011,1930049,4813487,4813473,4813485,4813471,1600000,1925942,4819192,4833011,2200000,4350000,1600000
2026-07-19T14:20:07.853344+00:00,2812591.793061,1,4.813477,4.744141,4.631348,92000,92000,6,4840668,1927682,4823519,4823514,4823513,4823516,1600000,2200000,4840668,1600000,4827742,1600000,1925936
2026-07-19T14:20:08.853640+00:00,2812592.793357,1,4.813477,4.744141,4.631348,92000,92000,6,4820441,1920885,4815989,4816004,4816004,4816001,1600000,1600000,4820441,4816441,1600000,1600000,1994229
2026-07-19T14:20:09.857473+00:00,2812593.797190,1,4.828613,4.748535,4.633789,91875,91875,7,4839216,1930981,4818625,4818571,4818625,4818623,1600000,1600000,4839216,4833813,1600000,4825389,1600000
2026-07-19T14:20:10.857036+00:00,2812594.796762,1,4.828613,4.748535,4.633789,91875,91875,7,4836333,1928135,4820985,4820979,4820979,4820985,2468367,1600000,4816367,4826106,4836333,1600000,1600000
2026-07-19T14:20:11.853100+00:00,2812595.792815,1,4.828613,4.748535,4.633789,91875,91875,6,4812510,2149489,4811382,4811266,4811379,4811384,1934605,1932754,1600000,1600000,4812510,4810358,1934619
2026-07-19T14:20:12.853346+00:00,2812596.793063,1,4.828613,4.748535,4.633789,91750,91750,8,4820976,1929350,4820968,4820971,4820966,4820976,1600000,1926677,4816604,4817097,4819155,4813593,1926196
2026-07-19T14:20:13.853156+00:00,2812597.792873,1,4.828613,4.748535,4.633789,92000,92000,8,4834855,2143213,4834848,4834855,4834841,4834849,2754739,2140505,4814814,4815782,4815244,4815500,2753621
2026-07-19T14:20:14.853009+00:00,2812598.792724,1,4.842773,4.752930,4.636230,92000,92000,8,4819638,1926312,4816061,4816049,4816050,4816055,1925954,1966626,4815977,4817627,4816639,4819638,1926422
2026-07-19T14:20:15.857360+00:00,2812599.797072,1,4.842773,4.752930,4.636230,91875,91875,6,4838456,1928429,4816005,4816025,4816010,4816005,1926359,1925575,1600000,4838456,1600000,4816409,1924458
2026-07-19T14:20:16.853119+00:00,2812600.792836,1,4.842773,4.752930,4.636230,91750,91750,8,4822669,2145547,4822669,4822661,4822665,4822665,1947347,2121487,4760017,4787243,4803657,4748862,1921890
2026-07-19T14:20:17.853186+00:00,2812601.792903,1,4.842773,4.752930,4.636230,91750,91750,8,4830744,1921366,4825083,4825105,4825105,4825097,1980720,1930894,4830744,4828356,4827390,4826395,1930267
2026-07-19T14:20:18.853458+00:00,2812602.793176,1,4.842773,4.752930,4.636230,91625,91625,4,4817101,2692140,4817096,4817099,4817101,4817095,1934884,2200000,1600000,1600000,1600000,1600000,1930226
2026-07-19T14:20:19.853292+00:00,2812603.793010,1,4.774902,4.740234,4.632812,91625,91625,8,4842900,1600000,4823496,4823498,4823492,4823496,2764674,1926483,4817011,4842900,4833507,4835203,2765862
2026-07-19T14:20:20.855083+00:00,2812604.794800,1,4.774902,4.740234,4.632812,91750,91750,6,4836557,1935612,4821018,4821018,4821019,4821009,1600000,1931026,1600000,4836557,1600000,4821729,2087697
2026-07-19T14:20:21.855905+00:00,2812605.795619,1,4.774902,4.740234,4.632812,91625,91625,8,4826848,2149413,4819650,4819647,4819649,4819649,2564076,2147862,4826848,4464098,4819249,4799600,2754311
2026-07-19T14:20:22.853150+00:00,2812606.792869,1,4.774902,4.740234,4.632812,91500,91500,7,4838862,1935586,4832506,4832515,4832520,4832505,1600000,1936412,4833590,4794370,1600000,4838862,1931696
2026-07-19T14:20:23.853926+00:00,2812607.793644,1,4.774902,4.740234,4.632812,91500,91500,8,4838945,1951636,4816959,4816950,4816939,4816962,1928691,1600000,4838945,4816193,4817881,4808397,1926212
2026-07-19T14:20:24.853593+00:00,2812608.793311,1,4.712402,4.727539,4.629395,91500,91500,5,4826821,1929858,4826816,4826819,4826814,4826821,1926606,1936085,1600000,4812648,1600000,1600000,1600000
2026-07-19T14:20:25.853193+00:00,2812609.792913,1,4.712402,4.727539,4.629395,91625,91625,8,4838400,1925736,4821012,4821014,4821019,4821013,2140015,1933975,4830171,4817135,4838316,4838400,2139188
2026-07-19T14:20:26.856378+00:00,2812610.796094,1,4.712402,4.727539,4.629395,91750,91750,8,4831617,1932339,4831611,4831602,4831617,4831601,2146407,1933452,4811631,4817266,4816418,4817076,4024430
2026-07-19T14:20:27.853631+00:00,2812611.793349,1,4.712402,4.727539,4.629395,91625,91625,8,4840471,1930095,4826451,4826470,4826468,4826455,1600000,1926084,4840471,4838990,4822571,4815378,1927270
2026-07-19T14:20:28.853214+00:00,2812612.792932,1,4.712402,4.727539,4.629395,91500,91500,6,4825648,1600000,4825634,4825628,4825642,4825648,1600000,1932948,1600000,4823971,1600000,4820022,1932934
2026-07-19T14:20:29.853217+00:00,2812613.792938,1,4.655273,4.715332,4.625977,91375,91375,6,4837036,1600000,4823807,4823806,4823806,4823814,1600000,1600000,1600000,1600000,4837036,4837014,1600000
2026-07-19T14:20:30.853650+00:00,2812614.793368,1,4.655273,4.715332,4.625977,91375,91375,8,4840232,2331652,4818664,4818671,4818659,4818662,1908233,2607472,4808309,4815945,4840232,4801019,2111651
2026-07-19T14:20:31.853278+00:00,2812615.792995,1,4.655273,4.715332,4.625977,91250,91250,5,4828567,1931634,4828560,4828551,4828554,4828567,1600000,1926646,1600000,1600000,4811546,1600000,1927712
2026-07-19T14:20:32.853142+00:00,2812616.792859,1,4.655273,4.715332,4.625977,91250,91250,8,4834581,1600000,4816047,4816051,4816052,4816045,1926356,1932283,4815124,4774003,4817783,4834581,1933211
2026-07-19T14:20:33.853055+00:00,2812617.792772,1,4.655273,4.715332,4.625977,91250,91250,8,4840170,1941639,4825902,4825900,4825902,4825915,2112707,2084354,4816507,4814512,4784552,4840170,1935771
2026-07-19T14:20:34.854571+00:00,2812618.794289,1,4.602539,4.703125,4.622559,91250,91250,8,4835088,2069432,4821003,4820991,4821005,4820998,1600000,2042412,4828640,4827034,4826748,4835088,2759914
2026-07-19T14:20:35.857773+00:00,2812619.797491,1,4.602539,4.703125,4.622559,91125,91125,7,4841006,2147583,4830676,4830669,4830667,4830667,1926459,1600000,1600000,4841006,4828263,4828245,1936285
2026-07-19T14:20:36.857297+00:00,2812620.797009,1,4.602539,4.703125,4.622559,91250,91250,10,4807993,3277421,4800271,4800263,4800267,4800261,4807993,2733473,4800334,4787904,4798553,4797345,4799610
2026-07-19T14:20:37.853432+00:00,2812621.793153,1,4.602539,4.703125,4.622559,92625,92625,8,4794578,3879775,4788017,4788009,4788017,4788010,3382892,4327895,4788115,4788020,4783716,4794578,2737935
2026-07-19T14:20:38.853040+00:00,2812622.792758,1,4.602539,4.703125,4.622559,93625,93625,10,4815151,4815151,4791761,4791762,4791727,4791761,2137403,4791752,4809735,4792078,4791750,4813924,2137280
2026-07-19T14:20:39.852737+00:00,2812623.792452,1,4.714844,4.725098,4.630371,94500,94500,12,4794779,4737889,4784699,4784714,4784709,4784794,4784773,4791085,4794779,4789226,4767410,4766238,4787388
2026-07-19T14:20:40.852620+00:00,2812624.792337,1,4.714844,4.725098,4.630371,95000,95000,10,4816019,4756497,4816017,4816018,4815991,4815999,3710842,4682045,4815961,4816019,4814921,4816008,2743210
2026-07-19T14:20:41.852985+00:00,2812625.792700,1,4.714844,4.725098,4.630371,95250,95250,8,4818607,2139625,4816025,4816003,4816012,4816017,2140451,2079395,4816019,4818607,4813603,4816057,2140894
2026-07-19T14:20:42.851456+00:00,2812626.791174,1,4.714844,4.725098,4.630371,95250,95250,8,4800008,4800005,4799997,4800004,4800000,4800008,2608665,1600000,1600000,4785323,4789280,4790206,2571576
2026-07-19T14:20:43.852624+00:00,2812627.792337,1,4.714844,4.725098,4.630371,95125,95125,12,4698474,4698366,4698350,4698354,4698354,4698341,4698323,4698406,4698474,4698366,4698349,4698362,4698341
2026-07-19T14:20:44.860530+00:00,2812628.800247,1,5.058105,4.796387,4.654297,95250,95250,10,4666336,1906225,4666327,4666336,4666325,4666316,4652814,2058766,4666128,4665897,4666325,4666317,4666327
2026-07-19T14:20:45.856600+00:00,2812629.796313,1,5.058105,4.796387,4.654297,95500,95500,12,4682532,4677700,4677699,4677703,4677701,4677722,4670862,4677711,4677695,4677366,4639816,4682532,4677715
2026-07-19T14:20:46.869188+00:00,2812630.808901,1,5.058105,4.796387,4.654297,95500,95500,12,4783893,4766103,4766118,4766106,4766126,4766105,4766164,4766109,4783893,4766278,4773875,4766173,4766019
2026-07-19T14:20:47.856102+00:00,2812631.795816,1,5.058105,4.796387,4.654297,95500,95500,12,4730202,4717159,4717166,4717163,4717161,4717165,4730202,4717163,4718750,4717168,4722575,4713717,4717174
2026-07-19T14:20:48.852787+00:00,2812632.792507,1,5.058105,4.796387,4.654297,95500,95500,12,4788388,4765337,4765350,4765347,4765366,4765343,4765328,4767978,4788388,4746605,4785147,4765968,4788000
2026-07-19T14:20:49.849951+00:00,2812633.789663,1,5.534180,4.899414,4.688477,95375,95375,12,4789974,4770392,4770407,4770399,4770403,4770389,4770393,4770383,4783959,4789974,4787874,4770386,4785186
2026-07-19T14:20:50.856035+00:00,2812634.795747,1,5.534180,4.899414,4.688477,95250,95250,12,4790315,4766724,4766090,4766092,4766096,4766095,4790315,4766053,4765401,4764236,4764825,4766099,4766094
2026-07-19T14:20:51.852790+00:00,2812635.792509,1,5.534180,4.899414,4.688477,95000,95000,10,4766127,1600000,4766113,4766127,4766111,4766127,4766118,4766120,4765395,1600000,4766075,4764635,4766000
2026-07-19T14:20:52.853635+00:00,2812636.793357,1,5.534180,4.899414,4.688477,94750,94750,6,4803621,4803600,4803621,4803614,4803611,4803570,1918628,4350000,4798457,1600000,1600000,1600000,2028280
2026-07-19T14:20:53.853236+00:00,2812637.792953,1,5.534180,4.899414,4.688477,94375,94375,8,4811163,4798584,4798593,4798514,4798547,4798588,1925372,4799015,4811163,1600000,1600000,4798348,1600000
2026-07-19T14:20:54.850409+00:00,2812638.790122,1,5.491211,4.901367,4.690430,94125,94125,8,4815126,4805851,4805849,4805836,4805809,4805855,1919093,1600000,4802724,4814758,1600000,4815126,1925153
2026-07-19T14:20:55.853058+00:00,2812639.792774,1,5.491211,4.901367,4.690430,93875,93875,9,4803496,4803490,4803481,4803496,4803487,4803490,1916013,4350000,4798310,4792211,4792720,4791746,1919528
2026-07-19T14:20:56.864601+00:00,2812640.804314,1,5.491211,4.901367,4.690430,94250,94250,10,4732784,4732784,4718683,4718692,4718661,4718675,2883125,4718518,4721220,4718662,4718677,4717374,4333902
2026-07-19T14:20:57.856566+00:00,2812641.796278,1,5.491211,4.901367,4.690430,94750,94750,12,4786738,4738813,4738806,4738796,4738806,4738796,4738804,4738789,4717477,4738808,4764229,4786738,4719090
2026-07-19T14:20:58.853670+00:00,2812642.793388,1,5.491211,4.901367,4.690430,95125,95125,9,4734028,1892571,4734028,4734013,4734017,4734017,4722644,1885828,4655156,1600000,4734012,4724913,4734000
2026-07-19T14:20:59.852322+00:00,2812643.792036,1,5.532227,4.919922,4.697754,95250,95250,10,4810644,4766911,4775818,4775817,4775832,4775814,2072562,4775810,4810644,4775824,4765552,4775809,1906388
2026-07-19T14:21:00.849938+00:00,2812644.789649,1,5.532227,4.919922,4.697754,95000,95000,8,4802423,1924725,4796098,4796077,4796072,4796100,4796091,1919014,4799017,4788476,1600000,1600000,4802423
2026-07-19T14:21:01.852872+00:00,2812645.792588,1,5.532227,4.919922,4.697754,94625,94625,7,4791108,1917201,4791091,4791098,4791101,4791094,4791088,1917526,4788588,1600000,1600000,1600000,4791108
2026-07-19T14:21:02.853425+00:00,2812646.793141,1,5.532227,4.919922,4.697754,94125,94125,8,4814411,2128861,4788607,4788594,4788605,4788597,4788456,2128813,4791112,1600000,4793709,4814411,1600000
2026-07-19T14:21:03.850603+00:00,2812647.790319,1,5.532227,4.919922,4.697754,93750,93750,9,4791174,2127650,4791109,4791103,4791096,4791100,4791102,1959601,4790294,4788249,4791174,1600000,4791074
2026-07-19T14:21:04.850168+00:00,2812648.789880,1,5.489258,4.921387,4.699707,93500,93500,10,4793301,2106128,4791100,4791100,4791094,4791084,4791100,2128788,4793301,4790692,4790268,4790473,4793122
2026-07-19T14:21:05.860638+00:00,2812649.800355,1,5.489258,4.921387,4.699707,93250,93250,9,4791111,1921400,4791100,4791088,4791098,4791106,4791111,1600000,4789443,4787711,1600000,4787729,4791090
2026-07-19T14:21:06.853013+00:00,2812650.792729,1,5.489258,4.921387,4.699707,93125,93125,10,4807496,1915790,4791096,4791092,4791101,4791086,4791093,1916135,4807496,4791463,4792660,4789656,4791099
2026-07-19T14:21:07.852920+00:00,2812651.792637,1,5.489258,4.921387,4.699707,93000,93000,8,4792050,1915556,4791076,4791087,4791085,4791099,4791104,1600000,4792050,1600000,4789189,4788836,1600000
2026-07-19T14:21:08.852916+00:00,2812652.792632,1,5.489258,4.921387,4.699707,93000,93000,9,4792199,1915683,4791094,4791093,4791090,4791107,4791092,1916072,1600000,4788589,4790959,4792199,4785867
2026-07-19T14:21:09.853055+00:00,2812653.792765,1,5.449707,4.922852,4.701660,92875,92875,10,4791091,2737027,4791083,4791091,4791079,4791075,4791078,2294648,4791091,4789957,4790585,4790650,4790282
2026-07-19T14:21:10.857535+00:00,2812654.797252,1,5.449707,4.922852,4.701660,92750,92750,8,4812951,1600000,4792109,4792184,4792110,4792132,4792123,1600000,1600000,4812951,4790443,1600000,4791763
2026-07-19T14:21:11.852747+00:00,2812655.792460,1,5.449707,4.922852,4.701660,94125,94125,12,4713852,4695402,4695419,4695422,4695412,4695413,4696972,4713852,4690724,4700896,4695408,4695412,4695423
2026-07-19T14:21:12.850727+00:00,2812656.790447,1,5.449707,4.922852,4.701660,94875,94875,8,4642156,2056368,4611244,4611226,4611236,4611244,2047278,2050545,4611234,4620057,4642156,4611221,2060521
2026-07-19T14:21:13.850309+00:00,2812657.790023,1,5.449707,4.922852,4.701660,95250,95250,8,4784043,1912307,4780715,4780713,4780703,4780729,2127657,1918873,4780715,4784043,4765590,4780711,2118359
2026-07-19T14:21:14.868608+00:00,2812658.808321,1,5.654297,4.974121,4.719727,95375,95375,11,4641898,4447219,4641867,4641898,4641871,4641885,4641892,3845081,4641896,4640025,4641882,4610803,4641872
2026-07-19T14:21:15.850823+00:00,2812659.790540,1,5.654297,4.974121,4.719727,95500,95500,10,4776059,4705664,4705644,4705672,4705687,4705465,1917865,4776059,4705658,4774744,4687313,4663294,1917256
2026-07-19T14:21:16.852974+00:00,2812660.792694,1,5.654297,4.974121,4.719727,95625,95625,9,4797650,4797650,4666038,4666049,4665992,4666057,1857304,4666042,4666055,4688421,1600000,4652217,1600000
2026-07-19T14:21:17.853805+00:00,2812661.793520,1,5.654297,4.974121,4.719727,95750,95750,8,4704401,4688898,4688890,4688911,4688907,4688911,1871118,1600000,4688901,4704401,1600000,4683555,1600000
2026-07-19T14:21:18.859526+00:00,2812662.799237,1,5.654297,4.974121,4.719727,95625,95625,12,4598822,4598809,4598797,4598788,4598799,4598801,4598822,4598803,4598821,4598792,4598794,4592260,4598812
2026-07-19T14:21:19.853048+00:00,2812663.792764,1,5.922363,5.041016,4.743164,95625,95625,9,4688803,4666473,4666481,4666481,4666478,4666485,1868185,1600000,4666474,4663101,4666466,4688803,1869893
2026-07-19T14:21:20.852952+00:00,2812664.792670,1,5.922363,5.041016,4.743164,95750,95750,9,4741414,1600000,4716390,4716377,4716392,4716369,4716379,1913023,4716378,4739828,1600000,4741414,4707382
2026-07-19T14:21:21.853305+00:00,2812665.793023,1,5.922363,5.041016,4.743164,95750,95750,9,4801176,4791094,4791097,4791096,4791093,4791090,1916531,4801176,1600000,4788658,4790591,4790810,1938920
2026-07-19T14:21:22.852877+00:00,2812666.792594,1,5.922363,5.041016,4.743164,95250,95250,7,4791262,1600000,4791098,4791104,4791087,4791095,4791095,1916102,1600000,4789053,4791262,1600000,1600000
2026-07-19T14:21:23.853689+00:00,2812667.793402,1,5.922363,5.041016,4.743164,94875,94875,7,4819662,1918607,4786421,4786426,4786430,4786430,1892509,2389464,4819662,4816073,1600000,4816045,1914816
2026-07-19T14:21:24.853329+00:00,2812668.793045,1,5.848145,5.040039,4.744629,94375,94375,6,4784104,1915861,4784099,4784092,4784093,4784097,4784104,1600000,1600000,4782675,1600000,1600000,1600000
2026-07-19T14:21:25.864986+00:00,2812669.804703,1,5.848145,5.040039,4.744629,94000,94000,8,4791737,1915274,4790519,4790530,4790525,4790526,4790526,1600000,4788504,4791737,1600000,4789614,1600000
2026-07-19T14:21:26.852960+00:00,2812670.792685,1,5.848145,5.040039,4.744629,93750,93750,9,4803481,1920749,4796680,4796693,4796668,4796737,4803481,1914789,4791167,1600000,4790830,4790458,4796719
2026-07-19T14:21:27.853387+00:00,2812671.793104,1,5.848145,5.040039,4.744629,93375,93375,7,4791871,1915634,4791101,4791085,4791097,4791095,4791089,1600000,2200000,4790087,1600000,1600000,4791871
2026-07-19T14:21:28.850031+00:00,2812672.789748,1,5.848145,5.040039,4.744629,93125,93125,8,4793541,1917644,4788614,4788635,4788631,4788639,4788496,1915921,1600000,1600000,4790424,4788853,4793541
2026-07-19T14:21:29.852646+00:00,2812673.792356,1,5.779785,5.039062,4.746094,93000,93000,7,4802531,1920121,4791109,4791111,4791105,4791087,4791106,1600000,1600000,4795273,1600000,4802531,1600000
2026-07-19T14:21:30.852784+00:00,2812674.792496,1,5.779785,5.039062,4.746094,92750,92750,7,4792348,1915701,4788631,4788636,4788635,4788625,4788620,1915792,1600000,4790118,1600000,4792348,1600000
2026-07-19T14:21:31.855799+00:00,2812675.795517,1,5.779785,5.039062,4.746094,92625,92625,9,4810373,1916291,4789953,4789967,4789972,4789965,4790288,1600000,4794581,4790414,4810373,1600000,4788674
2026-07-19T14:21:32.857785+00:00,2812676.797502,1,5.779785,5.039062,4.746094,93375,93375,10,4794331,2128940,4791109,4791095,4791104,4791092,4791100,2734435,4786060,4794331,4789508,4790008,4793793
2026-07-19T14:21:33.852666+00:00,2812677.792376,1,5.779785,5.039062,4.746094,93250,93250,8,4791168,1916104,4787200,4787211,4787214,4787221,4787198,1916454,4785509,4790447,1600000,1600000,4791168
2026-07-19T14:21:34.853124+00:00,2812678.792836,1,5.717285,5.038086,4.747559,93125,93125,8,4792521,1915701,4789671,4789668,4789657,4789666,4789738,1919171,4789099,4790109,4792521,1600000,1600000
2026-07-19T14:21:35.852707+00:00,2812679.792418,1,5.717285,5.038086,4.747559,93500,93500,10,4791107,1915971,4791106,4791097,4791096,4791086,4791107,1600000,4787041,4790676,4787669,4790621,4790827
2026-07-19T14:21:36.852570+00:00,2812680.792280,1,5.717285,5.038086,4.747559,93250,93250,9,4812750,1600000,4795310,4795310,4795296,4795308,4795310,1600000,4797842,4805872,1600000,4812648,4812750
2026-07-19T14:21:37.853149+00:00,2812681.792864,1,5.717285,5.038086,4.747559,93000,93000,7,4794422,1917497,4792813,4792879,4792874,4792825,4792884,1600000,4790824,1600000,1600000,1600000,4794422
2026-07-19T14:21:38.857582+00:00,2812682.797300,1,5.717285,5.038086,4.747559,92875,92875,8,4795436,1600000,4791671,4791670,4791679,4791679,4791673,1600000,1600000,4795436,4788382,4792062,1600000
2026-07-19T14:21:39.849958+00:00,2812683.789676,1,5.740234,5.054199,4.754395,93000,93000,9,4794358,1914805,4791079,4791087,4791079,4791082,4791088,1915876,1600000,4789681,4787885,4793424,4794358
2026-07-19T14:21:40.853213+00:00,2812684.792929,1,5.740234,5.054199,4.754395,93000,93000,8,4791101,1915875,4791101,4791095,4791094,4791101,4791096,1915896,1600000,1600000,4790321,4787318,4790891
2026-07-19T14:21:41.853112+00:00,2812685.792828,1,5.740234,5.054199,4.754395,93000,93000,6,4791101,1915081,4791099,4791098,4791091,4791094,1600000,1600000,1600000,4791101,1600000,4789464,2628697
2026-07-19T14:21:42.857203+00:00,2812686.796919,1,5.740234,5.054199,4.754395,94125,94125,8,4791098,1915696,4791095,4791082,4791098,4791090,4791084,1600000,4789189,4789989,1600000,1600000,4790720
2026-07-19T14:21:43.856976+00:00,2812687.796695,1,5.740234,5.054199,4.754395,93750,93750,8,4791143,1915297,4791102,4791093,4791088,4791104,4791093,1600000,4789739,4791143,1600000,1600000,4791097
2026-07-19T14:21:44.852838+00:00,2812688.792556,1,5.680664,5.053223,4.755859,93500,93500,10,4791105,1916103,4791105,4791089,4791094,4791092,4791090,1600000,4790451,4788154,4790119,4791023,4790848
2026-07-19T14:21:45.852843+00:00,2812689.792560,1,5.680664,5.053223,4.755859,93375,93375,9,4791703,1600000,4791092,4791095,4791102,4791088,4791101,1600000,4790507,4790328,4789964,4791703,1600000
2026-07-19T14:21:46.853272+00:00,2812690.792989,1,5.680664,5.053223,4.755859,93250,93250,10,4808618,4795886,4795864,4795865,4795872,4795880,1915494,4791269,4808618,4789710,4792187,4795198,1600000
2026-07-19T14:21:47.853082+00:00,2812691.792799,1,5.680664,5.053223,4.755859,93500,93500,8,4770842,4766229,4766231,4766227,4766231,4766231,1914144,4350000,4767746,4770842,1600000,4769171,1907612
2026-07-19T14:21:48.858534+00:00,2812692.798253,1,5.680664,5.053223,4.755859,93750,93750,9,4814332,4796487,4796503,4796503,4796487,4796489,1924883,4791068,1600000,4814332,4791918,4789164,1918197
2026-07-19T14:21:49.853370+00:00,2812693.793087,1,5.625977,5.052246,4.757324,93750,93750,10,4813968,4791087,4791110,4791092,4791091,4791102,1915885,4802980,4813445,4790699,4813968,4788698,1915746
2026-07-19T14:21:50.860173+00:00,2812694.799890,1,5.625977,5.052246,4.757324,93875,93875,8,4799702,1919734,4795462,4795464,4795463,4795471,4799702,1600000,4794332,4793987,1600000,1600000,4795468
2026-07-19T14:21:51.860149+00:00,2812695.799865,1,5.625977,5.052246,4.757324,93625,93625,7,4791102,1915692,4791101,4791097,4791091,4791102,4788997,1913634,4790854,1600000,1600000,1600000,4791100
2026-07-19T14:21:52.856317+00:00,2812696.796039,1,5.625977,5.052246,4.757324,93375,93375,8,4791101,1600000,4791094,4791086,4791091,4791101,2200000,1600000,4791052,4791042,4790428,1600000,4791100
2026-07-19T14:21:53.853110+00:00,2812697.792828,1,5.625977,5.052246,4.757324,93375,93375,9,4811631,4791089,4791097,4791088,4791100,4791078,1600000,4350000,4790661,4795010,4811631,4794401,2078016
2026-07-19T14:21:54.853094+00:00,2812698.792813,1,5.575684,5.051270,4.758789,93625,93625,10,4792557,4792557,4792547,4792540,4792542,4792548,1917345,4788927,4789971,4790547,4774385,4787583,1921996
2026-07-19T14:21:55.853457+00:00,2812699.793174,1,5.575684,5.051270,4.758789,93625,93625,7,4793710,4787449,4787438,4787429,4787504,4787442,1600000,4350000,1600000,2200000,4793710,4790308,1916289
2026-07-19T14:21:56.853078+00:00,2812700.792796,1,5.575684,5.051270,4.758789,93625,93625,7,4803199,4789796,4789806,4789795,4789797,4789796,1917558,1600000,4793399,1600000,1600000,4803199,1916579
2026-07-19T14:21:57.857470+00:00,2812701.797188,1,5.575684,5.051270,4.758789,93625,93625,9,4802184,4797455,4797464,4797463,4797463,4797467,1919694,1600000,4795918,4802184,4795233,4796735,1918676
2026-07-19T14:21:58.852790+00:00,2812702.792508,1,5.575684,5.051270,4.758789,93500,93500,9,4792007,1600000,4791097,4791097,4791092,4791085,4791096,2128731,1600000,4792007,4788472,4789742,4790234
2026-07-19T14:21:59.884583+00:00,2812703.824300,1,5.529297,5.050293,4.760254,93375,93375,7,4792514,1915613,4791085,4791102,4791086,4791109,4790306,1600000,4792514,1600000,1600000,1600000,4791095
2026-07-19T14:22:00.853071+00:00,2812704.792789,1,5.529297,5.050293,4.760254,93375,93375,9,4802086,4797727,4797743,4797733,4797734,4797743,1924098,2310371,4789847,4802086,4789689,4794385,1921857
2026-07-19T14:22:01.853565+00:00,2812705.793283,1,5.529297,5.050293,4.760254,93500,93500,8,4799753,4792944,4792940,4792948,4792950,4792940,1942401,4350000,4798722,4791654,1600000,4799753,1964678
2026-07-19T14:22:02.853180+00:00,2812706.792898,1,5.529297,5.050293,4.760254,93625,93625,9,4805081,4790200,4798574,4798572,4798571,4798577,1930074,4798581,4803408,4805081,1600000,4792483,2139407
2026-07-19T14:22:03.853064+00:00,2812707.792782,1,5.529297,5.050293,4.760254,93625,93625,10,4809721,4799465,4791085,4791088,4791096,4791094,1911946,4791092,4802509,4801259,4787148,4809721,1915238
2026-07-19T14:22:04.853592+00:00,2812708.793310,1,5.567383,5.066406,4.767090,94000,94000,9,4814827,4805951,4803147,4803139,4803146,4803140,1915919,4803143,1600000,4795982,4790868,4814827,1916389
2026-07-19T14:22:05.853233+00:00,2812709.792951,1,5.567383,5.066406,4.767090,94000,94000,9,4791106,1600000,4791100,4791099,4791103,4791103,4791106,1600000,4790799,4783064,1600000,4790075,4789556
2026-07-19T14:22:06.852796+00:00,2812710.792508,1,5.567383,5.066406,4.767090,93750,93750,10,4790812,1916185,4780944,4780958,4780952,4780949,4780952,1916109,4788907,4787338,4780944,4790812,4789281
2026-07-19T14:22:07.852803+00:00,2812711.792519,1,5.567383,5.066406,4.767090,93625,93625,7,4791103,1915750,4791103,4791087,4791087,4791092,4791092,1600000,1600000,4788518,1600000,1600000,4789918
2026-07-19T14:22:08.868832+00:00,2812712.808548,1,5.567383,5.066406,4.767090,93375,93375,7,4791109,1916078,4791103,4791109,4791100,4791098,4788551,1600000,4790658,1600000,1600000,1600000,4791094
2026-07-19T14:22:09.849716+00:00,2812713.789428,1,5.602051,5.082031,4.773926,93125,93125,10,4793082,2965157,4790973,4790973,4790971,4790975,4790978,4220877,4788056,4789476,4793082,4790964,4792941
2026-07-19T14:22:10.853010+00:00,2812714.792727,1,5.602051,5.082031,4.773926,93750,93750,7,4813276,1600000,4791136,4791120,4791124,4791118,1915125,4791128,4813276,4791294,1600000,1600000,1916291
2026-07-19T14:22:11.853287+00:00,2812715.793004,1,5.602051,5.082031,4.773926,93875,93875,10,4803586,4789166,4803586,4803577,4803582,4803572,2125607,4803573,4790988,4791965,4793130,4797485,1923337
2026-07-19T14:22:12.853076+00:00,2812716.792794,1,5.602051,5.082031,4.773926,93750,93750,8,4791063,4791055,4791057,4791052,4791050,4791063,1915718,1600000,4789474,4787155,4789992,1600000,1915032
2026-07-19T14:22:13.852843+00:00,2812717.792560,1,5.602051,5.082031,4.773926,93500,93500,9,4796031,2069440,4791107,4791100,4791094,4791096,4791095,1600000,4792264,4792117,1600000,4791015,4796031
2026-07-19T14:22:14.852808+00:00,2812718.792525,1,5.553711,5.080566,4.775391,93375,93375,9,4791107,2061155,4791088,4791089,4791104,4791107,4791087,1600000,4790296,4791079,4789967,1600000,4790252
2026-07-19T14:22:15.852941+00:00,2812719.792658,1,5.553711,5.080566,4.775391,93250,93250,10,4791099,1916379,4791099,4791098,4791084,4791099,4791088,1915897,4791091,4790199,4789007,4789797,4791057
2026-07-19T14:22:16.852869+00:00,2812720.792586,1,5.553711,5.080566,4.775391,93250,93250,10,4791097,1914254,4791096,4791094,4791097,4791096,4791092,1915803,4790224,4775224,4790014,4787817,4790190
2026-07-19T14:22:17.852793+00:00,2812721.792511,1,5.553711,5.080566,4.775391,93250,93250,9,4801928,1915881,4791108,4791091,4791099,4791106,4791097,1914261,4786490,4789604,4801928,1600000,4782364
2026-07-19T14:22:18.853005+00:00,2812722.792723,1,5.553711,5.080566,4.775391,93250,93250,9,4794894,1916850,4791067,4791059,4791055,4791063,4791051,1916050,1600000,4794894,4774447,4789879,4791924
2026-07-19T14:22:19.852820+00:00,2812723.792539,1,5.509277,5.079102,4.776855,93125,93125,9,4791104,1915859,4791085,4791104,4791084,4791095,4791094,1916658,1600000,4787888,4788642,4788784,4790283
2026-07-19T14:22:20.852694+00:00,2812724.792407,1,5.509277,5.079102,4.776855,93250,93250,12,4715859,4715808,4715801,4715785,4715816,4715790,4715859,4715772,4715810,4715770,4715794,4715804,4715707
2026-07-19T14:22:21.853050+00:00,2812725.792767,1,5.509277,5.079102,4.776855,93625,93625,8,4791032,1915849,4791032,4791018,4791020,4791012,4791012,1915914,4787713,4790236,1600000,4789391,1600000
2026-07-19T14:22:22.852805+00:00,2812726.792522,1,5.509277,5.079102,4.776855,93500,93500,8,4791767,1915777,4791092,4791093,4791094,4791098,4791101,1915034,4788694,4791767,1600000,1600000,4789308
2026-07-19T14:22:23.860733+00:00,2812727.800450,1,5.509277,5.079102,4.776855,93375,93375,9,4791113,1915839,4791113,4791093,4791103,4791098,1600000,1912344,4790269,4791006,4791102,4790013,4791103
2026-07-19T14:22:24.868705+00:00,2812728.808422,1,5.548828,5.094727,4.783691,93125,93125,9,4791101,1915772,4791090,4791089,4791096,4791101,4789775,1600000,4790646,4787709,1600000,4790740,4791097
2026-07-19T14:22:25.850320+00:00,2812729.790039,1,5.548828,5.094727,4.783691,93125,93125,6,4791107,1916035,4791107,4791095,4791101,4791103,4791098,1915474,1600000,4790259,1600000,1600000,1600000
2026-07-19T14:22:26.853215+00:00,2812730.792928,1,5.548828,5.094727,4.783691,93500,93500,8,4808246,1922383,4795794,4795789,4795775,4795786,1940432,1600000,4795777,4807118,4796858,4808246,1916141
2026-07-19T14:22:27.850753+00:00,2812731.790470,1,5.548828,5.094727,4.783691,93625,93625,10,4800964,4800554,4800568,4800565,4800567,4800568,1960484,4795630,4796934,4800964,4790806,4791838,1918368
2026-07-19T14:22:28.850420+00:00,2812732.790136,1,5.548828,5.094727,4.783691,93500,93500,8,4821048,1927003,4815627,4815627,4815624,4815628,2009790,1927839,4821048,4817783,4819279,4820232,2343504
2026-07-19T14:22:29.850386+00:00,2812733.790103,1,5.424316,5.076172,4.779297,93125,93125,7,4841576,1600000,4808427,4808518,4808522,4808520,1600000,1928418,4841576,4837274,1600000,4831647,1934710
2026-07-19T14:22:30.850804+00:00,2812734.790520,1,5.424316,5.076172,4.779297,92750,92750,6,4821181,1600000,4821164,4821179,4821175,4821181,1925768,1600000,1600000,4818406,4817014,1600000,1926182
2026-07-19T14:22:31.850476+00:00,2812735.790192,1,5.424316,5.076172,4.779297,92500,92500,8,4840863,1929679,4815999,4816007,4815995,4816011,1600000,1935795,4830706,4840863,4822753,4837246,1933082
2026-07-19T14:22:32.850559+00:00,2812736.790275,1,5.424316,5.076172,4.779297,92250,92250,7,4839268,1925946,4821066,4821064,4821063,4821067,1600000,1600000,4813122,4837089,1600000,4839268,1920861
2026-07-19T14:22:33.853294+00:00,2812737.793011,1,5.424316,5.076172,4.779297,92375,92375,6,4827143,1925565,4815990,4815980,4815991,4815990,1600000,1929486,1600000,4824779,1600000,4827143,1926574
2026-07-19T14:22:34.850513+00:00,2812738.790228,1,5.390137,5.074707,4.780762,92375,92375,6,4841537,1934709,4823766,4823761,4823756,4823749,2040592,1600000,1600000,4841537,1600000,4840999,1933986
2026-07-19T14:22:35.850482+00:00,2812739.790199,1,5.390137,5.074707,4.780762,92250,92250,7,4839879,1925488,4821011,4821009,4821008,4820999,1932715,1927664,1600000,4831293,4820239,4839879,1926327
2026-07-19T14:22:36.850908+00:00,2812740.790626,1,5.390137,5.074707,4.780762,92125,92125,7,4824830,1968686,4810528,4810513,4810522,4810518,1600000,1927535,4815830,4818828,1600000,4824830,1926780
2026-07-19T14:22:37.850561+00:00,2812741.790277,1,5.390137,5.074707,4.780762,91875,91875,8,4820994,1910488,4820978,4820994,4820973,4820990,1935076,1910119,4792603,4793369,4801024,4776325,1908113
2026-07-19T14:22:38.850634+00:00,2812742.790349,1,5.390137,5.074707,4.780762,91875,91875,7,4831687,1925620,4820960,4820948,4820960,4820956,1931642,1929566,4813528,4815971,1600000,4831687,1925877
2026-07-19T14:22:39.851033+00:00,2812743.790750,1,5.358887,5.073242,4.782227,91875,91875,8,4842887,1934629,4816026,4816022,4816033,4816026,1600000,1929976,4826263,4822312,4807661,4842887,1927808
2026-07-19T14:22:40.849824+00:00,2812744.789537,1,5.358887,5.073242,4.782227,92000,92000,8,4816062,1926005,4816050,4816044,4816052,4816055,4816062,1923778,4816038,4815016,1600000,4814339,4211420
2026-07-19T14:22:41.850663+00:00,2812745.790379,1,5.358887,5.073242,4.782227,91875,91875,6,4843009,1993037,4822007,4822011,4822016,4822004,1933683,2147868,4843009,4839737,1600000,1600000,1933617
2026-07-19T14:22:42.853456+00:00,2812746.793175,1,5.358887,5.073242,4.782227,91875,91875,7,4840980,1927506,4809582,4809587,4809568,4809574,1930423,1600000,1600000,4840980,4827977,4824156,1926179
2026-07-19T14:22:43.850978+00:00,2812747.790693,1,5.358887,5.073242,4.782227,91875,91875,8,4836986,1926806,4822316,4822363,4822369,4822351,1931796,1929304,4816133,4822360,4822237,4836986,1920019
2026-07-19T14:22:44.850378+00:00,2812748.790093,1,5.570801,5.122070,4.799805,91750,91750,5,4824729,1931302,4824721,4824728,4824720,4824729,1926436,1927086,1600000,4816098,1600000,1600000,1981399
2026-07-19T14:22:45.851108+00:00,2812749.790824,1,5.570801,5.122070,4.799805,91625,91625,5,4823485,1935304,4816045,4816060,4816046,4816053,2144954,1926165,1600000,4823485,1600000,1600000,1600000
2026-07-19T14:22:46.850679+00:00,2812750.790395,1,5.570801,5.122070,4.799805,91500,91500,5,4822044,1934044,4822034,4822044,4822026,4822022,1935787,1926514,1600000,4817078,1600000,1600000,1600000
2026-07-19T14:22:47.850417+00:00,2812751.790134,1,5.570801,5.122070,4.799805,91375,91375,5,4837209,1935067,4814421,4814419,4814415,4814420,1935933,1926645,1600000,4837209,1600000,1600000,1934110
2026-07-19T14:22:48.851156+00:00,2812752.790874,1,5.570801,5.122070,4.799805,91375,91375,7,4840087,1932105,4821045,4821036,4821031,4821038,3708285,1904269,4814627,4840087,4819725,1600000,2697002
2026-07-19T14:22:49.850725+00:00,2812753.790445,1,5.524902,5.119629,4.801270,91375,91375,7,4840204,1935461,4816028,4816040,4816022,4816032,1931050,1933671,1600000,4837643,4840204,4839673,1600000
2026-07-19T14:22:50.850348+00:00,2812754.790064,1,5.524902,5.119629,4.801270,91375,91375,7,4843164,1931016,4816010,4816015,4816015,4816020,1600000,1931529,4841378,4843164,4816486,1600000,1600000
2026-07-19T14:22:51.850442+00:00,2812755.790159,1,5.524902,5.119629,4.801270,91625,91625,8,4840271,1925269,4835512,4835511,4835505,4835501,1936337,1924180,4840271,4834565,4823839,4816831,1600000
2026-07-19T14:22:52.850855+00:00,2812756.790571,1,5.524902,5.119629,4.801270,91500,91500,6,4821417,1936080,4821414,4821402,4821395,4821417,1600000,1925655,1600000,4817954,1600000,4820568,1926486
2026-07-19T14:22:53.850485+00:00,2812757.790201,1,5.524902,5.119629,4.801270,91500,91500,8,4816060,1926290,4816055,4816056,4816051,4816060,1925699,1924882,4816045,4815147,4804214,4762464,1925349
2026-07-19T14:22:54.850392+00:00,2812758.790109,1,5.402344,5.100586,4.796875,91625,91625,8,4840541,1935917,4815994,4815999,4816006,4816009,1600000,1600000,4792918,4821059,4840541,4839791,1600000
2026-07-19T14:22:55.850869+00:00,2812759.790585,1,5.402344,5.100586,4.796875,91500,91500,7,4841080,1931482,4821008,4821005,4821008,4821003,1922240,1600000,4818840,1600000,4817400,4841080,1600000
2026-07-19T14:22:56.850574+00:00,2812760.790291,1,5.402344,5.100586,4.796875,91375,91375,8,4838686,1930881,4823535,4823548,4823533,4823545,1932538,1926146,4818034,4814268,4838686,4816611,2055508
2026-07-19T14:22:57.850257+00:00,2812761.789973,1,5.402344,5.100586,4.796875,91250,91250,8,4842441,2149696,4821119,4821124,4821127,4821129,2050981,1928278,4842441,4826407,4831023,4823064,2150387
2026-07-19T14:22:58.850899+00:00,2812762.790616,1,5.402344,5.100586,4.796875,91250,91250,6,4837427,1734663,4820993,4821004,4820995,4820998,2200000,1600000,4807613,4837427,1600000,1600000,2149051
2026-07-19T14:22:59.850581+00:00,2812763.790300,1,5.290039,5.082031,4.792480,91500,91500,8,4817876,1941791,4798589,4798581,4798578,4798582,1600000,1916067,4814727,4817876,4815950,4812811,2131345
2026-07-19T14:23:00.852547+00:00,2812764.792256,1,5.290039,5.082031,4.792480,91500,91500,8,4820999,2140449,4816041,4816055,4816049,4816044,2140394,2140432,4815199,4816026,4816104,4820999,2140432
2026-07-19T14:23:01.854873+00:00,2812765.794588,1,5.290039,5.082031,4.792480,91500,91500,8,4836953,2097730,4816048,4816058,4816050,4816037,2032942,2150191,4836573,4749952,4824218,4836953,1931748
2026-07-19T14:23:02.850575+00:00,2812766.790290,1,5.290039,5.082031,4.792480,91250,91250,8,4846561,1929194,4816036,4816031,4816034,4816049,1927811,1965937,4846561,4769370,4832288,4828177,1936478
2026-07-19T14:23:03.850433+00:00,2812767.790148,1,5.290039,5.082031,4.792480,91000,91000,6,4823525,2140078,4823507,4823525,4823515,4823507,1934028,1901971,4462433,4813280,1600000,1600000,1926077
2026-07-19T14:23:04.850392+00:00,2812768.790110,1,5.266602,5.080566,4.793945,91000,91000,10,4842141,4840137,4816794,4816721,4816784,4816788,1933868,4816799,4832414,4842141,4837361,4842025,1930781
2026-07-19T14:23:05.850618+00:00,2812769.790333,1,5.266602,5.080566,4.793945,91250,91250,6,4841931,1935699,4816045,4816042,4816034,4816050,1600000,1600000,4817862,4841931,1600000,1600000,1934576
2026-07-19T14:23:06.850676+00:00,2812770.790392,1,5.266602,5.080566,4.793945,91125,91125,7,4837468,1931620,4822025,4822037,4822037,4822032,2103566,1600000,4815188,4837468,4836345,2200000,2039546
2026-07-19T14:23:07.852290+00:00,2812771.792018,1,5.266602,5.080566,4.793945,91250,91250,6,4837117,1926807,4819965,4819963,4819954,4819956,3351694,1600000,4837117,4815354,1600000,1600000,2993805
2026-07-19T14:23:08.849987+00:00,2812772.789702,1,5.266602,5.080566,4.793945,91125,91125,6,4839295,2064698,4832182,4832183,4832183,4832195,1974967,1925962,4837452,4839295,1600000,1600000,2095482
2026-07-19T14:23:09.850437+00:00,2812773.790154,1,5.245117,5.079102,4.795410,91125,91125,6,4841972,1935359,4816031,4816035,4816031,4815955,1934431,1600000,4841972,4840326,1600000,1600000,1600000
2026-07-19T14:23:10.850469+00:00,2812774.790185,1,5.245117,5.079102,4.795410,91625,91625,7,4840261,1928564,4816018,4815927,4815961,4816036,1600000,1600000,4826106,4824871,1600000,4840261,1928846
2026-07-19T14:23:11.850720+00:00,2812775.790436,1,5.245117,5.079102,4.795410,91500,91500,8,4844974,1933927,4823257,4823476,4823490,4823475,1600000,1600000,4833808,4841364,4844974,4835504,1600000
2026-07-19T14:23:12.850448+00:00,2812776.790165,1,5.245117,5.079102,4.795410,91250,91250,8,4841324,1944502,4831924,4831912,4831919,4831916,1932667,4350000,4833123,4837923,4841324,4821393,1932438
2026-07-19T14:23:13.850466+00:00,2812777.790182,1,5.245117,5.079102,4.795410,91000,91000,6,4824529,1935363,4821001,4821010,4820999,4821006,1600000,1600000,4730075,4824529,1600000,1600000,1925805
2026-07-19T14:23:14.850727+00:00,2812778.790441,1,5.145020,5.061035,4.791016,90875,90875,7,4840873,1926889,4829227,4829224,4829220,4829207,1933477,1600000,4840873,4837420,4819009,4350000,1934293
2026-07-19T14:23:15.850519+00:00,2812779.790234,1,5.145020,5.061035,4.791016,91375,91375,6,4839728,1935312,4830392,4830331,4830399,4830389,1927743,1600000,1600000,4819202,1600000,4839728,1930842
2026-07-19T14:23:16.850350+00:00,2812780.790066,1,5.145020,5.061035,4.791016,91250,91250,6,4828829,1925967,4821019,4821030,4821033,4821027,1600000,1929055,4828829,4815676,1600000,1600000,1600000
2026-07-19T14:23:17.850780+00:00,2812781.790494,1,5.145020,5.061035,4.791016,91000,91000,7,4834834,1932448,4825651,4825645,4825646,4825655,1927835,1933105,4823542,4834834,1600000,4825611,1600000
2026-07-19T14:23:18.850499+00:00,2812782.790215,1,5.145020,5.061035,4.791016,90875,90875,6,4834018,1932153,4823231,4823224,4823223,4823228,1925241,1600000,4831444,4834018,1600000,1600000,1929097
2026-07-19T14:23:19.850524+00:00,2812783.790240,1,5.133301,5.059570,4.792480,90875,90875,8,4839783,1930389,4818277,4818271,4818290,4818267,1934337,1600000,4828599,4839783,4824757,4830763,1600000
2026-07-19T14:23:20.850892+00:00,2812784.790607,1,5.133301,5.059570,4.792480,90875,90875,6,4838816,1931648,4828546,4828577,4828537,4828548,1600000,1935400,4829729,1600000,4838816,1600000,1933015
2026-07-19T14:23:21.850521+00:00,2812785.790237,1,5.133301,5.059570,4.792480,90875,90875,5,4840973,1930379,4830999,4831008,4831020,4831003,1600000,1926420,1600000,1600000,4840973,1600000,2100143
